date,open,high,low,close,volume
1993-01-29,24.130409,24.130409,24.010357,24.113258,1003200
1993-02-01,24.130413,24.284765,24.130413,24.284765,480500
1993-02-02,24.267592,24.353343,24.216141,24.336193,201300
1993-02-03,24.370511,24.610614,24.353360,24.593464,529400
1993-02-04,24.679213,24.747814,24.404809,24.696363,531500
1993-02-05,24.679216,24.730667,24.542014,24.679216,492100
1993-02-08,24.679216,24.764968,24.644916,24.679216,596100
1993-02-09,24.593459,24.593459,24.456257,24.507708,122100
1993-02-10,24.507718,24.559169,24.439117,24.542019,379600
1993-02-11,24.576316,24.764969,24.576316,24.662067,19500
1993-02-12,24.627770,24.627770,24.473417,24.473417,42500
1993-02-16,24.404811,24.404811,23.821702,23.856003,374800
1993-02-17,23.856019,23.890320,23.753118,23.838869,210900
1993-02-18,24.113267,24.113267,23.495858,23.821712,378100
1993-02-19,23.821716,23.907467,23.787415,23.907467,34900
1993-02-22,23.976065,24.027516,23.907464,23.993216,513600
1993-02-23,24.061810,24.078961,23.856007,23.976059,373700
1993-02-24,23.993211,24.284765,23.993211,24.284765,26300
1993-02-25,24.267592,24.353343,24.216141,24.336193,44500
1993-02-26,24.387678,24.387678,24.250475,24.370527,66200
1993-03-01,24.456268,24.456268,24.267616,24.301916,66500
1993-03-02,24.319062,24.662067,24.284762,24.662067,182400
1993-03-03,24.696372,24.782123,24.662071,24.764973,280100
1993-03-04,24.799276,24.799276,24.627773,24.627773,89500
1993-03-05,24.662064,24.764965,24.542012,24.559162,40000
1993-03-08,24.610614,25.107971,24.610614,25.107971,50800
1993-03-09,25.056531,25.073681,24.970779,25.022230,169300
1993-03-10,25.022219,25.073669,24.919317,25.073669,194400
1993-03-11,25.090815,25.159416,24.970764,25.005064,70900
1993-03-12,24.799274,24.816425,24.593471,24.747824,643600
1993-03-15,24.730663,24.867865,24.730663,24.867865,310800
1993-03-16,24.867865,24.936466,24.867865,24.867865,30800
1993-03-17,24.833580,24.833580,24.679227,24.713528,21800
1993-03-18,24.816414,24.970766,24.816414,24.867865,59300
1993-03-19,24.968096,24.968096,24.830246,24.830246,66900
1993-03-22,24.588995,24.744077,24.571764,24.692383,183400
1993-03-23,24.761318,24.778550,24.709625,24.744087,55200
1993-03-24,24.709625,24.847475,24.589006,24.744087,37200
1993-03-25,24.761312,24.950856,24.726850,24.899162,110100
1993-03-26,24.881922,24.899153,24.744072,24.761303,101500
1993-03-29,24.778548,24.985323,24.778548,24.864704,87100
1993-03-30,24.899156,24.933619,24.864694,24.933619,56000
1993-03-31,25.002557,25.071482,24.916401,24.916401,111600
1993-04-01,24.950865,24.950865,24.778552,24.830246,129500
1993-04-02,24.623460,24.623460,24.313297,24.313297,59400
1993-04-05,24.502849,24.502849,24.364999,24.433924,172200
1993-04-06,24.485617,24.485617,24.296073,24.364998,129700
1993-04-07,24.399438,24.451132,24.347744,24.451132,28000
1993-04-08,24.554539,24.554539,24.313301,24.416689,180800
1993-04-12,24.657915,24.778534,24.623453,24.761303,348500
1993-04-13,24.744077,24.899158,24.726845,24.813002,146100
1993-04-14,24.830237,24.847468,24.761312,24.778543,119600
1993-04-15,24.761312,24.830237,24.675156,24.778543,148600
1993-04-16,24.795775,24.830237,24.744081,24.778543,47900
1993-04-19,24.778543,24.847468,24.657924,24.675156,157000
1993-04-20,24.640691,24.675154,24.399454,24.554535,279500
1993-04-21,24.606225,24.606225,24.468375,24.537300,67900
1993-04-22,24.433915,24.640690,24.227140,24.227140,97700
1993-04-23,24.175450,24.244375,24.089294,24.123756,106000
1993-04-26,24.140996,24.227153,23.865296,23.934221,62600
1993-04-27,23.899749,24.192680,23.899749,24.192680,156800
1993-04-28,24.158222,24.209916,24.106529,24.140991,85900
1993-04-29,24.192680,24.244373,24.054830,24.244373,85000
1993-04-30,24.330541,24.416697,24.278847,24.278847,88500
1993-05-03,24.313305,24.433924,24.209917,24.433924,80500
1993-05-04,24.485609,24.606227,24.451146,24.520071,149100
1993-05-05,24.520074,24.675155,24.520074,24.588999,109000
1993-05-06,24.554541,24.571773,24.485616,24.502848,54700
1993-05-07,24.520057,24.520057,24.416669,24.451132,68000
1993-05-10,24.485616,24.640698,24.485616,24.502848,113900
1993-05-11,24.502848,24.606236,24.433923,24.606236,42600
1993-05-12,24.502839,24.588995,24.502839,24.571764,31000
1993-05-13,24.468391,24.468391,24.261615,24.278847,129100
1993-05-14,24.278839,24.347764,24.244377,24.261608,63500
1993-05-17,24.330528,24.347759,24.227140,24.347759,34000
1993-05-18,24.364993,24.382224,24.244374,24.330530,105200
1993-05-19,24.330539,24.830246,24.175458,24.830246,50200
1993-05-20,24.830237,24.899162,24.778544,24.899162,98200
1993-05-21,24.916393,24.950856,24.657924,24.675156,221400
1993-05-24,24.726850,24.864700,24.726850,24.778543,30500
1993-05-25,24.881940,24.881940,24.830246,24.830246,191800
1993-05-26,24.899174,25.157643,24.881942,25.140411,102400
1993-05-27,25.174866,25.174866,25.019784,25.054247,53800
1993-05-28,25.037006,25.037006,24.813000,24.933619,79100
1993-06-01,25.019779,25.261016,24.985316,25.174860,28300
1993-06-02,25.105949,25.226568,25.002561,25.140411,20300
1993-06-03,25.088709,25.088709,25.002553,25.054247,21600
1993-06-04,24.985312,24.985312,24.864693,24.968081,32000
1993-06-07,25.019785,25.019785,24.881935,24.881935,121400
1993-06-08,24.813010,24.813010,24.657928,24.657928,104500
1993-06-09,24.744087,24.847475,24.709625,24.744087,43300
1993-06-10,24.726840,24.778534,24.675147,24.761303,17900
1993-06-11,24.847473,24.899167,24.761317,24.864704,647400
1993-06-14,24.899171,24.916402,24.830246,24.830246,64200
1993-06-15,24.864700,24.881931,24.778543,24.778543,142400
1993-06-16,24.778552,24.830246,24.709627,24.830246,330900
1993-06-17,24.881938,24.916401,24.830245,24.916401,37400
1993-06-18,24.902088,24.902088,24.711201,24.711201,58500
1993-06-21,24.780625,24.780625,24.728565,24.763271,29300
1993-06-22,24.797980,24.797980,24.745920,24.780626,137500
1993-06-23,24.780627,24.780627,24.555033,24.555033,227600
1993-06-24,24.624433,24.884733,24.624433,24.884733,243700
1993-06-25,24.867386,24.936799,24.850032,24.867386,44800
1993-06-28,24.988851,25.145031,24.954144,25.145031,439900
1993-06-29,25.110346,25.110346,24.988872,25.023579,207500
1993-06-30,25.058285,25.110346,24.988872,25.023579,437600
1993-07-01,25.058271,25.058271,24.919444,24.954151,605700
1993-07-02,24.867387,24.884740,24.728560,24.815327,285400
1993-07-06,24.780627,24.850040,24.520326,24.555033,246400
1993-07-07,24.537663,24.659136,24.537663,24.624430,343700
1993-07-08,24.641801,24.954162,24.607094,24.902102,248200
1993-07-09,24.902087,24.971500,24.850027,24.971500,378200
1993-07-12,24.936798,24.971505,24.902091,24.954151,373700
1993-07-13,24.971501,25.040915,24.797967,24.936794,389600
1993-07-14,24.954165,25.092992,24.936812,25.023579,617300
1993-07-15,25.006216,25.006216,24.867389,24.919449,443800
1993-07-16,24.936804,24.954157,24.815330,24.850037,216400
1993-07-19,24.850043,24.850043,24.763276,24.832689,188200
1993-07-20,24.815335,24.902102,24.693861,24.902102,68500
1993-07-21,24.867380,24.884733,24.797966,24.884733,142700
1993-07-22,24.850028,24.884734,24.711201,24.711201,632400
1993-07-23,24.763276,24.832689,24.745922,24.832689,286200
1993-07-26,24.902087,25.023561,24.902087,24.971500,121300
1993-07-27,24.988858,25.006211,24.867384,24.954151,92800
1993-07-28,24.902102,24.954162,24.867395,24.902102,30800
1993-07-29,24.954157,25.110338,24.919450,25.040924,331000
1993-07-30,25.040929,25.040929,24.867395,24.902102,75300
1993-08-02,24.936794,25.058267,24.936794,24.971500,41300
1993-08-03,25.023566,25.092979,24.902092,24.988859,81600
1993-08-04,24.988859,25.040919,24.919446,24.988859,434000
1993-08-05,24.988854,24.988854,24.902088,24.936794,36800
1993-08-06,25.006207,25.023561,24.936794,24.971500,402300
1993-08-09,25.040917,25.179744,24.988857,25.110331,828200
1993-08-10,25.092981,25.110335,25.058275,25.092981,604900
1993-08-11,25.075628,25.162395,25.075628,25.092981,542200
1993-08-12,25.162406,25.162406,24.936812,25.023579,303700
1993-08-13,25.040918,25.075625,25.040918,25.058271,103500
1993-08-16,25.075626,25.266513,25.075626,25.197100,241800
1993-08-17,25.179747,25.283867,25.179747,25.283867,369300
1993-08-18,25.370645,25.474765,25.353291,25.422705,414300
1993-08-19,25.440058,25.440058,25.387998,25.422705,28500
1993-08-20,25.370637,25.440050,25.353283,25.440050,80700
1993-08-23,25.335919,25.405333,25.335919,25.387980,15600
1993-08-24,25.387990,25.665644,25.387990,25.665644,273400
1993-08-25,25.665647,25.787121,25.630940,25.683001,242300
1993-08-26,25.700348,25.839175,25.596228,25.700348,120000
1993-08-27,25.630940,25.683001,25.630940,25.683001,25700
1993-08-30,25.700356,25.821829,25.700356,25.787123,183500
1993-08-31,25.769766,25.856533,25.735059,25.856533,66500
1993-09-01,25.769765,25.873885,25.769765,25.821825,136500
1993-09-02,25.839184,25.873891,25.717710,25.735064,472400
1993-09-03,25.717712,25.787125,25.683005,25.752419,630500
1993-09-07,25.752416,25.787123,25.544175,25.578882,196400
1993-09-08,25.578876,25.578876,25.318576,25.492109,269900
1993-09-09,25.387999,25.561533,25.387999,25.544180,239200
1993-09-10,25.613582,25.787115,25.578875,25.769762,106500
1993-09-13,25.856536,25.856536,25.787123,25.787123,66900
1993-09-14,25.717707,25.717707,25.596234,25.683001,184500
1993-09-15,25.578885,25.769772,25.492118,25.752419,101000
1993-09-16,25.717712,25.735065,25.630945,25.648298,54300
1993-09-17,25.633472,25.650933,25.563626,25.598549,200900
1993-09-20,25.633486,25.685870,25.389025,25.389025,57800
1993-09-21,25.423941,25.458864,25.039788,25.301710,318200
1993-09-22,25.389015,25.546169,25.354092,25.511246,439700
1993-09-23,25.581102,25.668409,25.546179,25.650948,88500
1993-09-24,25.616018,25.633479,25.546172,25.581095,53500
1993-09-27,25.773178,25.860485,25.773178,25.860485,274600
1993-09-28,25.877950,25.877950,25.790642,25.808104,158300
1993-09-29,25.808091,25.877937,25.685860,25.720783,221000
1993-09-30,25.720805,25.773190,25.616036,25.668421,99300
1993-10-01,25.633490,25.825567,25.598567,25.790644,22700
1993-10-04,25.825552,25.825552,25.755706,25.825552,1038500
1993-10-05,25.877951,25.877951,25.703336,25.790644,436500
1993-10-06,25.808099,25.912868,25.773176,25.773176,209200
1993-10-07,25.808104,25.808104,25.685873,25.703335,59400
1993-10-08,25.773176,25.790637,25.546176,25.738253,54400
1993-10-11,25.790644,25.843028,25.790644,25.790644,467100
1993-10-12,25.825552,25.843013,25.808090,25.825552,26200
1993-10-13,25.843013,25.843013,25.790629,25.825552,139100
1993-10-14,25.930326,26.157326,25.860480,26.157326,108100
1993-10-15,26.279562,26.349408,26.209716,26.297024,1502500
1993-10-18,26.279561,26.279561,26.192254,26.227177,722400
1993-10-19,26.192249,26.244633,26.035095,26.035095,880100
1993-10-20,26.122405,26.122405,26.017636,26.070021,230400
1993-10-21,26.087480,26.087480,26.000172,26.035095,56200
1993-10-22,26.070012,26.174781,25.912859,25.912859,390700
1993-10-25,25.930339,26.017646,25.860493,25.982723,114500
1993-10-26,25.965260,25.982721,25.877952,25.965260,186200
1993-10-27,25.930339,26.000185,25.930339,25.982723,118400
1993-10-28,26.017647,26.244647,26.017647,26.174801,129600
1993-10-29,26.157339,26.192262,26.139878,26.174801,80700
1993-11-01,26.139868,26.262098,26.139868,26.244637,36400
1993-11-02,26.209715,26.262100,26.070023,26.227177,262100
1993-11-03,26.209712,26.209712,25.773174,25.895405,479100
1993-11-04,25.895404,25.895404,25.598559,25.616020,130400
1993-11-05,25.546176,25.738253,25.441407,25.738253,363200
1993-11-08,25.755715,25.843022,25.685869,25.773176,367600
1993-11-09,25.947797,25.965259,25.773182,25.790644,246900
1993-11-10,25.790647,25.982723,25.720801,25.982723,46500
1993-11-11,25.982705,26.052551,25.895397,25.912859,88900
1993-11-12,25.965249,26.122403,25.947788,26.035095,108200
1993-11-15,26.087491,26.087491,25.947799,26.017645,243300
1993-11-16,26.070022,26.157329,25.965253,26.139868,492600
1993-11-17,26.157333,26.157333,25.930333,26.000179,39600
1993-11-18,25.965257,26.017642,25.860488,25.930334,240800
1993-11-19,25.843022,25.912868,25.825560,25.877945,106000
1993-11-22,25.808091,25.825552,25.633476,25.720783,165300
1993-11-23,25.860485,25.877947,25.720793,25.860485,89700
1993-11-24,25.930337,25.982721,25.895414,25.965260,77200
1993-11-26,26.035108,26.035108,25.965262,25.982723,1019800
1993-11-29,26.052560,26.104944,25.877945,25.877945,517500
1993-11-30,25.860482,26.017635,25.843020,25.895405,230000
1993-12-01,26.035103,26.052565,25.930334,25.930334,379200
1993-12-02,25.982718,26.017641,25.930333,26.000179,352000
1993-12-03,25.982723,26.104954,25.982723,26.104954,306000
1993-12-06,26.139857,26.227165,26.139857,26.192242,99500
1993-12-07,26.192262,26.209724,26.139878,26.174801,88800
1993-12-08,26.174801,26.174801,26.139878,26.174801,146700
1993-12-09,26.174788,26.209711,26.052558,26.087481,416500
1993-12-10,26.104941,26.104941,25.982711,26.035095,412900
1993-12-13,26.035088,26.192242,26.000165,26.192242,273200
1993-12-14,26.209717,26.209717,26.000179,26.000179,41900
1993-12-15,26.035106,26.052567,25.965260,25.965260,82600
1993-12-16,26.070030,26.070030,26.017645,26.052568,78200
1993-12-17,26.107835,26.213321,26.090254,26.195740,104700
1993-12-20,26.178164,26.248488,26.160583,26.230907,68800
1993-12-21,26.195748,26.195748,26.107843,26.143005,205700
1993-12-22,26.213318,26.336385,26.160575,26.318804,410300
1993-12-23,26.301220,26.353963,26.266058,26.301220,533800
1993-12-27,26.301225,26.441874,26.301225,26.441874,447100
1993-12-28,26.424286,26.512191,26.406705,26.494610,880600
1993-12-29,26.512199,26.529780,26.441874,26.459455,266700
1993-12-30,26.441884,26.441884,26.301236,26.353979,219900
1993-12-31,26.406713,26.441875,26.195741,26.213322,312900
1994-01-03,26.213330,26.248492,26.107843,26.143005,960900
1994-01-04,26.178152,26.248476,26.142990,26.248476,164300
1994-01-05,26.283639,26.318801,26.178153,26.301220,710900
1994-01-06,26.336382,26.353963,26.266058,26.301220,201000
1994-01-07,26.353969,26.477037,26.283645,26.459455,775500
1994-01-10,26.494620,26.775917,26.424296,26.775917,593700
1994-01-11,26.758324,26.758324,26.635257,26.723162,295200
1994-01-12,26.740752,26.740752,26.547360,26.635265,158400
1994-01-13,26.564934,26.617677,26.529772,26.564934,244300
1994-01-14,26.652846,26.723170,26.652846,26.670427,137200
1994-01-17,26.670427,26.705589,26.617684,26.670427,17700
1994-01-18,26.705595,26.740757,26.652852,26.705595,166400
1994-01-19,26.670427,26.705589,26.582522,26.635265,200800
1994-01-20,26.670433,26.723176,26.652852,26.705595,281100
1994-01-21,26.740745,26.740745,26.635259,26.652840,85600
1994-01-24,26.635261,26.758328,26.547356,26.547356,373800
1994-01-25,26.564937,26.582518,26.494613,26.547356,310400
1994-01-26,26.547354,26.635259,26.512192,26.617678,145100
1994-01-27,26.670426,26.898979,26.635264,26.863817,344500
1994-01-28,26.969301,27.022044,26.934139,26.934139,356500
1994-01-31,27.039635,27.180284,27.004473,27.127541,313800
1994-02-01,27.092377,27.092377,26.951729,26.986891,303600
1994-02-02,27.074795,27.162701,27.057214,27.162701,307600
1994-02-03,27.109940,27.109940,26.951711,27.039616,466100
1994-02-04,27.039628,27.074790,26.424292,26.424292,1403200
1994-02-07,26.353964,26.617680,26.353964,26.547356,516400
1994-02-08,26.600096,26.600096,26.459448,26.564934,188200
1994-02-09,26.582522,26.688008,26.547360,26.670427,144600
1994-02-10,26.652846,26.670427,26.441874,26.441874,883900
1994-02-11,26.459459,26.600107,26.336392,26.529783,519400
1994-02-14,26.477029,26.652839,26.441867,26.564934,2742100
1994-02-15,26.617690,26.723176,26.582528,26.705595,374700
1994-02-16,26.740743,26.740743,26.635257,26.688000,287600
1994-02-17,26.811080,26.828661,26.459459,26.529783,342400
1994-02-18,26.547350,26.564931,26.301216,26.371540,313300
1994-02-22,26.441874,26.635265,26.441874,26.635265,154500
1994-02-23,26.670420,26.688001,26.477029,26.564934,391700
1994-02-24,26.477037,26.477037,26.195741,26.213322,770800
1994-02-25,26.248490,26.336395,26.195747,26.336395,531300
1994-02-28,26.406719,26.477044,26.336395,26.336395,333000
1994-03-01,26.336394,26.389137,26.090259,26.230907,423600
1994-03-02,25.896871,26.266073,25.826547,26.266073,581500
1994-03-03,26.230902,26.230902,26.125416,26.195740,223200
1994-03-04,26.195749,26.336397,26.107844,26.266073,595800
1994-03-07,26.353976,26.441881,26.353976,26.406719,539800
1994-03-08,26.424287,26.424287,26.266058,26.301220,880300
1994-03-09,26.336386,26.441873,26.213319,26.424292,2500100
1994-03-10,26.406713,26.406713,26.125417,26.213322,207400
1994-03-11,26.248493,26.389141,26.107845,26.353979,576600
1994-03-14,26.459460,26.459460,26.353973,26.389135,345900
1994-03-15,26.441864,26.494607,26.353959,26.371540,748600
1994-03-16,26.406713,26.582523,26.318808,26.582523,455500
1994-03-17,26.494618,26.617685,26.494618,26.582523,133000
1994-03-18,26.452952,26.612094,26.435269,26.576729,365500
1994-03-21,26.488322,26.559052,26.435275,26.506004,324800
1994-03-22,26.505999,26.629776,26.452952,26.576729,435700
1994-03-23,26.559048,26.629778,26.541365,26.559048,698500
1994-03-24,26.452954,26.506001,26.116987,26.240765,1200500
1994-03-25,26.258431,26.329161,25.993195,25.993195,100900
1994-03-28,26.028574,26.063939,25.798702,26.028574,1117200
1994-03-29,26.028561,26.046243,25.515770,25.515770,338400
1994-03-30,25.533462,25.604192,25.162130,25.162130,1123900
1994-03-31,25.162123,25.285900,24.631650,25.232853,788800
1994-04-04,24.525554,24.914568,24.525554,24.843838,2627300
1994-04-05,25.091397,25.356634,25.091397,25.356634,1179000
1994-04-06,25.391999,25.409681,25.179810,25.356634,516500
1994-04-07,25.338935,25.533442,25.197475,25.480394,666100
1994-04-08,25.427358,25.427358,25.162121,25.285898,242400
1994-04-11,25.356618,25.498078,25.294730,25.391983,203300
1994-04-12,25.418523,25.462729,25.303587,25.356634,1409200
1994-04-13,25.347788,25.409676,25.038345,25.224010,364100
1994-04-14,25.179806,25.365471,25.126758,25.232853,419900
1994-04-15,25.224012,25.338948,25.188647,25.232853,387300
1994-04-18,25.259384,25.330113,24.985306,25.064877,369100
1994-04-19,25.038341,25.197483,24.888040,25.100229,472200
1994-04-20,25.126764,25.188653,24.941099,25.073717,508000
1994-04-21,25.179802,25.445039,25.091390,25.409674,200300
1994-04-22,25.471578,25.489260,25.312436,25.383165,301800
1994-04-25,25.374308,25.666068,25.374308,25.648386,394600
1994-04-26,25.613023,25.657229,25.568817,25.621864,399000
1994-04-28,25.568812,25.604177,25.356622,25.436193,287000
1994-04-29,25.391993,25.551135,25.356628,25.515770,481900
1994-05-02,25.515768,25.869416,25.427355,25.674910,275000
1994-05-03,25.683751,25.692592,25.498085,25.648386,183400
1994-05-04,25.701433,25.701433,25.506926,25.604179,401900
1994-05-05,25.630719,25.674925,25.568830,25.568830,659800
1994-05-06,25.445043,25.445043,25.232854,25.321266,216300
1994-05-09,25.250530,25.321260,25.056023,25.100229,499300
1994-05-10,25.224015,25.374316,25.206332,25.294744,583400
1994-05-11,25.268225,25.303590,24.994147,25.064877,210600
1994-05-12,25.224025,25.250548,25.126771,25.188660,305200
1994-05-13,25.259389,25.259389,25.064882,25.188660,321300
1994-05-16,25.241691,25.321262,25.188644,25.197485,450400
1994-05-17,25.215181,25.568830,25.179816,25.568830,470200
1994-05-18,25.586497,25.851734,25.471561,25.754480,824800
1994-05-19,25.701441,25.948995,25.701441,25.878265,531000
1994-05-20,25.834051,25.851734,25.745639,25.781004,370400
1994-05-23,25.754497,25.763338,25.657243,25.736814,262700
1994-05-24,25.807533,25.940151,25.807533,25.842897,549600
1994-05-25,25.745635,25.931301,25.657223,25.913618,738200
1994-05-26,25.904795,25.993207,25.878271,25.931318,369600
1994-05-27,25.887101,25.957830,25.842895,25.957830,162000
1994-05-31,25.878254,25.975508,25.834048,25.922461,160000
1994-06-01,25.860581,26.037405,25.781010,26.037405,200500
1994-06-02,26.055089,26.055089,25.966677,26.010883,55100
1994-06-03,26.028568,26.249598,25.948997,26.161186,550400
1994-06-06,26.214229,26.293800,26.134657,26.152340,99300
1994-06-07,26.108144,26.152350,26.046256,26.116985,120600
1994-06-08,26.178857,26.178857,25.904779,25.904779,131900
1994-06-09,26.019707,26.046230,25.966659,26.046230,80500
1994-06-10,26.072779,26.143509,26.072779,26.090462,83100
1994-06-13,26.055088,26.134659,26.046247,26.125818,109700
1994-06-14,26.205403,26.338021,26.205403,26.329180,161000
1994-06-15,26.338012,26.346853,26.205393,26.223076,142800
1994-06-16,26.223085,26.293815,26.196562,26.276133,44000
1994-06-17,26.289644,26.316343,26.093851,26.129450,403800
1994-06-20,25.942568,25.987066,25.880270,25.906969,137400
1994-06-21,25.889158,25.889158,25.577669,25.684465,139200
1994-06-22,25.755655,25.871351,25.728956,25.782354,279900
1994-06-23,25.826860,25.862459,25.595469,25.631067,922500
1994-06-24,25.506479,25.506479,25.061495,25.097094,353800
1994-06-27,25.194985,25.533173,25.070389,25.533173,371200
1994-06-28,25.542076,25.542076,25.203888,25.408581,5382300
1994-06-29,25.444180,25.639973,25.417481,25.488678,311800
1994-06-30,25.533176,25.542076,25.239487,25.328484,271900
1994-07-01,25.453077,25.453077,25.275084,25.381880,406900
1994-07-05,25.435270,25.550966,25.355173,25.515368,112000
1994-07-06,25.417481,25.524277,25.328484,25.479778,174800
1994-07-07,25.479773,25.586569,25.453074,25.586569,66700
1994-07-08,25.426375,25.622168,25.417475,25.577669,148400
1994-07-11,25.595474,25.639973,25.364082,25.488678,124000
1994-07-12,25.497576,25.533175,25.355181,25.524275,257300
1994-07-13,25.533188,25.648884,25.533188,25.568787,532700
1994-07-14,25.693362,25.898054,25.675562,25.844656,494200
1994-07-15,25.826872,25.906969,25.817972,25.853571,49100
1994-07-18,25.853561,25.960358,25.853561,25.898060,72300
1994-07-19,25.942552,25.951452,25.844656,25.844656,609500
1994-07-20,25.862461,25.862461,25.666668,25.728966,185300
1994-07-21,25.728956,25.800154,25.675558,25.782354,86300
1994-07-22,25.844658,25.862457,25.773460,25.826859,151600
1994-07-25,25.835762,25.889160,25.809063,25.862461,120900
1994-07-26,25.853561,25.871361,25.809063,25.835762,489600
1994-07-27,25.835762,25.835762,25.728966,25.835762,83200
1994-07-28,25.835762,25.960358,25.835762,25.889160,828200
1994-07-29,26.067160,26.227354,26.058260,26.147257,459100
1994-08-01,26.165058,26.289654,26.138359,26.271854,486300
1994-08-02,26.360842,26.414240,26.218447,26.307444,505500
1994-08-03,26.298538,26.334137,26.254040,26.316338,144100
1994-08-04,26.298542,26.325241,26.156147,26.165047,231700
1994-08-05,26.031548,26.111645,26.004849,26.076046,138400
1994-08-08,26.102730,26.165028,26.076031,26.138329,328600
1994-08-09,26.040457,26.182852,26.040457,26.182852,105900
1994-08-10,26.200644,26.307440,26.165045,26.280741,840300
1994-08-11,26.218451,26.334146,26.049357,26.182852,876200
1994-08-12,26.227352,26.396446,26.227352,26.387547,184100
1994-08-15,26.414232,26.476530,26.378633,26.378633,325900
1994-08-16,26.396452,26.592245,26.289656,26.565546,1089500
1994-08-17,26.601133,26.618933,26.529936,26.547735,133700
1994-08-18,26.458733,26.521030,26.432034,26.458733,620000
1994-08-19,26.467644,26.494343,26.378647,26.440945,103200
1994-08-22,26.449850,26.449850,26.360853,26.414251,79700
1994-08-23,26.529947,26.690142,26.494349,26.565546,268600
1994-08-24,26.592223,26.850313,26.583323,26.850313,254700
1994-08-25,26.823633,26.885931,26.707937,26.779135,147400
1994-08-26,26.841440,27.215227,26.841440,27.161829,339500
1994-08-29,27.233013,27.330909,27.135117,27.144016,350300
1994-08-30,27.135138,27.259733,27.099539,27.215235,36000
1994-08-31,27.170715,27.277511,27.108418,27.144016,356200
1994-09-01,27.055004,27.072803,26.957108,27.055004,294600
1994-09-02,27.179615,27.179615,26.894825,26.939323,99600
1994-09-06,26.921526,26.974924,26.841429,26.948225,229800
1994-09-07,27.010534,27.010534,26.894838,26.921537,27900
1994-09-08,26.974907,27.090603,26.966007,27.055004,284800
1994-09-09,26.788034,26.841432,26.663439,26.770235,488400
1994-09-12,26.770239,26.805838,26.645643,26.690142,129400
1994-09-13,26.743536,26.841432,26.690138,26.770235,389200
1994-09-14,26.681231,26.832525,26.681231,26.796926,423500
1994-09-15,26.868130,27.135120,26.868130,27.135120,779800
1994-09-16,26.933053,27.013638,26.843515,26.942007,571300
1994-09-19,27.004678,27.121077,26.942001,26.968863,167300
1994-09-20,26.825604,26.852465,26.458498,26.458498,355600
1994-09-21,26.539082,26.539082,26.207791,26.458498,397500
1994-09-22,26.521170,26.521170,26.368955,26.395817,266400
1994-09-23,26.404766,26.458489,26.261505,26.306274,176600
1994-09-26,26.404780,26.458503,26.351058,26.440596,223000
1994-09-27,26.440584,26.512214,26.359999,26.422676,479500
1994-09-28,26.565940,26.664432,26.548032,26.628616,324000
1994-09-29,26.628617,26.628617,26.413726,26.494310,195900
1994-09-30,26.485359,26.610713,26.458498,26.458498,5200
1994-10-03,26.476401,26.503262,26.351048,26.395817,72600
1994-10-04,26.530123,26.530123,25.983941,26.001848,84200
1994-10-05,25.957088,26.010811,25.786966,26.010811,461900
1994-10-06,26.028696,26.046604,25.885435,25.930204,345200
1994-10-07,25.930224,26.118254,25.903362,26.046623,188700
1994-10-10,26.163020,26.368957,26.154066,26.324188,213600
1994-10-11,26.440598,26.789797,26.440598,26.718166,461400
1994-10-12,26.753984,26.789800,26.691308,26.753984,162400
1994-10-13,27.058401,27.121078,26.816648,26.843510,1564500
1994-10-14,26.933048,26.968863,26.753972,26.959909,72800
1994-10-17,26.933052,26.968868,26.879329,26.906191,282300
1994-10-18,26.879325,26.879325,26.753972,26.843510,132100
1994-10-19,26.745017,27.067354,26.736064,26.968863,136700
1994-10-20,26.968863,26.968863,26.709203,26.789787,290300
1994-10-21,26.718169,26.753984,26.565954,26.682354,87800
1994-10-24,26.691297,26.798743,26.449544,26.458498,149600
1994-10-25,26.368943,26.539065,26.359989,26.485342,91800
1994-10-26,26.583857,26.610718,26.458503,26.583857,201000
1994-10-27,26.682345,26.745022,26.619669,26.745022,210300
1994-10-28,26.798732,27.335961,26.798732,27.309099,192100
1994-10-31,27.246430,27.273292,27.201661,27.210615,36300
1994-11-01,27.094221,27.094221,26.897237,26.906191,435200
1994-11-02,26.825615,27.067368,26.753984,26.753984,115600
1994-11-03,26.843505,26.941997,26.807690,26.897228,87000
1994-11-04,27.022592,27.022592,26.548040,26.548040,124400
1994-11-07,26.610709,26.700247,26.539078,26.628616,115000
1994-11-08,26.718159,26.924097,26.673390,26.834558,308300
1994-11-09,27.121079,27.121079,26.646527,26.879326,318500
1994-11-10,26.897231,26.950954,26.673386,26.691294,172100
1994-11-11,26.655486,26.682348,26.521179,26.592810,302200
1994-11-14,26.709203,26.852463,26.709203,26.843510,181400
1994-11-15,26.816661,26.986784,26.548047,26.753984,316900
1994-11-16,26.798741,26.843510,26.709203,26.843510,106900
1994-11-17,26.861430,26.861430,26.557000,26.664446,104700
1994-11-18,26.673385,26.718154,26.512217,26.628616,269300
1994-11-21,26.610701,26.691286,26.359995,26.359995,283100
1994-11-22,26.261510,26.360002,25.786959,25.786959,483600
1994-11-23,25.804851,25.939158,25.563099,25.930204,601600
1994-11-25,25.948133,26.091393,25.948133,26.055578,77300
1994-11-28,26.046617,26.180924,25.983940,26.171970,79900
1994-11-29,26.163013,26.216736,26.073475,26.163013,105500
1994-11-30,26.297325,26.333141,26.127203,26.127203,218800
1994-12-01,26.154068,26.154068,25.813823,25.867546,439000
1994-12-02,25.813819,26.109295,25.813819,26.109295,318500
1994-12-05,26.163019,26.252557,26.073481,26.136158,139200
1994-12-06,26.037655,26.163008,25.992886,26.154055,249900
1994-12-07,25.992899,26.073483,25.939176,25.966038,531900
1994-12-08,26.073477,26.109292,25.643694,25.715324,261500
1994-12-09,25.715332,25.831731,25.607886,25.813824,235900
1994-12-12,25.760099,25.983944,25.760099,25.983944,151100
1994-12-13,25.966048,26.091401,25.966048,26.082447,70900
1994-12-14,26.046619,26.333141,26.046619,26.216742,203300
1994-12-15,26.252556,26.377909,26.252556,26.297325,130100
1994-12-16,26.380640,26.479917,26.353564,26.425766,266100
1994-12-19,26.425790,26.479942,26.344564,26.461891,1120200
1994-12-20,26.488942,26.506993,26.380640,26.380640,675600
1994-12-21,26.398691,26.723598,26.398691,26.660421,544500
1994-12-22,26.660445,26.687520,26.552142,26.579218,222000
1994-12-23,26.561163,26.669465,26.561163,26.606289,125800
1994-12-27,26.696524,26.804826,26.678474,26.750675,95200
1994-12-28,26.777745,26.777745,26.552115,26.615292,358200
1994-12-29,26.714573,26.714573,26.606271,26.633347,220100
1994-12-30,26.687511,26.714587,26.317478,26.317478,2209500
1995-01-03,26.398695,26.479922,26.389670,26.443821,324300
1995-01-04,26.561161,26.570187,26.425783,26.570187,351800
1995-01-05,26.588237,26.633363,26.543111,26.570187,89800
1995-01-06,26.624337,26.714589,26.516035,26.597261,448400
1995-01-09,26.588232,26.624332,26.570181,26.624332,36800
1995-01-10,26.687498,26.795801,26.651398,26.651398,229800
1995-01-11,26.741654,26.741654,26.461873,26.669453,222400
1995-01-12,26.642370,26.696521,26.588219,26.678471,40300
1995-01-13,26.822877,26.994356,26.786777,26.994356,170600
1995-01-16,26.985345,27.165849,26.985345,27.156824,105100
1995-01-17,27.102660,27.183887,27.066559,27.165836,89500
1995-01-18,27.147796,27.192922,27.075595,27.138771,84500
1995-01-19,27.048513,27.075588,26.967286,26.985336,139100
1995-01-20,26.949231,26.958257,26.831904,26.886055,78700
1995-01-23,26.705545,26.967276,26.687495,26.967276,53700
1995-01-24,26.958265,27.003391,26.940215,27.003391,32400
1995-01-25,26.867999,27.174856,26.867999,27.075579,15700
1995-01-26,27.057531,27.138758,27.003380,27.102657,9800
1995-01-27,27.283166,27.283166,27.102662,27.210964,91200
1995-01-30,27.156808,27.174858,27.057531,27.093632,26600
1995-01-31,27.147787,27.247065,27.102661,27.201939,127500
1995-02-01,27.238035,27.337312,27.147783,27.192909,380200
1995-02-02,27.183893,27.355371,27.183893,27.355371,131700
1995-02-03,27.526866,27.788597,27.481740,27.743471,405100
1995-02-06,27.734432,27.942011,27.707356,27.860785,405400
1995-02-07,27.905918,27.905918,27.806641,27.896893,702900
1995-02-08,27.860792,27.996170,27.842741,27.896893,521500
1995-02-09,27.851767,27.896893,27.797615,27.896893,390700
1995-02-10,27.860772,27.932974,27.779546,27.932974,148300
1995-02-13,27.914926,27.996153,27.914926,27.942001,79700
1995-02-14,28.032266,28.032266,27.869813,27.978115,170200
1995-02-15,27.978125,28.167654,27.951050,28.131554,431500
1995-02-16,28.095430,28.122506,28.014204,28.095430,99300
1995-02-17,28.068356,28.086406,27.978104,27.987129,49100
1995-02-21,27.987140,28.032266,27.969090,27.978115,168000
1995-02-22,28.005188,28.185692,27.987137,28.185692,386400
1995-02-23,28.293994,28.393271,28.221793,28.230818,402800
1995-02-24,28.266901,28.312027,28.194699,28.303001,307600
1995-02-27,28.221786,28.303013,28.032257,28.077383,280900
1995-02-28,28.050300,28.312031,28.050300,28.312031,493500
1995-03-01,28.284982,28.321083,28.104478,28.131554,242600
1995-03-02,28.122517,28.167643,28.041290,28.167643,488600
1995-03-03,28.077397,28.176674,28.005195,28.176674,290000
1995-03-06,27.987132,28.194712,27.951031,28.194712,85700
1995-03-07,28.095443,28.158619,27.851762,27.978115,180900
1995-03-08,28.023233,28.086409,27.923955,28.050308,155900
1995-03-09,28.041286,28.068362,27.969085,28.041286,63500
1995-03-10,28.068360,28.528645,28.032260,28.456444,192100
1995-03-13,28.438388,28.528640,28.402288,28.429363,261300
1995-03-14,28.510595,28.673048,28.510595,28.636948,223300
1995-03-15,28.591814,28.636940,28.474486,28.582788,278500
1995-03-16,28.555728,28.772332,28.555728,28.754282,20400
1995-03-17,28.710281,28.819169,28.692133,28.782873,89900
1995-03-20,28.819169,28.819169,28.728429,28.782873,91700
1995-03-21,28.782862,28.964343,28.664900,28.710270,104400
1995-03-22,28.764729,28.764729,28.646766,28.737507,74900
1995-03-23,28.701205,28.837316,28.664909,28.755650,220500
1995-03-24,28.846400,29.163992,28.846400,29.163992,134000
1995-03-27,29.209350,29.281942,29.136758,29.281942,132100
1995-03-28,29.209350,29.281942,29.173054,29.281942,121900
1995-03-29,29.254729,29.554172,29.109544,29.272877,246100
1995-03-30,29.336406,29.336406,29.100480,29.218443,298400
1995-03-31,28.991585,29.136770,28.773808,29.100473,541300
1995-04-03,29.091401,29.173067,29.073253,29.173067,193300
1995-04-04,29.182134,29.363615,29.182134,29.363615,66900
1995-04-05,29.300097,29.390837,29.281949,29.363615,107200
1995-04-06,29.436215,29.499733,29.381771,29.472511,352500
1995-04-07,29.536026,29.536026,29.309175,29.445286,361400
1995-04-10,29.399899,29.499714,29.381751,29.499714,285400
1995-04-11,29.572309,29.581383,29.381754,29.399902,250300
1995-04-12,29.445270,29.499714,29.390825,29.499714,150900
1995-04-13,29.554169,29.672131,29.536021,29.663057,243400
1995-04-17,29.771953,29.799175,29.399917,29.490658,178900
1995-04-18,29.517887,29.517887,29.318258,29.390850,329500
1995-04-19,29.390837,29.454356,29.209356,29.363615,223000
1995-04-20,29.445278,29.490648,29.291019,29.408981,207900
1995-04-21,29.418079,29.563264,29.418079,29.554190,145000
1995-04-24,29.536012,29.898973,29.536012,29.898973,169000
1995-04-25,29.853626,29.898996,29.799181,29.817329,293200
1995-04-26,29.762887,29.862701,29.690294,29.844553,204400
1995-04-27,29.799176,29.935287,29.781028,29.917139,502200
1995-04-28,29.908063,30.007877,29.717508,29.962507,130800
1995-05-01,29.935285,29.998803,29.880840,29.880840,518700
1995-05-02,29.908065,29.989731,29.844546,29.944361,228400
1995-05-03,30.044168,30.361759,30.044168,30.361759,724700
1995-05-04,30.398057,30.597686,30.271020,30.343613,311400
1995-05-05,30.470651,30.470651,30.243799,30.307318,314900
1995-05-08,30.280096,30.624910,30.252874,30.525095,183100
1995-05-09,30.652130,30.688426,30.452501,30.497871,180600
1995-05-10,30.579537,30.588611,30.388982,30.534166,330300
1995-05-11,30.579535,30.615831,30.479721,30.615831,351700
1995-05-12,30.497873,30.706576,30.488799,30.633984,94600
1995-05-15,30.715653,30.779171,30.652134,30.779171,147200
1995-05-16,30.770114,30.869929,30.715670,30.797337,221600
1995-05-17,30.797332,30.806406,30.652147,30.679369,189200
1995-05-18,30.624902,30.643050,30.234718,30.234718,577800
1995-05-19,30.189350,30.307313,30.143980,30.252869,363900
1995-05-22,30.352677,30.633972,30.334529,30.588602,216000
1995-05-23,30.643045,30.869896,30.552304,30.869896,136800
1995-05-24,30.924336,31.024151,30.661189,30.851744,370800
1995-05-25,30.761037,30.906222,30.615852,30.879000,379900
1995-05-26,30.761020,30.770094,30.407132,30.525095,518600
1995-05-30,30.597700,30.679366,30.416219,30.516033,61500
1995-05-31,30.461574,31.151201,30.461574,31.151201,564500
1995-06-01,31.015101,31.305471,30.924361,31.069546,810100
1995-06-02,30.942499,31.314535,30.833611,31.096758,112900
1995-06-05,31.096747,31.387116,31.069525,31.287302,257200
1995-06-06,31.260081,31.368969,31.232859,31.232859,165800
1995-06-07,31.169360,31.187508,31.033250,31.069546,41900
1995-06-08,31.060467,31.151207,30.996948,30.996948,141100
1995-06-09,30.933421,30.969717,30.633977,30.815458,304900
1995-06-12,30.915281,31.114910,30.897133,30.987873,378500
1995-06-13,31.133074,31.341777,31.105852,31.323629,120000
1995-06-14,31.278241,31.332685,31.178426,31.296389,389400
1995-06-15,31.341755,31.496013,31.287310,31.432495,274500
1995-06-16,31.370657,31.525822,31.370657,31.525822,325100
1995-06-19,31.617095,31.900043,31.598841,31.881788,134600
1995-06-20,31.790529,31.900057,31.772274,31.799656,287800
1995-06-21,31.900018,31.927400,31.781363,31.781363,158200
1995-06-22,31.918293,32.219495,31.918293,32.201241,297000
1995-06-23,32.128213,32.146468,32.036940,32.137341,315400
1995-06-26,32.046084,32.100848,31.754009,31.754009,132900
1995-06-27,31.744862,31.954790,31.671843,31.690098,127700
1995-06-28,31.690109,31.982183,31.589708,31.854401,212600
1995-06-29,31.854420,31.936566,31.580600,31.799656,89200
1995-06-30,31.863509,31.973036,31.717471,31.781363,714100
1995-07-03,31.817907,31.900053,31.817907,31.900053,9500
1995-07-05,31.991310,32.164729,31.918291,32.018692,409300
1995-07-06,32.027810,32.429413,31.963919,32.429413,202500
1995-07-07,32.365511,32.584567,32.347256,32.575439,481700
1995-07-10,32.602832,32.684978,32.538940,32.593704,400400
1995-07-11,32.566324,32.593706,32.392905,32.438541,420500
1995-07-12,32.502434,32.894909,32.438542,32.840145,203400
1995-07-13,32.794510,32.867529,32.730619,32.767128,215600
1995-07-14,32.593709,32.767128,32.566327,32.739746,543700
1995-07-17,32.785400,32.958819,32.758018,32.922310,171500
1995-07-18,32.867538,32.867538,32.611973,32.639355,221200
1995-07-19,32.511577,32.548087,31.662735,32.283394,486600
1995-07-20,32.319900,32.465938,32.146481,32.402046,318900
1995-07-21,32.374655,32.493311,32.237745,32.365528,94000
1995-07-24,32.411170,32.639354,32.411170,32.602844,108400
1995-07-25,32.639356,32.894922,32.538956,32.849285,107400
1995-07-26,32.831023,32.986188,32.812768,32.821896,167800
1995-07-27,32.977059,33.123097,32.977059,33.095715,187700
1995-07-28,33.123103,33.123103,32.858410,32.885792,415600
1995-07-31,32.913170,32.940552,32.730624,32.803642,342500
1995-08-01,32.849279,32.849279,32.566332,32.748878,141000
1995-08-02,32.940558,33.177869,32.621101,32.675865,240400
1995-08-03,32.447681,32.684991,32.392917,32.666737,1193600
1995-08-04,32.730648,32.758030,32.666757,32.703266,240500
1995-08-07,32.776264,32.876665,32.758010,32.776264,193100
1995-08-08,32.794519,32.894920,32.675863,32.776264,951900
1995-08-09,32.885783,32.885783,32.739746,32.767128,107100
1995-08-10,32.803635,32.876654,32.557197,32.694107,280800
1995-08-11,32.666727,32.703236,32.374652,32.511562,257200
1995-08-14,32.593714,32.803642,32.520695,32.803642,254800
1995-08-15,32.794510,32.794510,32.511563,32.739746,44400
1995-08-16,32.712384,32.831039,32.675875,32.831039,374900
1995-08-17,32.849283,32.849283,32.657609,32.776264,353800
1995-08-18,32.940565,32.949692,32.785400,32.812782,85400
1995-08-21,32.949688,33.086598,32.712377,32.721504,266700
1995-08-22,32.767138,32.840157,32.602846,32.785393,220200
1995-08-23,32.812774,32.831029,32.666737,32.666737,176500
1995-08-24,32.675884,32.767158,32.566356,32.703266,167400
1995-08-25,32.758009,32.940556,32.758009,32.885792,195000
1995-08-28,32.977057,32.977057,32.712364,32.767128,293000
1995-08-29,32.803648,32.858412,32.575465,32.849285,1133100
1995-08-30,32.876673,32.958819,32.840164,32.922310,437400
1995-08-31,32.913182,33.004456,32.885800,32.949692,491900
1995-09-01,32.940550,33.150479,32.913168,33.095715,629900
1995-09-05,33.196127,33.424310,33.141363,33.406055,272200
1995-09-06,33.433427,33.506446,33.424300,33.469936,214500
1995-09-07,33.506441,33.524695,33.442549,33.488186,258800
1995-09-08,33.615986,33.615986,33.396930,33.615986,107300
1995-09-11,33.670739,33.771140,33.670739,33.707249,260700
1995-09-12,33.716374,33.862411,33.634228,33.862411,139500
1995-09-13,33.825893,34.063203,33.816765,34.017567,239800
1995-09-14,34.136226,34.355282,34.044953,34.327900,457600
1995-09-15,34.300080,34.401016,34.180791,34.318432,431200
1995-09-18,34.199144,34.217496,34.024799,34.189968,307500
1995-09-19,34.254200,34.373489,34.134912,34.355137,549600
1995-09-20,34.410204,34.520317,34.382676,34.520317,290800
1995-09-21,34.474432,34.501961,34.098214,34.235855,508500
1995-09-22,33.960572,34.281734,33.933044,34.245029,449900
1995-09-25,34.281729,34.281729,34.070679,34.189968,130000
1995-09-26,34.290906,34.373491,34.098209,34.180794,466600
1995-09-27,34.033986,34.171627,33.822937,34.153275,654400
1995-09-28,34.180816,34.410217,34.153288,34.410217,456200
1995-09-29,34.382671,34.593720,34.300086,34.345966,606600
1995-10-02,34.345957,34.428541,34.089027,34.171612,293100
1995-10-03,34.171624,34.263385,34.033983,34.208328,839700
1995-10-04,34.226668,34.226668,34.125732,34.171612,248800
1995-10-05,34.208328,34.272560,34.116567,34.272560,268800
1995-10-06,34.290915,34.401027,34.290915,34.300091,75300
1995-10-09,34.171618,34.189970,33.951393,34.015625,358200
1995-10-10,33.666927,33.997265,33.630223,33.997265,360800
1995-10-11,34.116567,34.116567,33.988103,34.107391,228100
1995-10-12,34.134911,34.336784,34.134911,34.318432,199800
1995-10-13,34.474435,34.566195,34.428555,34.428555,488100
1995-10-16,34.327618,34.391851,34.263386,34.263386,443600
1995-10-17,34.300097,34.529498,34.235864,34.492794,146000
1995-10-18,34.657948,34.703828,34.483603,34.593716,228100
1995-10-19,34.575367,34.758888,34.529487,34.758888,500600
1995-10-20,34.731350,34.758878,34.547829,34.547829,748400
1995-10-23,34.382681,34.538674,34.382681,34.474442,533000
1995-10-24,34.520304,34.557008,34.428543,34.511127,172200
1995-10-25,34.538655,34.584535,34.226669,34.226669,302700
1995-10-26,34.281730,34.309258,33.639407,33.914688,606800
1995-10-27,33.877978,34.171612,33.721985,34.171612,905800
1995-10-30,34.254190,34.410183,34.254190,34.391830,488700
1995-10-31,34.483607,34.557015,34.245029,34.245029,508200
1995-11-01,34.226683,34.520317,34.199155,34.520317,415700
1995-11-02,34.465239,34.740520,34.465239,34.740520,326000
1995-11-03,34.786407,34.795584,34.685471,34.786407,615000
1995-11-06,34.777242,34.777242,34.657953,34.667130,311200
1995-11-07,34.648771,34.648771,34.428546,34.538658,358200
1995-11-08,34.584553,34.869011,34.584553,34.850658,357200
1995-11-09,34.988298,34.988298,34.813953,34.979122,503700
1995-11-10,34.786402,35.006627,34.777226,34.960747,795600
1995-11-13,34.896544,35.034185,34.832312,34.924072,818500
1995-11-14,34.859825,34.933234,34.694656,34.694656,341800
1995-11-15,34.731368,35.052530,34.713016,35.043354,584700
1995-11-16,35.043341,35.272742,35.034165,35.236038,577700
1995-11-17,35.291105,35.355337,35.245224,35.346161,267000
1995-11-20,35.401213,35.410389,35.153460,35.162636,448800
1995-11-21,35.199337,35.447090,35.190161,35.447090,119200
1995-11-22,35.419560,35.456264,35.336975,35.336975,351600
1995-11-24,35.373693,35.428749,35.346165,35.428749,62400
1995-11-27,35.502141,35.612253,35.437908,35.437908,273000
1995-11-28,35.410371,35.814117,35.327787,35.814117,479000
1995-11-29,35.878358,35.878358,35.731541,35.850830,549200
1995-11-30,35.850842,35.942602,35.731553,35.768257,286200
1995-12-01,35.814117,35.869174,35.731533,35.814117,465200
1995-12-04,35.896723,36.254589,35.850843,36.254589,631700
1995-12-05,36.217879,36.529864,36.190351,36.493160,567700
1995-12-06,36.584905,36.722546,36.410560,36.575729,272800
1995-12-07,36.529847,36.575727,36.355502,36.383030,289700
1995-12-08,36.539035,36.548211,36.272930,36.502331,296900
1995-12-11,36.575748,36.731741,36.502340,36.658333,186500
1995-12-12,36.493173,36.621638,36.493173,36.548229,299400
1995-12-13,36.594094,36.823495,36.594094,36.777615,390700
1995-12-14,36.814322,36.878555,36.419752,36.511513,395000
1995-12-15,36.561830,36.561830,36.395640,36.524899,416700
1995-12-18,36.201737,36.201737,35.813960,35.823193,862300
1995-12-19,35.841658,36.247900,35.795494,36.201736,1022600
1995-12-20,36.312526,36.349457,35.850887,35.850887,1349800
1995-12-21,36.063248,36.146343,35.897057,36.035549,857600
1995-12-22,36.229436,36.266367,36.127875,36.164806,332800
1995-12-26,36.312527,36.358691,36.238665,36.340225,432200
1995-12-27,36.432552,36.432552,36.257129,36.321758,151800
1995-12-28,36.247889,36.432545,36.192493,36.284821,256200
1995-12-29,36.321776,36.358707,36.192517,36.331009,339200
1996-01-02,36.284843,36.718784,36.247912,36.718784,514400
1996-01-03,36.838790,36.931117,36.635668,36.820324,610300
1996-01-04,36.866496,37.004988,36.174037,36.469486,1129700
1996-01-05,36.229428,36.487946,36.146333,36.395618,302400
1996-01-08,36.524890,36.580286,36.478726,36.534122,179900
1996-01-09,36.644915,36.672613,35.823197,35.906292,415500
1996-01-10,35.860110,35.933972,35.241514,35.435402,787700
1996-01-11,35.490816,35.647774,35.324626,35.647774,513200
1996-01-12,35.740094,35.749326,35.259989,35.592369,390400
1996-01-15,35.601612,35.721638,35.370792,35.518517,154200
1996-01-16,35.693932,35.980148,35.389250,35.952450,454600
1996-01-17,35.869346,36.118631,35.721622,35.841648,407600
1996-01-18,35.980151,35.989384,35.675469,35.961685,425600
1996-01-19,35.961684,36.294064,35.924753,36.201736,169800
1996-01-22,36.174045,36.294071,36.109415,36.210976,288200
1996-01-23,36.192499,36.294060,36.118637,36.294060,362200
1996-01-24,36.349460,36.663374,36.330994,36.589512,1506500
1996-01-25,36.617204,36.635670,36.414083,36.460247,298400
1996-01-26,36.432557,36.792635,36.386393,36.774170,726300
1996-01-29,36.746479,36.921902,36.718780,36.921902,254800
1996-01-30,36.995742,37.309656,36.949578,37.235794,272100
1996-01-31,37.226575,37.632818,37.208110,37.623585,498000
1996-02-01,37.586658,37.762081,37.558960,37.762081,373900
1996-02-02,37.743610,37.826705,37.522023,37.605118,496200
1996-02-05,37.540483,37.965191,37.485086,37.909794,295300
1996-02-06,37.928273,38.306817,37.872876,38.269886,301600
1996-02-07,38.260658,38.491478,38.223727,38.491478,585100
1996-02-08,38.436069,38.943872,38.362206,38.906940,1526600
1996-02-09,38.888472,39.220852,38.713049,38.897705,804600
1996-02-12,38.971570,39.368580,38.934639,39.193157,626500
1996-02-13,39.026978,39.405522,38.999280,39.110073,1045900
1996-02-14,39.082370,39.211629,38.749990,38.768456,431400
1996-02-15,38.685365,38.943883,38.482244,38.528408,889500
1996-02-16,38.454540,38.546868,38.251419,38.371445,606100
1996-02-20,38.075992,38.186785,37.743612,37.992897,492300
1996-02-21,38.066766,38.491474,38.066766,38.463776,434000
1996-02-22,38.676126,39.193162,38.648427,39.073135,721400
1996-02-23,39.294718,39.359347,38.602259,38.962337,1430400
1996-02-26,38.851560,38.934655,38.389921,38.408386,1408400
1996-02-27,38.500711,38.509944,38.112934,38.288357,601000
1996-02-28,38.593031,38.842316,38.112926,38.112926,865900
1996-02-29,37.891327,38.380665,37.743603,37.743603,914300
1996-03-01,38.196029,38.343754,37.586665,38.343754,1452600
1996-03-04,38.426827,38.796139,38.297568,38.565319,652600
1996-03-05,38.472997,38.925404,38.454532,38.925404,402000
1996-03-06,38.870018,38.980811,38.583801,38.583801,624700
1996-03-07,38.657672,38.796164,38.546879,38.777699,534200
1996-03-08,37.928265,38.334507,36.635675,37.522022,2289900
1996-03-11,37.374298,38.011360,37.263505,37.955963,1511400
1996-03-12,37.706683,37.845174,37.171181,37.660519,1385300
1996-03-13,37.909808,38.075998,37.697454,37.919041,1019300
1996-03-14,37.974450,38.297597,37.955984,38.085243,725600
1996-03-15,38.022532,38.180187,37.837057,38.059628,869200
1996-03-18,38.412041,38.792267,38.328577,38.792267,917600
1996-03-19,39.135384,39.135384,38.578957,38.708790,858300
1996-03-20,38.894286,38.894286,38.365680,38.662441,744300
1996-03-21,38.708790,38.727337,38.439850,38.569683,650800
1996-03-22,38.588235,38.773711,38.541866,38.671700,344500
1996-03-25,39.024106,39.061201,38.495500,38.597511,802400
1996-03-26,38.532605,38.885009,38.495510,38.782997,969400
1996-03-27,38.838642,38.866464,38.393500,38.430595,809600
1996-03-28,38.291481,38.597516,38.282207,38.578968,1001300
1996-03-29,38.690247,38.690247,38.208010,38.393486,457700
1996-04-01,38.578968,38.847908,38.458409,38.838634,773400
1996-04-02,38.885001,38.912823,38.755168,38.912823,638800
1996-04-03,38.773716,38.940644,38.680978,38.912823,288000
1996-04-04,38.912820,39.005558,38.875725,38.884998,934900
1996-04-08,37.911231,38.217266,37.744303,38.217266,2217200
1996-04-09,38.365658,38.365658,37.994707,38.068897,1180900
1996-04-10,38.003984,38.170913,37.243534,37.391914,939500
1996-04-11,37.484669,37.670145,36.872599,37.345562,1276000
1996-04-12,37.605215,37.874155,37.493929,37.818512,411300
1996-04-15,38.013260,38.180189,37.892701,38.133820,484200
1996-04-16,38.208026,38.374954,38.124562,38.245121,429700
1996-04-17,38.208009,38.319295,37.892701,38.152367,525300
1996-04-18,38.245114,38.328579,38.041091,38.208019,818600
1996-04-19,38.393496,38.495508,38.235842,38.300758,885100
1996-04-22,38.653154,38.745892,38.337845,38.597511,828900
1996-04-23,38.532607,38.745904,38.449142,38.718082,225400
1996-04-24,38.912825,38.912825,38.495504,38.578968,699000
1996-04-25,38.662439,38.912831,38.430594,38.755177,475500
1996-04-26,38.857182,39.061205,38.718075,38.838634,563300
1996-04-29,38.671706,38.912825,38.671706,38.838634,219900
1996-04-30,38.838609,38.912799,38.653133,38.810787,184400
1996-05-01,38.801519,39.051911,38.745876,38.894257,561900
1996-05-02,38.588225,38.801522,38.041072,38.226547,1299600
1996-05-03,38.449108,38.569667,37.837038,38.170895,1329300
1996-05-06,38.319295,38.319295,37.799963,38.133820,647500
1996-05-07,38.133836,38.133836,37.846348,37.976181,582100
1996-05-08,37.790681,38.449120,37.438277,38.449120,1694700
1996-05-09,38.319295,38.616056,38.282200,38.421307,593400
1996-05-10,38.801537,38.931370,38.616061,38.801537,925100
1996-05-13,38.894262,39.552701,38.857167,39.385773,867500
1996-05-14,39.543439,39.728915,39.506344,39.626904,632300
1996-05-15,39.636167,39.951476,39.552703,39.580524,466100
1996-05-16,39.357947,39.728899,39.339400,39.663982,514400
1996-05-17,39.766019,39.942221,39.766019,39.877304,427700
1996-05-20,40.155514,40.211157,39.756741,40.146240,788500
1996-05-21,40.211166,40.285356,40.062785,40.090607,352700
1996-05-22,40.136972,40.470829,39.997866,40.470829,1218100
1996-05-23,40.526450,40.619188,40.081308,40.303879,967900
1996-05-24,40.341000,40.554297,40.322452,40.461559,659100
1996-05-28,40.582096,40.582096,39.951478,40.053490,456400
1996-05-29,40.136954,40.174049,39.654717,39.784550,649600
1996-05-30,39.728898,40.192587,39.617612,39.988564,895800
1996-05-31,39.979294,40.146222,39.691807,39.691807,923500
1996-06-03,39.701085,39.830918,39.589800,39.803097,503100
1996-06-04,39.988584,40.118417,39.914393,40.081322,627100
1996-06-05,40.099859,40.480085,40.016395,40.433716,428000
1996-06-06,40.656299,40.656299,40.062776,40.136967,523300
1996-06-07,39.283778,40.146240,39.283778,40.136967,1422800
1996-06-10,40.081297,40.201856,39.942190,40.007107,548800
1996-06-11,40.155519,40.378090,39.970043,39.970043,688700
1996-06-12,40.099844,40.201856,39.830904,39.895821,1120600
1996-06-13,39.988558,40.044201,39.663976,39.895821,1502000
1996-06-14,39.914388,39.914388,39.599079,39.728912,1468200
1996-06-17,39.747457,39.895838,39.599076,39.701088,1101000
1996-06-18,39.673268,39.784554,39.367233,39.376507,718000
1996-06-19,39.561974,39.765997,39.422867,39.552700,552100
1996-06-20,39.589788,39.719621,39.283753,39.524872,1234400
1996-06-21,39.715682,39.864849,39.603807,39.864849,573300
1996-06-24,39.958061,40.107228,39.883477,39.939415,416500
1996-06-25,40.051301,40.079269,39.846196,39.892811,454400
1996-06-26,39.846187,39.930093,39.613114,39.622437,838200
1996-06-27,39.622427,40.004667,39.473260,39.902115,1090500
1996-06-28,40.069961,40.275065,39.958086,40.041992,1060800
1996-07-01,40.144525,40.396244,40.088587,40.386921,471300
1996-07-02,40.349649,40.358972,40.172513,40.237774,389400
1996-07-03,40.219111,40.275049,40.014007,40.153851,308300
1996-07-05,39.454637,39.641095,39.007136,39.128334,842900
1996-07-08,39.156307,39.370735,38.857973,38.969849,942000
1996-07-09,39.146980,39.268178,39.007136,39.128334,716300
1996-07-10,39.119018,39.286831,38.736778,39.286831,1132300
1996-07-11,39.119010,39.193593,38.112133,38.494373,1587400
1996-07-12,38.559604,38.727416,38.233302,38.522312,1312000
1996-07-15,38.615560,38.615560,37.384933,37.384933,1951300
1996-07-16,37.496826,37.888389,36.023803,37.478180,4141000
1996-07-17,38.037550,38.186716,37.590049,37.925674,1340500
1996-07-18,38.037549,38.513018,37.785830,38.447758,1432500
1996-07-19,38.354538,38.410476,37.962975,38.168079,1216000
1996-07-22,37.907013,38.037533,37.599356,37.888367,519800
1996-07-23,37.944329,38.149433,37.338338,37.403599,1479800
1996-07-24,36.956096,37.701930,36.769637,37.478180,2463400
1996-07-25,37.851093,37.925676,37.664634,37.813801,1989800
1996-07-26,37.925646,38.074813,37.823094,38.018875,642300
1996-07-29,37.962963,38.018901,37.552754,37.599369,1297900
1996-07-30,37.851084,38.000251,37.552750,37.962959,1868200
1996-07-31,37.990930,38.345201,37.897701,38.242649,767100
1996-08-01,38.279935,39.016446,38.223997,38.876602,1168600
1996-08-02,39.380046,39.734317,39.230879,39.715672,1098500
1996-08-05,39.725005,39.734328,39.361411,39.482609,710200
1996-08-06,39.473285,39.687712,39.258857,39.603806,640000
1996-08-07,39.752971,39.827554,39.454637,39.706356,917800
1996-08-08,39.715674,39.715674,39.491924,39.641090,925100
1996-08-09,39.780932,39.836869,39.417337,39.510567,648800
1996-08-12,39.529207,39.892801,39.380040,39.799572,764200
1996-08-13,39.725005,39.752974,39.380057,39.482609,805200
1996-08-14,39.491916,39.659728,39.380040,39.622437,533800
1996-08-15,39.519890,39.752964,39.501245,39.547859,632600
1996-08-16,39.659718,39.902114,39.659718,39.883469,475100
1996-08-19,39.892792,39.930084,39.752948,39.902115,436400
1996-08-20,39.911475,39.920798,39.780954,39.874184,645700
1996-08-21,39.771594,39.864823,39.603782,39.734303,266400
1996-08-22,39.827562,40.181834,39.808916,40.107250,584800
1996-08-23,40.032655,40.097915,39.762290,39.892811,757100
1996-08-26,39.799589,39.846204,39.631776,39.697037,784700
1996-08-27,39.808892,39.883475,39.678371,39.846184,389400
1996-08-28,39.939431,39.976723,39.771618,39.780941,227600
1996-08-29,39.734338,39.734338,39.156316,39.389389,680200
1996-08-30,39.380054,39.389377,38.857970,38.979168,1500900
1996-09-03,38.466408,39.286826,38.410471,39.230888,1782000
1996-09-04,39.230878,39.827545,39.072388,39.268169,930200
1996-09-05,39.081712,39.240202,38.792702,38.792702,616600
1996-09-06,38.932553,39.482606,38.867293,39.342762,804900
1996-09-09,39.491927,39.818229,39.426666,39.808907,719200
1996-09-10,39.752965,39.920777,39.603798,39.790257,669900
1996-09-11,39.715678,40.051303,39.622448,40.014011,713500
1996-09-12,40.125869,40.414880,40.069932,40.293682,713300
1996-09-13,40.759856,40.946315,40.647981,40.909023,2008800
1996-09-16,40.964937,41.263271,40.909000,41.058167,1220200
1996-09-17,41.095468,41.160728,40.713228,40.964947,604700
1996-09-18,40.909022,41.020898,40.703918,40.862408,225500
1996-09-19,40.797139,41.048858,40.741201,41.020889,410000
1996-09-20,41.138288,41.250739,41.007095,41.166401,948400
1996-09-23,41.063323,41.231999,40.875905,41.157032,466800
1996-09-24,41.119528,41.531847,40.969593,41.147640,1269800
1996-09-25,41.344438,41.344438,41.082053,41.175762,1353300
1996-09-26,41.231999,41.494385,41.016468,41.157032,773200
1996-09-27,41.213238,41.213238,41.007078,41.194496,407600
1996-09-30,41.250741,41.419417,41.128919,41.157032,578200
1996-10-01,41.203861,41.410021,41.044556,41.381908,561400
1996-10-02,41.531844,41.738004,41.475618,41.663036,609000
1996-10-03,41.681786,41.700528,41.503739,41.625561,342200
1996-10-04,41.794231,42.187809,41.681780,42.187809,754100
1996-10-07,42.169080,42.356498,42.131596,42.234676,235100
1996-10-08,42.253409,42.393972,41.991023,42.065990,386200
1996-10-09,42.131608,42.206575,41.691175,41.738029,528800
1996-10-10,41.738029,41.897334,41.606836,41.653690,1562200
1996-10-11,41.812977,42.169071,41.812977,42.169071,331300
1996-10-14,42.169082,42.393984,42.159711,42.225307,201600
1996-10-15,42.656358,42.656358,41.953540,42.169071,776900
1996-10-16,42.281527,42.375237,41.944175,42.375237,590100
1996-10-17,42.506451,42.600160,42.309662,42.487709,792500
1996-10-18,42.506433,42.768819,42.412724,42.712593,695800
1996-10-21,42.750085,42.956245,42.543925,42.656376,879200
1996-10-22,42.618880,42.628251,42.337753,42.356495,848900
1996-10-23,42.262794,42.515808,42.094117,42.497066,735900
1996-10-24,42.497084,42.572051,42.112877,42.131618,379300
1996-10-25,42.122217,42.319006,42.056620,42.169071,568300
1996-10-28,42.206585,42.422116,41.869232,41.887974,975400
1996-10-29,42.019148,42.328387,41.803617,42.225307,815900
1996-10-30,42.356515,42.356515,42.037904,42.084759,495400
1996-10-31,42.140985,42.506451,42.094131,42.487709,726300
1996-11-01,42.572026,42.675106,42.140964,42.337753,821300
1996-11-04,42.393968,42.618870,42.300259,42.618870,1608400
1996-11-05,42.759457,43.059326,42.750086,42.862537,764000
1996-11-06,42.937484,43.705898,42.900001,43.687157,1665000
1996-11-07,43.555980,43.958929,43.499755,43.790253,1446300
1996-11-08,43.799613,44.043257,43.630937,44.033886,1355700
1996-11-11,43.930839,44.090144,43.912097,43.987064,655900
1996-11-12,44.108849,44.136962,43.790239,43.855835,719900
1996-11-13,43.902712,44.118243,43.790261,44.052647,481900
1996-11-14,43.893347,44.343151,43.874606,44.343151,558800
1996-11-15,44.455582,44.680484,44.211939,44.399357,2250900
1996-11-18,44.483704,44.530559,44.221319,44.408737,1518200
1996-11-19,44.464936,44.736693,44.399340,44.727322,1029300
1996-11-20,44.717958,44.989714,44.568023,44.802296,730000
1996-11-21,44.858535,44.886648,44.605521,44.736713,653000
1996-11-22,44.802323,45.130305,44.802323,45.083450,965100
1996-11-25,45.130289,45.673802,45.027209,45.655060,2058800
1996-11-26,45.748740,45.992383,45.261453,45.505096,2861800
1996-11-27,45.617569,45.692536,45.364555,45.420780,872000
1996-11-29,45.580088,45.711280,45.495749,45.589458,1073400
1996-12-02,45.533271,45.655093,45.214660,45.608238,1350600
1996-12-03,45.617597,45.926837,44.830441,44.830441,1777800
1996-12-04,44.905370,45.017821,44.436825,44.952225,2365100
1996-12-05,44.886666,45.064713,44.699248,44.830441,1697700
1996-12-06,43.930828,44.830436,43.574734,44.568050,3401800
1996-12-09,44.792941,45.233374,44.727345,45.224003,1864600
1996-12-10,45.317709,45.383305,44.961614,45.008469,1331600
1996-12-11,44.155721,44.755459,43.968302,44.596153,1847900
1996-12-12,44.849151,44.905376,43.743384,43.855835,2540200
1996-12-13,43.818350,44.127590,43.424772,43.968285,1678300
1996-12-16,44.080722,44.193173,43.218599,43.406017,1831100
1996-12-17,43.274853,43.949559,43.106177,43.752769,2023200
1996-12-18,44.005778,44.240051,43.940182,44.099487,1666800
1996-12-19,44.493069,45.055323,44.315021,45.008469,2269300
1996-12-20,45.276740,45.634585,45.050733,45.107235,1543200
1996-12-23,45.257892,45.323810,44.796461,44.994217,1263700
1996-12-24,45.107236,45.323826,45.078985,45.323826,633000
1996-12-26,45.465076,45.700500,45.427408,45.672249,1384300
1996-12-27,45.672231,45.822903,45.502726,45.728733,410400
1996-12-30,45.879405,45.879405,45.295554,45.333221,694100
1996-12-31,45.370880,45.427382,44.504520,44.504520,1378100
1997-01-02,44.824742,44.824742,43.845378,44.617569,2031900
1997-01-03,44.824716,45.276730,44.645794,45.257896,2123200
1997-01-06,45.257920,45.465093,44.787072,44.862408,1374100
1997-01-07,44.862397,45.483916,44.674058,45.408581,939000
1997-01-08,45.653399,45.672233,45.013046,45.013046,1802200
1997-01-09,45.239080,45.728762,45.163744,45.389751,1415700
1997-01-10,44.749383,45.954753,44.749383,45.879417,2369500
1997-01-13,46.105429,46.105429,45.587496,45.813503,1364600
1997-01-14,46.218442,46.642205,46.105438,46.387947,2111200
1997-01-15,46.237242,46.529168,46.030069,46.274910,1583900
1997-01-16,46.425589,46.585677,46.105413,46.463257,1308400
1997-01-17,46.529214,46.858807,46.472712,46.745804,1604000
1997-01-20,46.858782,47.065955,46.689277,46.802280,1889900
1997-01-21,46.632753,47.339024,46.472665,47.178936,2785800
1997-01-22,47.197802,47.517979,46.934127,47.517979,1201600
1997-01-23,47.649789,48.026467,46.350249,46.858765,2601100
1997-01-24,46.934113,46.952947,46.256092,46.256092,2176000
1997-01-27,46.331437,46.548027,46.030094,46.124264,2108500
1997-01-28,46.783442,46.915279,45.804078,46.256092,4376000
1997-01-29,46.331459,46.708138,46.161954,46.708138,1122700
1997-01-30,46.934124,47.329636,46.651615,47.310802,2126300
1997-01-31,47.574457,47.856965,47.235446,47.254280,3208100
1997-02-03,47.442654,47.546240,47.226064,47.395569,755000
1997-02-04,47.461463,47.734554,47.273123,47.687469,654100
1997-02-05,47.753407,47.894662,46.482117,46.792877,2255400
1997-02-06,46.877619,47.131877,46.651612,47.103626,2483100
1997-02-07,47.499132,47.762807,46.877613,47.743973,2321000
1997-02-10,47.762825,47.932330,47.263726,47.291977,1670000
1997-02-11,47.480298,47.838142,47.084786,47.838142,1664300
1997-02-12,47.838157,48.600931,47.772238,48.516178,2675400
1997-02-13,48.704504,49.156518,48.629168,49.043514,1104800
1997-02-14,48.930519,49.100024,48.761014,48.930519,1112900
1997-02-18,49.024699,49.382543,48.666854,49.344875,833100
1997-02-19,49.213042,49.420215,48.911699,49.015285,648100
1997-02-20,48.836343,49.034099,48.308994,48.421997,1193900
1997-02-21,48.459672,48.676262,48.299583,48.440838,1844400
1997-02-24,48.196010,49.043536,48.196010,49.015285,787300
1997-02-25,49.062369,49.137704,48.742192,49.052952,1653900
1997-02-26,49.005865,49.081201,47.988834,48.572685,1597800
1997-02-27,48.704516,48.704516,47.838155,47.847572,1813100
1997-02-28,47.762778,48.139456,47.649774,47.706276,2961200
1997-03-03,47.461445,48.064130,47.423778,48.026463,1210400
1997-03-04,48.158330,48.290167,47.668648,47.762817,1478700
1997-03-05,48.045335,48.572685,47.885247,48.572685,1254800
1997-03-06,48.591492,48.760997,48.139478,48.290150,1528500
1997-03-07,48.478498,48.911678,48.365495,48.723339,1859300
1997-03-10,48.779843,49.231857,48.544419,49.231857,1074900
1997-03-11,49.269524,49.297775,48.968182,48.968182,624600
1997-03-12,49.005867,49.024701,48.393765,48.535019,1055600
1997-03-13,48.365490,48.497328,47.649802,47.781639,2514100
1997-03-14,47.998212,48.233636,47.762788,48.026463,1642700
1997-03-17,47.762786,48.233634,47.273105,48.158298,3013500
1997-03-18,48.214831,48.280749,47.442640,47.640396,1352500
1997-03-19,47.517969,47.913481,47.047121,47.480301,1510000
1997-03-20,47.461481,47.612152,46.934131,47.235474,1808200
1997-03-21,47.605434,47.643246,47.397467,47.454185,2810600
1997-03-24,47.491991,48.144250,47.246212,48.115891,2145600
1997-03-25,48.002434,48.380555,47.510877,47.643219,2125800
1997-03-26,47.832283,48.191497,47.605410,47.851189,1335300
1997-03-27,48.021335,48.021335,46.074013,46.584476,2898500
1997-03-31,46.527752,46.660094,45.525732,45.601357,4270700
1997-04-01,45.525741,46.092923,45.402852,45.894409,3210900
1997-04-02,45.752624,45.941684,45.034194,45.072006,2672700
1997-04-03,45.034197,45.450129,44.882948,45.317787,2284200
1997-04-04,45.072000,45.894413,44.864034,45.884960,3706700
1997-04-07,46.092919,46.357604,46.064560,46.064560,2596200
1997-04-08,46.055127,46.452153,45.884972,46.395435,1822700
1997-04-09,46.584489,46.612848,45.884965,46.017307,2453200
1997-04-10,46.036213,46.310351,45.790435,45.847153,1996500
1997-04-11,45.412318,45.563566,44.391392,44.391392,4221600
1997-04-14,44.608810,45.043649,44.353578,44.986931,3988500
1997-04-15,45.525729,45.762055,45.071984,45.752602,2760400
1997-04-16,45.601380,46.348169,45.525756,46.281998,2273300
1997-04-17,46.281994,46.584491,45.979497,46.092934,1386000
1997-04-18,46.471057,46.575041,46.130749,46.319809,1702100
1997-04-21,46.433240,46.527770,45.658092,46.017307,2809400
1997-04-22,46.045668,47.028782,45.979497,47.028782,3215000
1997-04-23,46.981520,47.208392,46.697929,47.076050,2047700
1997-04-24,47.217862,47.359657,46.508885,46.839741,2689900
1997-04-25,46.622302,46.707379,46.234728,46.300900,1606200
1997-04-28,46.281980,47.076034,46.206356,46.754631,1666500
1997-04-29,47.548707,48.267136,47.369099,48.229324,3197400
1997-04-30,47.945725,48.815403,47.926819,48.456188,3372200
1997-05-01,48.531810,48.720870,47.983535,48.399467,2149500
1997-05-02,48.569611,49.410930,48.437269,49.269135,1448300
1997-05-05,49.401486,50.554755,49.184067,50.441319,3636200
1997-05-06,50.195560,50.498057,49.911969,50.403526,1721100
1997-05-07,50.214443,50.214443,49.250235,49.306953,2327200
1997-05-08,49.193529,50.346798,49.117905,49.647274,2923700
1997-05-09,50.195576,50.290107,49.401522,49.987610,2558200
1997-05-12,50.176634,50.970687,50.138821,50.819439,2357900
1997-05-13,50.781635,50.876165,50.223907,50.611481,1195100
1997-05-14,50.961229,51.121930,50.479125,50.705997,2772000
1997-05-15,50.706013,51.178664,50.526406,51.046322,884100
1997-05-16,50.895066,51.008502,50.214448,50.346790,1934200
1997-05-19,50.403486,50.762701,50.252238,50.498016,1375800
1997-05-20,50.384613,51.235385,50.063210,51.103043,1756400
1997-05-21,51.235384,51.414991,50.611484,50.989605,1208000
1997-05-22,51.046311,51.103030,50.554754,50.819439,907600
1997-05-23,51.046313,51.556776,50.913971,51.292091,644400
1997-05-27,51.046312,51.745836,50.980141,51.500057,1531000
1997-05-28,51.500065,51.698579,51.131397,51.490612,716700
1997-05-29,51.481158,51.575688,51.121943,51.188114,1282700
1997-05-30,50.346788,51.764741,50.290070,51.518963,2143300
1997-06-02,51.632400,51.726930,51.254279,51.292091,1479100
1997-06-03,51.065188,51.689087,51.027376,51.121906,1562100
1997-06-04,51.140856,51.273198,50.866718,51.065231,1063100
1997-06-05,51.178652,51.613491,51.074669,51.254276,1180800
1997-06-06,51.178657,52.294114,51.178657,52.256302,1511100
1997-06-09,52.294124,52.558808,52.237405,52.520996,1823400
1997-06-10,52.539895,52.880204,52.331928,52.681690,1217500
1997-06-11,52.634422,52.880201,52.530439,52.804577,1673800
1997-06-12,53.163793,53.844410,52.974732,53.825504,4273300
1997-06-13,53.882209,54.449390,53.787679,54.279236,2132900
1997-06-16,54.298168,54.449417,54.128014,54.298168,800400
1997-06-17,54.109098,54.591202,53.806601,54.222534,2048100
1997-06-18,53.920019,54.222515,53.825488,54.033455,1971900
1997-06-19,54.213073,54.751896,54.071278,54.591194,2029900
1997-06-20,54.623444,54.870180,54.357729,54.405178,1396900
1997-06-23,54.300804,54.604478,53.048146,53.086105,3991500
1997-06-24,53.598584,54.585526,53.446746,54.433689,4895100
1997-06-25,54.348250,54.813252,53.408757,54.054066,4708900
1997-06-26,53.959185,54.433677,53.256938,53.788368,2569900
1997-06-27,54.035075,54.490587,53.864259,53.997116,2617900
1997-06-30,53.997130,54.338764,53.370801,53.636517,2384900
1997-07-01,53.750386,54.395694,53.683957,54.262836,1749000
1997-07-02,54.395687,55.154873,54.186911,55.154873,1961800
1997-07-03,55.800185,55.971001,55.553449,55.914062,2539100
1997-07-07,56.103902,56.179821,55.211857,55.344715,1158600
1997-07-08,55.420623,55.990013,55.382664,55.923584,3396500
1997-07-09,56.065907,56.103866,54.680392,55.306721,5390300
1997-07-10,55.344668,55.781200,54.955585,55.553444,2072200
1997-07-11,55.629385,55.989999,55.496528,55.743263,2258900
1997-07-14,55.809674,56.065900,55.401612,55.914062,3186400
1997-07-15,56.065915,56.341120,55.553464,56.198772,2983100
1997-07-16,56.559391,57.147760,56.417043,56.938984,2621300
1997-07-17,56.863069,56.976947,56.350618,56.654293,1794800
1997-07-18,56.492982,56.616350,55.306753,55.449100,3961900
1997-07-21,55.439581,55.629378,55.078968,55.458561,3810300
1997-07-22,55.686292,56.967418,55.648332,56.929459,4243400
1997-07-23,57.052855,57.384999,56.806119,56.882038,3204300
1997-07-24,57.052849,57.252135,56.293662,57.147747,4152700
1997-07-25,57.432472,57.584309,56.863082,57.109818,2364800
1997-07-28,57.242651,57.432448,56.787140,57.071835,2794700
1997-07-29,56.863047,57.375497,56.739679,57.261620,2737100
1997-07-30,57.394502,58.077770,57.337563,57.944912,4839800
1997-07-31,57.944913,58.324506,57.717157,57.887974,2138700
1997-08-01,58.001844,58.134701,56.976942,57.660210,7077700
1997-08-04,57.565307,58.030308,57.337551,57.812042,2339500
1997-08-05,57.755112,58.115725,57.641234,57.850010,1466700
1997-08-06,57.963861,58.628149,57.736105,58.324474,2478200
1997-08-07,58.609201,58.685120,57.774096,57.887974,3641900
1997-08-08,57.280610,57.546325,56.122850,56.711220,7113100
1997-08-11,56.938969,57.261623,56.255701,57.128765,6355900
1997-08-12,57.223684,57.422971,56.160823,56.217762,6132500
1997-08-13,56.901036,56.995935,55.553480,56.046951,6982300
1997-08-14,56.540386,56.673244,55.705282,56.255692,3462700
1997-08-15,55.952070,55.952070,54.433697,54.528595,4907100
1997-08-18,54.889179,55.743263,54.262850,55.743263,5638900
1997-08-19,56.008983,56.426536,55.591431,56.388577,3802800
1997-08-20,56.445503,57.280608,56.246217,57.242649,3564600
1997-08-21,57.166720,57.242639,55.933043,56.236717,5392600
1997-08-22,55.268779,56.322150,55.003064,56.217762,8087800
1997-08-25,56.350598,56.730191,55.781209,56.008965,3888000
1997-08-26,55.876115,56.217749,55.088459,55.183357,4290000
1997-08-27,55.268764,55.857133,54.908150,55.515499,5484300
1997-08-28,55.382655,55.838167,54.661428,54.670918,4287900
1997-08-29,54.737350,55.335209,54.490614,54.889187,2652300
1997-09-02,55.078987,56.701748,55.022048,56.673279,7294000
1997-09-03,56.663775,57.090818,56.331631,56.369591,2812500
1997-09-04,56.521452,56.920025,56.331655,56.730228,2473700
1997-09-05,57.071839,57.356534,56.236734,56.568878,3663300
1997-09-08,56.919997,57.090814,56.673262,56.815609,803500
1997-09-09,56.616326,57.261634,56.426529,56.844082,1885200
1997-09-10,56.559399,56.787155,55.667355,55.667355,3623700
1997-09-11,55.743274,55.819192,54.813270,55.382660,7055900
1997-09-12,55.876116,56.464485,55.230807,56.274689,6708000
1997-09-15,56.274685,56.673258,55.989990,56.179787,2060500
1997-09-16,56.673285,57.869004,56.502468,57.584309,6979000
1997-09-17,57.925943,58.001861,57.394512,57.584309,2220000
1997-09-18,57.698174,58.533279,57.679194,57.831032,5045400
1997-09-19,57.700280,58.128889,57.547885,57.928871,1566400
1997-09-22,58.214610,58.643219,58.043166,58.252708,3259000
1997-09-23,58.252698,58.338419,57.757416,57.986008,1872800
1997-09-24,58.138426,58.586085,57.471701,57.509800,2793100
1997-09-25,57.452628,57.757417,57.071643,57.109741,6327800
1997-09-26,57.566930,57.795522,57.414536,57.585979,3995800
1997-09-29,57.605040,58.252716,57.395498,58.138420,2065000
1997-09-30,57.909840,58.328925,57.528854,57.528854,4137600
1997-10-01,58.062214,58.405102,57.776475,58.290806,3567500
1997-10-02,58.233620,58.633654,58.100275,58.614605,2577500
1997-10-03,59.414695,59.586139,58.119344,58.909889,6499900
1997-10-06,59.319495,59.500463,59.071854,59.300446,2272100
1997-10-07,59.452809,60.043337,59.252792,59.852844,1832800
1997-10-08,59.957609,59.967134,58.967047,59.433754,4439400
1997-10-09,58.995587,59.500393,58.652700,59.224178,3607600
1997-10-10,58.709870,59.119430,58.671772,59.052757,2858100
1997-10-13,59.338489,59.462309,58.957503,59.109898,1760300
1997-10-14,59.414714,59.433763,58.633694,59.128975,2235700
1997-10-15,58.709885,59.167068,58.690836,58.995625,2601700
1997-10-16,59.319474,59.433770,57.909827,58.062222,9488100
1997-10-17,57.919361,58.138428,56.690682,57.471703,8151300
1997-10-20,57.814574,58.367003,57.395490,58.290806,3636400
1997-10-21,58.652729,59.433749,58.538433,59.424225,5225400
1997-10-22,59.338510,59.367084,58.843229,59.033722,4485200
1997-10-23,57.871738,58.367020,57.471703,57.871738,8054100
1997-10-24,58.614628,58.614628,57.100211,57.300228,6778700
1997-10-27,56.700174,57.262128,52.937942,53.147484,10840700
1997-10-28,51.433055,56.614459,51.433055,56.214424,19548000
1997-10-29,56.385884,57.147855,55.642962,56.062046,10134400
1997-10-30,55.242910,56.423965,54.709530,54.823826,9772900
1997-10-31,55.966773,56.385857,55.128605,56.119167,7072700
1997-11-03,56.804947,57.528819,56.614454,57.300228,5548500
1997-11-04,57.224031,57.566918,56.862095,57.300228,3455700
1997-11-05,57.414564,58.081289,57.205021,57.490761,4774900
1997-11-06,57.319249,57.509741,56.995411,57.271626,3679800
1997-11-07,56.309674,56.843054,55.738196,56.652561,10606800
1997-11-10,57.071652,57.204997,56.081090,56.309681,4347900
1997-11-11,56.500167,56.728759,56.100133,56.328724,3212400
1997-11-12,55.852480,56.519205,55.090509,55.166706,6775300
1997-11-13,55.757259,56.176343,54.919090,55.966801,8589600
1997-11-14,56.271573,56.928773,55.842964,56.728756,5827900
1997-11-17,57.528837,58.100316,57.319295,57.776478,5149900
1997-11-18,57.795537,57.966980,57.233583,57.414551,3433600
1997-11-19,57.109748,57.947916,56.538269,57.700275,4387900
1997-11-20,58.100329,58.843251,58.081279,58.576561,4822700
1997-11-21,58.900369,59.014665,58.309842,58.976566,5436500
1997-11-24,58.519374,58.728917,57.681206,57.909798,4337200
1997-11-25,58.290813,58.405109,57.700285,58.062222,4525000
1997-11-26,58.443188,58.509861,58.100301,58.233646,2681100
1997-11-28,58.367003,58.671791,58.271757,58.290806,1564700
1997-12-01,58.652736,59.795692,58.538440,59.795692,4850900
1997-12-02,59.548050,59.729018,59.281360,59.433754,1974900
1997-12-03,59.509952,60.062381,59.052769,59.605198,3302500
1997-12-04,60.043331,60.176676,59.357557,59.548050,2872500
1997-12-05,59.357560,60.348123,59.205166,60.310024,3458800
1997-12-08,60.329069,60.348119,59.890936,60.138577,2289200
1997-12-09,59.871904,60.100495,59.509967,59.776657,1703000
1997-12-10,59.471860,59.643303,58.805135,59.262318,3558400
1997-12-11,58.709891,58.881335,58.100314,58.252708,5072800
1997-12-12,58.786081,58.824180,57.852666,58.366997,4478400
1997-12-15,58.671773,59.195628,58.443181,58.957512,4674700
1997-12-16,59.262314,59.624250,59.052772,59.319462,2885800
1997-12-17,59.643286,59.662335,58.947987,59.014660,2236300
1997-12-18,59.090855,59.090855,58.043145,58.443180,4658300
1997-12-19,57.853389,58.675768,56.533758,58.006390,8556000
1997-12-22,58.407991,58.694867,57.872488,58.379303,5136800
1997-12-23,58.407991,58.522741,57.241361,57.336987,4436500
1997-12-24,57.796011,57.796011,57.069257,57.164883,2019200
1997-12-26,57.604747,57.604747,57.164870,57.394371,941800
1997-12-29,57.891631,58.580134,57.796005,58.522758,2080000
1997-12-30,58.714008,59.517262,58.656633,59.440762,3616000
1997-12-31,59.287784,59.746786,59.173033,59.402534,4359500
1998-01-02,59.555507,59.765883,59.077380,59.708508,2360900
1998-01-05,59.880638,60.244015,59.230385,59.842388,4191800
1998-01-06,59.517278,59.536403,58.867025,58.886150,3154900
1998-01-07,58.809615,59.192117,58.274113,59.039116,4424200
1998-01-08,58.943510,58.943510,58.369758,58.522758,3831000
1998-01-09,58.293245,58.446245,56.246861,56.495487,10258800
1998-01-12,55.768733,57.642991,55.634857,57.528240,12097900
1998-01-13,57.910749,58.369751,57.662123,58.331501,5224900
1998-01-14,58.561008,58.733134,57.968131,58.599258,3770400
1998-01-15,58.446250,58.599250,58.025498,58.111561,2875400
1998-01-16,58.905273,59.173024,58.541897,58.943523,4374800
1998-01-20,59.173016,59.985832,59.058265,59.899769,5091700
1998-01-21,59.498134,59.785010,58.847881,59.326008,4699400
1998-01-22,58.847900,59.287777,58.675774,58.800087,4543400
1998-01-23,59.058283,59.230409,58.140278,58.714031,6350300
1998-01-26,58.981748,59.201687,58.388871,58.675747,4362900
1998-01-27,58.637507,59.670262,58.541882,59.268635,7044200
1998-01-28,59.612868,60.043183,59.478993,59.804119,4268600
1998-01-29,59.880643,60.932522,59.708517,60.129269,8007700
1998-01-30,60.454372,60.569122,59.976245,60.167496,3649100
1998-02-02,61.142881,61.506258,61.047256,61.162006,5756300
1998-02-03,61.200292,61.697545,61.028166,61.621044,2759600
1998-02-04,61.372369,61.907871,61.161993,61.544495,3374000
1998-02-05,62.003512,62.175638,61.219384,61.506260,5076200
1998-02-06,61.812258,62.194759,61.621007,62.194759,5701200
1998-02-09,62.252134,62.271259,61.640131,61.984383,2322200
1998-02-10,62.080049,62.711177,61.927048,62.577301,3660400
1998-02-11,62.481682,62.634682,62.242618,62.519932,4073200
1998-02-12,62.252130,62.998008,61.735753,62.787632,5024700
1998-02-13,62.539025,62.739838,62.347774,62.424274,2101300
1998-02-17,62.921510,63.093635,62.519883,62.730259,3055500
1998-02-18,62.615528,63.332719,62.596403,63.304031,3007400
1998-02-19,63.189299,63.284924,62.883297,62.969360,3387800
1998-02-20,63.131930,63.476181,62.653802,63.437931,3707000
1998-02-23,63.801251,63.801251,63.246624,63.686501,3227800
1998-02-24,63.590924,63.705674,62.998046,63.189297,3386800
1998-02-25,63.495265,64.183768,63.418765,63.973392,3481800
1998-02-26,63.916040,64.394167,63.763039,64.336792,3187600
1998-02-27,64.241167,64.585418,63.973415,64.336792,3442900
1998-03-02,64.413272,64.719273,64.030770,64.202896,4252300
1998-03-03,63.973391,64.642769,63.973391,64.566269,3349200
1998-03-04,64.317649,64.508900,63.916022,64.145523,4404100
1998-03-05,63.342263,63.916016,63.131887,63.552639,7268000
1998-03-06,63.992534,64.834038,63.916034,64.834038,6896300
1998-03-09,64.585428,65.006180,64.413302,64.604553,3362800
1998-03-10,65.006139,65.388640,64.834013,65.216515,5481900
1998-03-11,65.465170,65.675546,65.350419,65.522545,3439600
1998-03-12,65.541642,65.847643,65.178265,65.790268,3191300
1998-03-13,66.000651,66.096276,65.407773,65.541649,2879400
1998-03-16,66.000664,66.325791,65.809414,66.249290,3223600
1998-03-17,66.287521,66.440521,65.885894,66.440521,4581900
1998-03-18,66.249309,66.689186,66.115433,66.689186,1944100
1998-03-19,66.689202,66.937829,66.497951,66.861328,2554800
1998-03-20,67.245181,67.628781,66.823220,67.436981,3123300
1998-03-23,67.341094,67.705515,67.149294,67.283554,4453100
1998-03-24,67.552136,68.012457,67.475415,67.859016,3333600
1998-03-25,68.376813,68.453533,67.015031,67.609612,4597600
1998-03-26,67.436991,67.974032,67.283550,67.571251,3333500
1998-03-27,67.974035,67.993215,66.899953,67.283554,2611300
1998-03-30,67.283554,67.571254,66.880773,67.245193,3108700
1998-03-31,67.609633,68.242574,67.360292,67.475372,5926500
1998-04-01,67.705517,68.175428,67.149296,68.021988,2929000
1998-04-02,68.089113,68.894674,67.974033,68.760414,3920900
1998-04-03,68.952250,69.239950,68.645369,69.105690,3787600
1998-04-06,69.508440,69.585160,68.549438,68.549438,4550500
1998-04-07,68.587831,68.702911,67.609648,68.089149,5583700
1998-04-08,68.261757,68.300117,67.360295,67.705536,4854800
1998-04-09,67.858976,68.300117,67.839796,68.242577,4481200
1998-04-13,68.357647,68.357647,67.513725,68.050766,4350200
1998-04-14,68.204229,68.626190,68.069969,68.626190,3279100
1998-04-15,68.722055,68.817955,68.223374,68.817955,3867200
1998-04-16,68.319301,68.434382,67.820620,68.012421,7177900
1998-04-17,67.954862,69.009764,67.782242,68.913864,5688800
1998-04-20,68.741259,69.086499,68.664539,68.894699,3688300
1998-04-21,69.009738,69.450879,68.683678,69.220718,4573200
1998-04-22,69.278284,69.623525,69.239924,69.412544,2386100
1998-04-23,69.124819,69.354979,68.587778,68.741219,5062000
1998-04-24,68.587822,69.028963,67.724720,68.012421,11039700
1998-04-27,67.130152,67.321953,66.056070,66.727371,14510200
1998-04-28,67.379430,67.398610,66.362888,66.631409,6511400
1998-04-29,66.919123,67.494524,66.554703,67.091743,7703100
1998-04-30,67.858962,68.693293,67.763062,68.338463,8684500
1998-05-01,68.587829,69.105690,68.319308,69.105690,4008800
1998-05-04,69.182416,69.546836,68.837175,68.933075,4537200
1998-05-05,68.741260,68.837161,68.204219,68.453560,5146400
1998-05-06,68.817962,68.817962,67.628800,67.647980,5526100
1998-05-07,67.820608,67.858968,67.110947,67.110947,6940400
1998-05-08,67.513720,68.357641,67.513720,68.204201,7951000
1998-05-11,68.472741,68.875522,67.743900,67.974060,6336300
1998-05-12,68.012415,68.722076,67.724714,68.702896,6045200
1998-05-13,68.779603,69.086484,68.491903,68.875504,4441500
1998-05-14,68.453553,69.163215,68.338473,68.530273,4187500
1998-05-15,68.741195,68.875455,68.012354,68.146614,6716100
1998-05-18,67.954871,68.491912,67.408240,67.878151,4847200
1998-05-19,68.127482,68.549443,67.993222,68.338463,5918700
1998-05-20,68.798770,69.048110,68.050749,68.990570,5716600
1998-05-21,68.971399,69.220740,68.319278,68.549438,6301500
1998-05-22,68.587802,68.779603,68.089122,68.280922,4862200
1998-05-26,68.798783,68.798783,67.015040,67.187660,6899300
1998-05-27,66.612253,67.456174,66.027262,67.283554,10202600
1998-05-28,67.436983,67.743864,66.938303,67.590424,4907600
1998-05-29,67.897341,68.012421,66.919159,66.919159,4772600
1998-06-01,66.880780,67.647982,66.631440,67.226021,6092200
1998-06-02,67.513714,67.724695,66.995854,67.283554,6701100
1998-06-03,67.437026,67.628826,66.209503,66.209503,6445100
1998-06-04,66.439620,67.552061,66.324540,67.436981,6566300
1998-06-05,67.743857,68.741219,67.436977,68.741219,8463200
1998-06-08,68.702873,69.028933,68.530252,68.664513,4159900
1998-06-09,68.568623,69.000174,68.376823,68.875504,2725300
1998-06-10,68.511084,69.393366,68.280924,68.434364,6186900
1998-06-11,68.396017,68.664538,67.130135,67.149315,8056600
1998-06-12,67.437001,67.782242,66.439639,67.782242,9779000
1998-06-15,66.784886,67.456187,65.979325,65.998505,10234200
1998-06-16,66.535499,67.034179,66.132718,67.014999,7471500
1998-06-17,67.609600,68.606961,67.475340,68.415161,12057700
1998-06-18,68.242552,68.395992,67.974031,68.108292,3844600
1998-06-19,68.382781,68.488607,67.497692,67.767067,3549100
1998-06-22,67.882480,68.382747,67.767033,68.094131,5438300
1998-06-23,68.402015,68.998488,68.344292,68.902283,5004600
1998-06-24,69.056216,69.999029,68.719497,69.825859,8291900
1998-06-25,70.133707,70.460805,69.460270,69.710403,5854800
1998-06-26,69.768138,70.095236,69.652692,69.999031,4833100
1998-06-29,70.345328,70.614703,70.066333,70.249123,5953400
1998-06-30,70.133700,70.306870,69.614191,69.768120,4284800
1998-07-01,70.229886,70.768636,69.960511,70.576225,3489500
1998-07-02,70.633950,70.730156,70.345334,70.710915,3503900
1998-07-06,70.672427,71.422829,70.537740,71.422829,3144400
1998-07-07,71.413191,71.499776,70.980267,71.288124,4920700
1998-07-08,71.345862,72.000058,71.268898,71.807648,6875000
1998-07-09,71.595997,71.865372,71.191935,71.326622,6942500
1998-07-10,71.442089,72.000080,70.845616,71.711464,7849700
1998-07-13,71.769195,71.942365,71.461338,71.730713,6555100
1998-07-14,72.000053,72.750455,72.000053,72.538803,6983600
1998-07-15,72.692737,72.827425,72.365639,72.404121,4977500
1998-07-16,72.461867,73.019858,72.077045,72.904411,6315600
1998-07-17,73.039070,73.269962,72.846659,73.000587,3539500
1998-07-20,73.116034,73.414270,72.615766,73.000587,2338400
1998-07-21,73.269999,73.269999,71.596025,71.730713,5518600
1998-07-22,71.634508,72.028949,71.134240,71.730713,10417300
1998-07-23,71.615254,71.788424,70.133692,70.306862,15110900
1998-07-24,70.787872,70.864837,69.498721,70.249123,11540500
1998-07-27,69.960491,70.807098,69.479464,70.749374,9600000
1998-07-28,70.460788,70.595475,68.883020,69.556458,13693000
1998-07-29,70.018262,70.268396,69.113932,69.287102,7462400
1998-07-30,69.960531,70.557004,69.825843,70.326111,6821600
1998-07-31,70.403070,70.499275,68.536686,68.825302,7680500
1998-08-03,68.825275,69.219717,68.363490,68.536659,10486500
1998-08-04,69.094675,69.094675,65.881416,65.881416,15091600
1998-08-05,66.458646,67.035878,65.015566,66.785744,21718400
1998-08-06,66.574088,67.420695,66.227749,67.074356,13084400
1998-08-07,67.536136,68.094126,66.785734,67.189796,12083800
1998-08-10,66.958906,67.516897,66.612567,66.804977,6273000
1998-08-11,65.746728,66.150790,64.957844,65.804451,14287100
1998-08-12,66.343209,67.035887,66.189280,66.920441,11158400
1998-08-13,66.997409,67.516918,66.112320,66.112320,9073900
1998-08-14,66.708798,66.939691,65.131030,65.342682,8628500
1998-08-17,65.265691,67.074351,64.957834,66.728012,11290000
1998-08-18,67.112858,68.094153,66.978170,67.959465,7603900
1998-08-19,68.401992,68.401992,67.497662,67.786278,6258600
1998-08-20,67.536138,67.978683,67.209040,67.382210,7402800
1998-08-21,66.612583,66.939681,64.957851,66.843475,16685400
1998-08-24,67.266777,67.690081,66.689545,67.266777,7201700
1998-08-25,67.959465,68.498215,66.891586,67.420715,9688300
1998-08-26,66.670316,67.497682,66.343218,67.035896,9339700
1998-08-27,65.881415,66.227755,63.707175,63.880344,24887800
1998-08-28,64.630739,65.092524,62.899043,63.649445,23735900
1998-08-31,63.880343,64.043892,58.492845,59.108559,22563100
1998-09-01,59.147048,61.917762,57.646245,61.609905,24748500
1998-09-02,61.455959,62.648905,60.821004,61.167343,13843200
1998-09-03,60.109093,61.186593,59.570343,60.686325,17311300
1998-09-04,61.225080,61.455972,58.954633,60.186062,17783800
1998-09-08,62.110186,63.418579,61.455990,63.418579,14746500
1998-09-09,63.264641,63.495534,61.840802,61.879284,12109700
1998-09-10,60.609356,61.167347,59.608821,60.647839,19889300
1998-09-11,60.455414,62.610413,59.724253,62.610413,20379800
1998-09-14,63.341577,64.313250,62.860550,63.687916,10686800
1998-09-15,63.341593,64.226682,62.976013,64.072754,8337900
1998-09-16,64.496058,64.803915,63.514763,64.649986,11024900
1998-09-17,62.956739,63.437766,62.668123,62.802811,12945200
1998-09-18,63.256385,63.275694,62.464714,63.082603,7019200
1998-09-21,61.557166,63.893558,61.132367,63.043961,8834600
1998-09-22,63.951538,64.048083,63.121249,63.565357,7270100
1998-09-23,64.183210,66.114113,64.125283,66.114113,13688500
1998-09-24,65.689301,65.998246,63.797017,64.492142,11129500
1998-09-25,63.719784,65.138998,63.410840,64.414909,10247400
1998-09-28,65.071407,65.689296,64.414900,64.994171,8847800
1998-09-29,65.110033,65.457595,63.874255,64.839706,10618100
1998-09-30,63.951503,64.453538,62.638489,62.870197,7908400
1998-10-01,61.808182,62.744669,60.611022,61.055130,13335600
1998-10-02,61.093747,62.329524,60.070368,62.232979,14351800
1998-10-05,61.537863,61.769571,59.529725,60.977901,12807200
1998-10-06,62.252306,62.580559,60.263476,60.919983,12621000
1998-10-07,60.939288,61.808194,59.162858,60.012455,14348500
1998-10-08,58.429140,59.780772,56.980962,59.684227,20625000
1998-10-09,59.935224,61.035839,58.120176,60.881367,12708500
1998-10-12,62.175082,62.677117,61.595811,61.769592,9508500
1998-10-13,61.518557,62.039900,61.016522,61.557175,6256800
1998-10-14,61.132409,62.908840,61.074481,62.136478,8176900
1998-10-15,61.866132,66.268591,61.750278,65.476921,20541100
1998-10-16,65.573452,65.959632,64.878327,65.496216,16573900
1998-10-19,65.303130,65.998255,65.187275,65.727928,7915900
1998-10-20,66.461675,67.224382,65.554151,66.114113,14611600
1998-10-21,66.036857,66.500274,65.418969,65.882385,9178400
1998-10-22,65.978934,67.021622,65.592754,66.867149,8277500
1998-10-23,66.712711,66.732020,65.978968,66.017586,6237200
1998-10-26,66.558217,67.021634,65.978946,66.500290,5838600
1998-10-27,67.002328,67.330582,65.670005,66.114113,10089700
1998-10-28,65.843758,66.442337,65.515504,65.998230,5650600
1998-10-29,66.172016,67.620193,65.882381,67.600883,9625600
1998-10-30,68.045025,68.527751,67.658844,67.967789,9872800
1998-11-02,68.469790,69.126297,68.083610,69.126297,6501400
1998-11-03,68.952544,69.087707,68.431200,68.624290,6866000
1998-11-04,69.493195,69.879376,68.643598,69.358032,8233600
1998-11-05,68.913904,70.400699,68.662886,70.304153,6841500
1998-11-06,70.111089,70.786905,70.014544,70.516579,5224800
1998-11-09,70.400715,70.593805,69.512499,70.014534,6188700
1998-11-10,69.821465,70.400736,69.358048,69.821465,14015200
1998-11-11,70.323484,70.439338,69.135978,69.358032,10922400
1998-11-12,69.396662,69.898697,69.010481,69.280807,5457400
1998-11-13,69.338715,69.956604,69.280788,69.956604,5524600
1998-11-16,70.574489,70.661379,69.753855,70.477943,6023700
1998-11-17,70.226926,71.443395,69.821437,70.477943,9058900
1998-11-18,70.632414,71.057213,70.130379,70.902740,4567700
1998-11-19,71.231002,71.617183,70.825513,71.520638,5249300
1998-11-20,71.897198,72.138561,71.578599,72.061325,5562000
1998-11-23,72.582632,73.914955,72.389542,73.760483,7151300
1998-11-24,73.528789,73.934279,73.190881,73.297081,5323700
1998-11-25,73.490171,73.644644,73.046064,73.297081,4393500
1998-11-27,73.818383,73.972855,73.538402,73.837692,4557900
1998-11-30,73.538419,73.760473,71.752335,71.752335,8705400
1998-12-01,71.752358,72.930209,71.192396,72.679192,8950600
1998-12-02,72.428156,72.852955,71.675104,72.466774,7495500
1998-12-03,72.447442,73.103949,71.115120,71.269592,12145300
1998-12-04,72.061280,73.219822,71.984044,73.142586,10339500
1998-12-07,72.949536,73.818442,72.910918,73.490189,4290000
1998-12-08,73.239155,73.992207,72.601957,73.161919,10102600
1998-12-09,73.335699,73.509480,72.833664,73.297081,5327900
1998-12-10,73.432225,73.432225,72.119211,72.225410,5966600
1998-12-11,71.945418,72.505380,71.404765,72.370216,8198200
1998-12-14,71.771630,71.926103,70.284836,70.284836,9521400
1998-12-15,70.864129,72.138525,70.767584,72.099907,9631500
1998-12-16,72.370228,72.370228,71.520631,72.003357,7260000
1998-12-17,72.428156,73.277753,72.312302,73.152245,6914700
1998-12-18,73.346812,73.850514,73.075587,73.463051,4802400
1998-12-21,73.928038,75.226041,73.773053,74.489861,8580700
1998-12-22,74.644832,75.148535,73.889279,74.819191,5461100
1998-12-23,75.129134,76.388390,74.896656,76.388390,7791000
1998-12-24,76.349664,76.407784,75.942828,76.059067,1507100
1998-12-28,76.407775,76.446521,75.632848,75.865326,4203600
1998-12-29,76.078436,77.173020,75.710345,77.066467,3935800
1998-12-30,76.834012,77.337715,76.272190,76.446548,6810700
1998-12-31,76.446548,76.834012,75.923473,76.446548,6790500
1999-01-04,76.485284,77.628301,75.458505,76.272179,9450400
1999-01-05,76.214047,77.415183,76.214047,77.143959,8031000
1999-01-06,77.996402,79.197539,77.957656,79.003807,7737700
1999-01-07,78.345131,78.868207,77.977041,78.616356,5504900
1999-01-08,79.468788,79.662520,78.093292,79.197563,6224400
1999-01-11,79.158786,79.158786,77.628305,78.441978,7578300
1999-01-12,78.248266,78.248266,76.717785,77.027756,7768800
1999-01-13,74.644832,77.570181,74.625458,76.485283,10810600
1999-01-14,76.640271,76.814630,74.954805,75.148537,11400700
1999-01-15,75.865372,77.357106,75.671640,77.105255,7817700
1999-01-19,77.676746,77.880165,76.562789,77.608940,6535100
1999-01-20,78.170747,79.313764,77.512059,78.228867,6534400
1999-01-21,77.851082,78.015754,76.000944,76.155930,6937500
1999-01-22,75.710381,76.775906,75.497276,75.981606,7522300
1999-01-25,76.427149,76.872732,75.574729,76.756493,5700300
1999-01-26,76.950238,78.151375,76.640267,78.151375,6047000
1999-01-27,78.345116,78.500101,76.969620,77.240845,7399400
1999-01-28,77.647660,78.713185,77.608914,78.538826,5961700
1999-01-29,78.945703,79.536585,77.744566,79.139435,6456800
1999-02-01,79.778748,79.778748,78.674477,78.674477,9426800
1999-02-02,78.781014,78.868193,77.347399,78.190132,9194500
1999-02-03,77.918926,79.313795,77.899553,78.984451,10290700
1999-02-04,78.965048,79.042541,77.357075,77.802658,7761100
1999-02-05,77.899515,77.899515,76.388408,76.911484,7516100
1999-02-08,77.550797,77.550797,76.465899,77.066467,8528400
1999-02-09,77.105236,77.182729,75.332591,75.342278,8985700
1999-02-10,75.710352,76.252801,75.216337,75.826591,6936700
1999-02-11,76.291568,78.170767,75.942851,77.570198,9181800
1999-02-12,77.376470,77.802680,76.020348,76.640289,10676600
1999-02-16,77.337714,77.880163,76.175323,76.175323,6915500
1999-02-17,76.369041,77.715476,75.787846,76.097816,7858100
1999-02-18,76.369036,77.105216,75.768467,76.698380,9048900
1999-02-19,76.872770,77.957668,76.485307,77.027756,5312200
1999-02-22,77.143974,79.178157,77.047108,79.081291,10695800
1999-02-23,79.100653,79.662475,78.480712,79.042534,7770700
1999-02-24,79.255656,79.875597,77.492697,77.647682,7271000
1999-02-25,77.202081,77.667037,76.059064,76.911484,11633000
1999-02-26,77.337690,77.395809,76.136553,76.601509,9621300
1999-03-01,76.659620,77.066457,75.865321,76.814606,7607200
1999-03-02,77.182725,77.686428,75.826603,76.136574,9651500
1999-03-03,76.310956,76.601554,75.497282,76.543434,7881400
1999-03-04,76.911524,77.793004,76.417508,77.512093,8256400
1999-03-05,79.042611,79.430075,78.461415,79.071671,10703100
1999-03-08,79.526880,79.846537,78.887565,79.584999,4802200
1999-03-09,79.430020,80.553664,79.197542,79.391273,7893400
1999-03-10,79.643101,80.127430,79.216891,80.088684,3950000
1999-03-11,80.398686,81.328598,79.894983,80.979881,6583700
1999-03-12,81.212338,81.231711,80.108067,80.204933,5286500
1999-03-15,80.553676,81.367350,80.282452,81.347977,5394400
1999-03-16,81.289861,81.619205,80.883024,81.038010,4547500
1999-03-17,81.018629,81.173615,80.359941,80.689285,4524100
1999-03-18,80.456793,82.064767,80.437420,81.987274,3506300
1999-03-19,82.224944,82.419146,80.593651,80.593651,5526700
1999-03-22,80.826719,81.156862,80.428606,80.749039,4603800
1999-03-23,80.360634,80.496575,78.117605,78.418617,9713800
1999-03-24,78.826447,79.030359,78.069061,78.865288,6280900
1999-03-25,79.583845,80.477173,79.389643,80.477173,6639600
1999-03-26,79.933387,80.244109,79.370202,79.894547,6159700
1999-03-29,80.263518,81.681190,80.263518,81.506409,5863900
1999-03-30,80.749050,81.545277,80.516008,81.079193,5401400
1999-03-31,81.506409,81.788002,79.739175,79.778015,7413600
1999-04-01,80.593665,80.593665,79.622657,80.380043,7683600
1999-04-05,81.370471,82.399739,80.943227,82.283218,5791100
1999-04-06,82.147280,82.642494,81.506415,82.089020,5381300
1999-04-07,82.458049,82.885293,81.642402,82.749352,6248600
1999-04-08,82.768751,83.856280,82.205566,83.798019,5909100
1999-04-09,83.545546,84.205832,83.021202,83.817429,4365800
1999-04-12,82.943497,84.768992,82.788136,84.710732,8213200
1999-04-13,84.671909,84.807850,83.584380,84.166985,10071400
1999-04-14,84.555427,84.555427,82.458049,82.749352,11551700
1999-04-15,82.924118,83.001799,81.409345,82.438614,11150000
1999-04-16,82.593951,82.593951,81.525842,81.739464,6476200
1999-04-19,82.458030,83.603820,79.778047,80.477173,12487200
1999-04-20,80.671353,81.525840,80.166428,81.487000,9049600
1999-04-21,81.448169,84.283513,81.040345,83.817429,5772200
1999-04-22,83.972767,84.749573,83.516393,84.613632,6897400
1999-04-23,84.438857,84.982622,83.895093,84.400017,4593100
1999-04-26,84.827253,85.021454,84.186388,84.885513,3606500
1999-04-27,85.215662,85.448704,84.419435,85.293343,5147200
1999-04-28,84.788429,85.293353,83.895101,84.128143,5544300
1999-04-29,84.244653,84.555375,83.157124,83.487267,9824300
1999-04-30,83.953353,84.283496,81.720035,82.807564,10991900
1999-05-03,82.924083,84.419435,82.710461,84.322334,10709700
1999-05-04,83.972796,84.400040,82.729906,83.118309,10509300
1999-05-05,83.234823,83.933949,81.933672,83.778587,10032300
1999-05-06,83.545508,83.972752,82.263778,83.263916,13507200
1999-05-07,83.584373,83.972776,82.924088,83.895096,8680700
1999-05-10,83.798033,84.341798,82.982386,83.477600,5580100
1999-05-11,84.089292,85.060300,83.720309,84.322334,7000600
1999-05-12,84.361205,85.273953,81.720063,84.982651,13865800
1999-05-13,85.293386,85.759470,85.021504,85.351646,4485700
1999-05-14,83.623230,84.438877,82.962944,83.137726,8370100
1999-05-17,83.040642,83.574697,82.263836,83.390205,6268100
1999-05-18,83.603816,83.885408,82.419186,83.234833,8218600
1999-05-19,83.564956,83.895098,82.807569,83.836838,5052400
1999-05-20,83.972813,84.264115,83.312527,83.331947,4670400
1999-05-21,83.351341,83.700904,82.399753,82.865837,6418200
1999-05-24,83.176554,83.176554,81.030626,81.487000,7952000
1999-05-25,81.642375,82.244401,79.816880,80.166443,15406400
1999-05-26,80.360628,81.409316,79.603241,81.059753,12575900
1999-05-27,80.690773,80.962655,79.544984,79.894547,14515400
1999-05-28,80.166455,81.253984,79.913992,80.914131,8748000
1999-06-01,80.865519,80.884939,79.777990,80.632477,6705300
1999-06-02,80.632486,80.904368,79.554668,80.710167,6981900
1999-06-03,81.215113,81.331634,80.651929,81.156853,6076600
1999-06-04,81.700678,82.875599,81.370535,82.788208,9787200
1999-06-07,82.924127,83.390212,82.593985,83.001808,5299100
1999-06-08,82.885268,83.147440,81.778318,82.186142,4895700
1999-06-09,82.283249,82.710492,81.914265,82.108467,7409700
1999-06-10,81.681202,81.700622,80.535412,81.351059,7040700
1999-06-11,81.545271,82.166717,80.224700,80.671364,12824800
1999-06-14,81.215123,81.253963,80.506287,80.749039,6823500
1999-06-15,81.079210,81.817176,80.836457,81.292831,5700900
1999-06-16,82.263838,83.196006,82.263838,82.846443,7865800
1999-06-17,82.574541,84.244675,82.419180,83.623230,8162800
1999-06-18,83.563988,83.953564,83.135455,83.719818,2875100
1999-06-21,83.817195,84.304165,83.310747,83.914589,4646400
1999-06-22,83.525080,84.265274,83.213419,83.330292,5862400
1999-06-23,82.901778,83.291354,82.356372,82.921257,9629200
1999-06-24,82.823802,82.862759,81.440808,82.297874,9176900
1999-06-25,82.648514,82.911478,81.810926,82.093369,4087000
1999-06-28,82.706982,83.291346,82.590109,83.096558,5028900
1999-06-29,82.901754,84.265270,82.765403,83.875694,6956200
1999-06-30,83.914654,85.706703,83.427684,85.395042,16856100
1999-07-01,85.394951,86.329932,84.810587,86.037750,9939500
1999-07-02,86.096267,86.953334,85.959915,86.894897,3772800
1999-07-06,86.797482,87.732463,86.388427,86.875397,11221100
1999-07-07,86.680626,87.089681,86.339747,86.992287,3230700
1999-07-08,86.680604,87.654543,86.485816,87.060440,7101500
1999-07-09,87.264992,87.635089,86.992289,87.576653,2976800
1999-07-12,87.849359,87.849359,86.953335,87.187080,4436300
1999-07-13,86.875397,87.216276,86.427385,86.875397,6477600
1999-07-14,87.264987,87.401339,86.485835,87.362381,4382500
1999-07-15,87.751896,88.121992,87.459714,87.917465,3348600
1999-07-16,88.044127,88.609012,87.732466,88.394745,2281500
1999-07-19,88.628480,88.667438,87.615584,87.810371,4287000
1999-07-20,87.342903,87.518212,85.726163,86.008606,7060100
1999-07-21,86.076809,86.583258,85.589839,85.911240,4793700
1999-07-22,85.667710,86.018329,84.440547,84.781425,7804100
1999-07-23,85.180699,85.394965,84.226239,84.615814,4603000
1999-07-26,84.070477,84.849628,83.914646,83.992561,4333400
1999-07-27,84.771709,85.521643,84.382134,84.693794,5908500
1999-07-28,84.927450,85.589729,84.518396,84.966408,3955500
1999-07-29,84.109445,84.304233,83.096547,83.778305,7760600
1999-07-30,84.031457,84.362596,82.628985,82.745857,5994300
1999-08-02,82.745894,83.992536,82.590063,82.940681,6065500
1999-08-03,83.349778,83.427693,81.888868,82.551147,5445400
1999-08-04,82.726420,83.447135,81.304468,81.421341,6497900
1999-08-05,81.577173,82.239452,80.311052,82.161537,10322000
1999-08-06,81.791446,82.278415,80.720112,81.265518,7537700
1999-08-09,81.401863,82.151796,80.875936,81.090202,5565900
1999-08-10,80.953864,81.129173,79.161815,80.194191,9793300
1999-08-11,80.836989,81.362917,80.174711,81.168129,8003400
1999-08-12,81.460309,82.161546,80.973340,81.119431,7036800
1999-08-13,82.044662,83.057559,81.733001,82.999123,5857700
1999-08-16,82.979679,83.505607,82.434273,83.369255,3927000
1999-08-17,83.797716,84.050940,82.979607,83.914589,4808000
1999-08-18,83.651639,83.758773,83.057536,83.310760,4355500
1999-08-19,82.512148,83.047815,82.083615,82.629021,6448100
1999-08-20,82.940686,83.602965,82.706941,83.466614,3663700
1999-08-23,84.031467,85.112540,83.934073,85.063843,5637800
1999-08-24,84.810672,85.998878,84.382138,85.375557,9279500
1999-08-25,85.511859,86.505276,84.869059,86.252052,6005300
1999-08-26,86.193589,86.281244,85.083299,85.219650,4322300
1999-08-27,85.317094,85.433967,84.187325,84.187325,6247400
1999-08-30,84.362633,84.460027,82.278402,82.629021,4652000
1999-08-31,82.862781,83.369230,81.577181,82.317375,11453700
1999-09-01,82.862801,83.359510,82.473225,83.330292,6863900
1999-09-02,82.356312,82.697191,81.440809,82.346573,10896300
1999-09-03,84.070447,85.083344,83.953575,84.752205,9160800
1999-09-07,84.810695,85.161313,84.284767,84.440598,4560800
1999-09-08,84.051003,84.810676,83.544555,84.031525,6159600
1999-09-09,83.992561,84.304222,83.330282,83.992561,6177800
1999-09-10,84.927540,84.995716,84.109430,84.693794,2934500
1999-09-13,84.226282,84.440548,83.836706,84.119148,2320500
1999-09-14,83.564003,83.875664,83.135470,83.564003,3736000
1999-09-15,84.421057,84.421057,82.200476,82.239433,6984500
1999-09-16,82.590063,82.784850,81.226547,82.560844,15377600
1999-09-17,82.900846,83.721259,82.607841,83.604057,8542300
1999-09-20,83.721228,83.760295,83.193819,83.486824,2803900
1999-09-21,82.666390,82.803126,81.357636,81.728775,9335200
1999-09-22,82.041309,82.412448,81.103694,81.640869,13009100
1999-09-23,82.392957,82.392957,79.775448,79.931717,12204100
1999-09-24,79.853569,80.244242,78.955021,79.853569,13792900
1999-09-27,80.478642,81.103719,80.185637,80.380974,6970300
1999-09-28,79.970748,80.517690,78.486191,80.224686,11063400
1999-09-29,80.283328,80.713069,79.228511,79.267578,7580300
1999-09-30,79.658224,80.908378,79.365220,80.478638,7498900
1999-10-01,79.970784,80.361457,79.150371,80.302856,11127100
1999-10-04,80.752093,81.806910,80.478622,81.728775,6341600
1999-10-05,81.709251,82.490597,80.439564,81.650650,11976000
1999-10-06,81.728791,83.018012,81.689724,82.900810,10308200
1999-10-07,83.047278,83.135180,82.197565,82.431969,6535600
1999-10-08,82.353864,83.682152,82.031558,83.682152,9674300
1999-10-11,83.506358,83.838430,83.330555,83.545425,4282000
1999-10-12,83.213344,83.330546,82.002258,82.256195,8686100
1999-10-13,81.689729,82.080402,80.127037,80.127037,10469300
1999-10-14,80.312617,80.752124,79.228499,80.107513,10562200
1999-10-15,78.759715,79.228523,77.822099,78.056503,14238700
1999-10-18,78.095547,78.720624,77.157931,78.622955,9758800
1999-10-19,79.501945,80.166089,78.720599,79.384743,14392900
1999-10-20,79.853569,80.927920,79.462896,80.166107,9759400
1999-10-21,79.521485,80.634903,79.150346,80.634903,9105400
1999-10-22,81.103695,82.021777,80.986493,81.318565,8309600
1999-10-25,80.830267,81.553012,80.478661,80.908401,8114300
1999-10-26,81.377212,81.689751,79.892654,79.892654,6256300
1999-10-27,80.244213,81.455298,80.166078,81.338097,5433300
1999-10-28,82.783642,84.297501,82.627373,84.111931,10509700
1999-10-29,84.912746,86.065231,84.834611,85.635490,10988600
1999-11-01,85.323009,85.635548,84.737000,84.737000,4006500
1999-11-02,84.990920,85.791800,84.131439,84.131439,6516900
1999-11-03,85.010430,85.244833,84.463487,84.697891,7222300
1999-11-04,85.479211,85.860117,84.863902,85.342476,7907500
1999-11-05,86.651234,86.954005,85.498749,86.182426,7431500
1999-11-08,85.635551,86.495032,85.479281,86.260628,4649200
1999-11-09,86.573151,86.690353,85.186262,85.449966,4533700
1999-11-10,85.166696,86.504751,85.059261,86.084778,6405600
1999-11-11,86.377814,86.573151,85.928540,86.573151,4794100
1999-11-12,87.041946,87.500987,85.713658,87.354485,11802900
1999-11-15,87.413091,87.667028,87.139620,87.559593,2187500
1999-11-16,87.862366,89.385991,87.569362,88.292107,7544800
1999-11-17,88.917216,89.346956,88.331206,88.526543,9459000
1999-11-18,89.034387,89.385992,88.526512,89.151588,4491000
1999-11-19,89.014855,89.366461,88.760917,89.073456,4832100
1999-11-22,89.034368,89.385974,88.448359,89.053902,4155400
1999-11-23,89.288310,89.288310,87.745152,88.272560,5918000
1999-11-24,87.979544,89.034361,87.510736,88.741356,4459700
1999-11-26,89.053897,89.307834,88.292085,88.409286,1693900
1999-11-29,88.057742,88.712120,87.784271,88.096809,7348600
1999-11-30,87.979559,88.956242,86.885675,87.061478,7682000
1999-12-01,87.080994,87.823272,86.885657,87.764671,6980200
1999-12-02,87.901434,88.370241,87.745164,88.292107,6698300
1999-12-03,89.405531,90.851022,89.405531,89.913406,10045400
1999-12-06,89.718037,89.835239,88.917157,89.249229,3138900
1999-12-07,89.561827,89.581360,88.370273,88.526543,10714200
1999-12-08,88.350703,88.799977,87.823294,87.960030,4611400
1999-12-09,88.643670,88.897607,87.120046,88.389732,6474700
1999-12-10,88.936677,89.268749,88.057663,88.682739,5127300
1999-12-13,88.409295,89.210174,88.311627,88.839035,4210800
1999-12-14,88.526488,89.063663,87.901411,87.979546,5739000
1999-12-15,87.745138,88.887856,87.530268,88.448349,6879100
1999-12-16,88.878102,89.171107,88.233492,88.839035,5854900
1999-12-17,89.605362,89.801178,89.017914,89.409546,4775400
1999-12-20,89.331218,89.722849,88.410883,88.763351,4608700
1999-12-21,88.724224,90.271170,88.567571,90.114517,7981300
1999-12-22,89.997019,90.349487,89.585805,90.349487,5377500
1999-12-23,90.868445,91.788780,90.858654,91.788780,5721700
1999-12-27,91.798570,91.974805,90.897816,91.661499,2691000
1999-12-28,91.406921,91.798553,91.162151,91.602737,4084500
1999-12-29,91.681026,91.994331,91.054415,91.994331,3001000
1999-12-30,92.190150,92.464292,91.602702,91.886635,3641300
1999-12-31,92.013942,92.425156,91.641892,92.033524,3172700
2000-01-03,92.895095,92.895095,90.153672,91.132751,8164300
2000-01-04,89.938259,90.271146,87.500350,87.568886,8089800
2000-01-05,87.686400,88.685061,86.002382,87.725563,12177900
2000-01-06,87.490601,88.665497,86.315704,86.315704,6227200
2000-01-07,87.921392,91.328590,87.764739,91.328590,8066500
2000-01-10,91.641876,92.053090,90.878194,91.641876,5741700
2000-01-11,91.367746,91.543980,89.918707,90.545319,7503700
2000-01-12,90.604029,90.604029,89.527042,89.644531,6907700
2000-01-13,90.525694,91.328540,89.781594,90.858582,5158300
2000-01-14,91.818105,92.405553,91.465636,92.092247,7437300
2000-01-18,91.074020,91.876866,90.976112,91.367744,6488500
2000-01-19,91.054388,92.111794,90.858572,92.111794,6157900
2000-01-20,92.092274,92.092274,90.114533,90.701981,5800100
2000-01-21,91.171908,91.171908,90.271155,90.506134,6244800
2000-01-24,91.269867,91.387357,87.353546,87.940994,7896900
2000-01-25,88.048673,88.939636,87.098966,88.939636,9942500
2000-01-26,88.352193,88.694871,87.784326,88.234703,5158100
2000-01-27,88.880864,89.115843,86.550654,87.882202,10922700
2000-01-28,87.373111,87.764743,84.925410,85.140808,11916200
2000-01-31,85.101602,87.519929,84.592481,87.451393,10768700
2000-02-01,87.568926,88.782985,86.805243,88.313026,8419900
2000-02-02,88.528360,89.135389,87.960494,88.391289,6205900
2000-02-03,88.273847,89.762048,87.725562,89.722885,7997500
2000-02-04,89.722880,90.232002,89.057106,89.350830,4925400
2000-02-07,89.331273,89.468344,88.626335,89.213783,5845800
2000-02-08,90.212406,90.584456,89.997008,90.427803,4936400
2000-02-09,90.525712,90.525712,88.518598,88.528389,8511500
2000-02-10,88.743799,89.331247,88.273840,88.704636,6690600
2000-02-11,88.880879,88.939624,86.491924,86.903137,9849800
2000-02-14,87.588535,87.588535,86.668199,87.412300,8528800
2000-02-15,87.255630,88.489271,86.345085,88.401154,11078300
2000-02-16,87.960544,88.313012,86.971673,87.098953,8845400
2000-02-17,87.999697,87.999697,86.609404,86.648567,7584200
2000-02-18,87.020625,87.020625,84.357527,84.788322,9409200
2000-02-22,84.709970,85.434489,83.672146,84.572899,16415400
2000-02-23,84.984146,86.139461,84.279209,85.571594,12119000
2000-02-24,85.649888,85.865285,83.398004,83.848381,17375000
2000-02-25,84.710012,85.669510,83.417626,83.544907,10559900
2000-02-28,83.574252,85.649901,83.163038,85.297432,13397800
2000-02-29,85.258268,86.119858,85.062452,86.119858,8242500
2000-03-01,86.237369,87.098959,85.982808,86.746490,6868000
2000-03-02,86.903183,87.177326,86.061174,86.805275,7600200
2000-03-03,87.999678,88.802524,87.549302,88.430473,12770300
2000-03-06,88.234660,88.567547,86.942275,87.568886,11967100
2000-03-07,87.725552,87.823460,84.729568,85.875092,20062000
2000-03-08,85.512827,86.374417,84.612073,85.767387,11808500
2000-03-09,86.002317,88.273781,85.297380,88.273781,5500900
2000-03-10,87.843080,88.978813,87.431866,87.803917,7924600
2000-03-13,85.649928,88.019302,85.023317,86.844406,10540500
2000-03-14,87.275200,87.784321,85.317040,85.610764,8263900
2000-03-15,85.767355,87.999656,85.258234,87.608025,10300800
2000-03-16,88.743823,92.013951,88.273865,91.700645,25601400
2000-03-17,91.599957,92.974153,91.364381,92.306686,10272900
2000-03-20,92.267393,92.561863,90.952091,91.835503,12502300
2000-03-21,91.423276,94.073511,90.775441,93.720146,13612600
2000-03-22,93.955726,94.760612,93.406048,94.289459,8260000
2000-03-23,93.700525,96.409654,93.700525,95.899239,11654500
2000-03-24,96.036631,97.842717,95.310271,96.468521,11462900
2000-03-27,96.350728,96.605936,95.369160,95.447685,8798600
2000-03-28,95.015798,96.105339,94.603540,94.898010,6334400
2000-03-29,95.212100,95.791225,94.014587,94.996155,6747500
2000-03-30,94.328741,95.437914,92.424498,93.406067,9491900
2000-03-31,93.995003,95.683301,93.249011,94.466156,9249100
2000-04-03,94.309064,95.015793,93.406021,95.015793,8508200
2000-04-04,95.329898,96.115152,88.822101,94.309067,19585500
2000-04-05,92.895629,94.740977,92.738578,93.720146,8387200
2000-04-06,94.387555,95.290597,93.602301,94.534790,6378500
2000-04-07,95.212139,95.565504,94.544673,95.133614,6023600
2000-04-10,95.329891,96.183856,94.426849,94.760582,9624200
2000-04-11,94.230472,95.251302,93.209642,94.485680,9006400
2000-04-12,94.466102,94.956886,91.815868,91.894394,10779200
2000-04-13,92.640408,93.072298,90.323907,90.618378,12225800
2000-04-14,89.597597,89.715385,83.865235,85.435745,29604000
2000-04-17,84.925265,88.419647,84.611163,88.419647,23918200
2000-04-18,88.301878,90.755798,87.811094,90.755798,11069200
2000-04-19,90.775401,91.168028,89.538625,89.911621,6553700
2000-04-20,90.186485,90.422062,89.440494,90.343536,8537600
2000-04-24,88.890771,90.029389,88.262567,89.361923,12893100
2000-04-25,90.853982,93.072327,90.736194,93.072327,14102000
2000-04-26,92.954516,93.445300,91.717740,92.022026,7711100
2000-04-27,89.833102,92.561861,89.833102,91.717712,15595300
2000-04-28,92.345897,92.885759,91.128753,91.148384,8743400
2000-05-01,92.071076,93.278404,91.619555,92.385178,7328300
2000-05-02,91.403628,92.424459,90.539848,90.539848,9411900
2000-05-03,90.461309,90.461309,87.811075,88.419647,12630700
2000-05-04,89.204908,89.430669,88.419654,89.087120,5963600
2000-05-05,88.615955,90.461302,88.537429,90.166832,7862400
2000-05-08,89.676076,90.068704,89.106767,89.489578,5064100
2000-05-09,89.872397,90.088342,88.115390,88.773041,5620300
2000-05-10,88.262606,88.557076,86.535046,86.770622,10293900
2000-05-11,88.027080,88.890860,87.398876,88.753441,7091100
2000-05-12,89.087144,90.127606,88.969355,89.715347,5960800
2000-05-15,89.676072,91.472342,89.204919,91.266212,4441300
2000-05-16,92.071095,92.797455,91.285840,92.149620,8192200
2000-05-17,91.521416,91.835518,90.755793,91.187683,5907200
2000-05-18,91.482138,91.914028,90.068680,90.068680,4325600
2000-05-19,89.558239,89.980314,88.203676,88.655197,6518400
2000-05-22,88.733754,88.871174,86.063889,87.987762,10839400
2000-05-23,88.223370,88.458947,86.417284,86.692123,7979200
2000-05-24,86.692140,88.380438,85.749834,88.105598,11081500
2000-05-25,88.380418,89.087147,86.515438,86.593964,8278900
2000-05-26,87.202539,87.752217,86.270049,86.692123,4814000
2000-05-30,87.948533,89.793882,87.614800,89.519043,5362700
2000-05-31,89.558296,90.461339,89.263826,89.715347,6056500
2000-06-01,90.265020,91.364376,89.833129,91.285851,8961600
2000-06-02,93.563082,93.661239,92.650224,92.875984,8962200
2000-06-05,92.640353,93.111505,92.267357,92.424408,6998100
2000-06-06,92.110364,92.836724,91.658842,92.012207,4858900
2000-06-07,92.110398,92.974179,91.717771,92.650261,4919500
2000-06-08,92.660067,92.817118,91.757024,92.287071,5723100
2000-06-09,92.660046,92.954516,91.482164,92.090736,3085300
2000-06-12,92.326257,92.326257,91.010956,91.010956,3678900
2000-06-13,90.971727,92.817075,90.853939,92.718918,6558700
2000-06-14,93.131192,93.523819,92.463726,92.875984,6420500
2000-06-15,93.052695,93.445323,92.247809,93.072327,5881200
2000-06-16,93.389808,93.389808,91.854956,92.307541,5567900
2000-06-19,92.228870,93.921142,92.091127,93.488235,5106900
2000-06-20,93.311122,93.744029,92.563374,93.153702,6480000
2000-06-21,92.523991,93.468515,92.494475,93.114319,3115000
2000-06-22,92.917550,92.996261,91.303989,91.697540,7490500
2000-06-23,91.815623,92.012399,90.595612,90.910454,4863300
2000-06-26,91.540082,92.091054,91.225240,92.081215,5201300
2000-06-27,91.923823,92.386246,91.313818,91.402367,4159500
2000-06-28,91.697497,92.553472,91.500721,91.658142,5347700
2000-06-29,91.146593,91.776276,90.369328,90.792397,6345700
2000-06-30,90.634966,91.677878,90.605449,91.481102,7420200
2000-07-03,91.579448,92.838813,91.422027,92.740425,1436600
2000-07-05,92.169808,92.346906,90.910443,91.067863,2748200
2000-07-06,91.264628,92.228830,90.812044,91.776245,5963200
2000-07-07,92.366569,93.684967,92.091083,93.252060,3034800
2000-07-10,93.114343,93.763703,92.897890,93.094666,2816100
2000-07-11,92.858506,93.901417,92.661730,93.291412,5431600
2000-07-12,93.999770,94.531065,93.625896,93.901382,5883000
2000-07-13,94.442563,94.688533,93.940785,94.314659,5356000
2000-07-14,94.727870,95.239487,94.245769,95.239487,5341900
2000-07-17,95.072269,95.701952,94.885332,95.082108,4208300
2000-07-18,94.846027,94.846027,94.039246,94.304893,4262100
2000-07-19,94.117907,94.393393,93.350481,93.547256,8506800
2000-07-20,93.822758,94.845993,93.704693,94.845993,4538900
2000-07-21,94.294998,94.294998,92.996277,92.996277,5656900
2000-07-24,93.271731,93.734155,92.287852,92.464951,5628500
2000-07-25,93.035618,93.094651,92.425613,92.760132,4757100
2000-07-26,92.543681,92.661746,91.707383,91.854965,12062500
2000-07-27,91.894373,92.327280,91.107269,91.540176,7652600
2000-07-28,91.756592,91.874657,89.109956,89.473991,6229500
2000-07-31,90.005231,90.752979,89.454259,90.044586,5265500
2000-08-01,90.438198,91.126914,90.123357,90.595619,3946600
2000-08-02,90.595588,91.559789,90.438167,91.048172,7439800
2000-08-03,89.965922,91.815615,89.808501,91.677872,4607100
2000-08-04,92.130506,92.386314,91.559855,92.169861,3686600
2000-08-07,92.386260,93.468527,92.169807,93.271751,4159800
2000-08-08,92.878205,93.704664,92.878205,93.625954,3658700
2000-08-09,93.911242,93.960436,92.799459,92.838814,5383800
2000-08-10,92.897878,93.104493,92.110775,92.386261,4193400
2000-08-11,92.327251,93.193065,91.658213,92.819191,5089400
2000-08-14,93.055278,94.176900,92.602693,93.999802,2966700
2000-08-15,94.039185,94.334349,93.547246,93.921120,5564600
2000-08-16,94.019478,94.413029,93.094631,93.586571,5191600
2000-08-17,93.625941,94.727886,93.409488,94.570465,5652200
2000-08-18,94.688522,94.688522,93.960452,94.255615,4626400
2000-08-21,94.472071,94.904978,94.078519,94.767235,2380600
2000-08-22,94.806632,95.278894,94.511468,94.609856,3075300
2000-08-23,94.334374,95.259220,93.999855,94.983734,5483200
2000-08-24,95.180474,95.396928,94.767245,95.278862,4529000
2000-08-25,95.180454,95.475618,95.042711,95.239487,2822200
2000-08-28,95.239483,96.282395,95.239483,95.564163,5518700
2000-08-29,95.357547,95.633033,95.023028,95.583839,3561900
2000-08-30,95.278820,95.396886,94.668816,94.668816,3964800
2000-08-31,95.121449,96.400492,95.023061,95.928230,4863100
2000-09-01,96.498881,96.715334,95.711778,96.026619,3191200
2000-09-05,95.633052,95.839667,94.964014,95.259178,3470800
2000-09-06,95.200160,95.682261,94.157248,94.176926,4322200
2000-09-07,94.609860,95.131316,94.344212,94.983734,4265500
2000-09-08,94.629514,94.767257,94.029348,94.334351,3518200
2000-09-11,94.294990,95.200159,93.625952,94.196602,3937500
2000-09-12,94.295038,94.609880,93.468579,93.507935,4769100
2000-09-13,93.193019,94.039155,92.976566,93.753830,7691600
2000-09-14,94.373664,94.413019,93.291397,94.226082,3397100
2000-09-15,93.545542,93.584996,92.164650,92.164650,4085700
2000-09-18,92.401362,92.776175,91.030334,91.316376,5109300
2000-09-19,91.612276,92.361902,91.345961,92.144905,6588200
2000-09-20,91.967364,92.184361,90.369475,91.464325,6508100
2000-09-21,91.198010,91.888456,90.034116,90.073570,5972300
2000-09-22,90.034140,91.730665,89.905915,91.710938,7791300
2000-09-25,92.125211,92.204119,90.724592,91.059952,9726300
2000-09-26,91.138821,91.533361,89.896019,89.896019,5302400
2000-09-27,90.625920,90.882371,89.718477,90.369469,7186200
2000-09-28,90.389226,92.371792,90.201820,91.533394,7036400
2000-09-29,91.829300,92.144932,90.665405,90.665405,9333600
2000-10-02,91.079676,91.474216,90.359639,90.803497,5517800
2000-10-03,91.237503,92.006857,89.817157,89.955246,9347200
2000-10-04,90.191901,91.059890,89.481729,90.704803,6148900
2000-10-05,90.527302,91.434745,90.468121,91.020477,4566900
2000-10-06,90.823184,91.306496,88.219218,89.047752,10014900
2000-10-09,89.205595,89.205595,87.982519,88.377060,4508000
2000-10-10,88.436232,89.166132,86.917252,86.917252,6104700
2000-10-11,86.877778,87.509042,85.299616,86.187332,10346000
2000-10-12,86.660756,86.858026,83.820066,84.037064,12336900
2000-10-13,83.918771,86.897552,83.879317,86.838371,11778800
2000-10-16,86.739719,87.262485,86.285998,87.232895,5659000
2000-10-17,87.390700,87.469608,84.845915,85.062912,7831700
2000-10-18,83.721464,85.930890,82.163029,84.747269,10897300
2000-10-19,86.384642,88.031849,86.128191,87.943077,8767300
2000-10-20,87.351285,89.126717,87.351285,88.317909,7373500
2000-10-23,88.337574,89.028019,87.706309,88.712387,5290000
2000-10-24,88.988579,89.600117,87.745777,88.120590,5750700
2000-10-25,87.587955,88.100857,85.930886,86.049248,9137600
2000-10-26,86.562174,86.897533,84.609199,86.285995,9345800
2000-10-27,87.035631,87.923347,86.246550,87.923347,9762900
2000-10-30,87.390677,89.067473,87.213134,88.712387,10154100
2000-10-31,89.018181,90.704842,88.416507,90.241257,7752400
2000-11-01,89.797412,90.428677,89.146420,89.935501,6753600
2000-11-02,90.369492,90.842941,89.965088,90.083450,11395100
2000-11-03,90.566769,90.744312,89.876323,90.132774,5187100
2000-11-06,90.369498,91.089534,90.290590,90.764038,4042500
2000-11-07,90.359586,90.902079,89.994636,90.744263,5231300
2000-11-08,90.941550,90.941550,88.732124,88.732124,6123300
2000-11-09,88.377055,89.146409,86.641077,88.396782,10635300
2000-11-10,87.745790,88.041695,86.187355,86.246536,8569500
2000-11-13,85.615298,86.473424,83.968091,85.575844,17285300
2000-11-14,86.779145,88.140309,86.483239,87.824677,7668900
2000-11-15,87.785259,88.446114,86.956724,88.100891,8837700
2000-11-16,87.479461,88.298132,86.680517,86.719971,6684100
2000-11-17,86.680547,87.745807,85.694196,86.256416,6551100
2000-11-20,85.694202,86.088743,84.786759,85.023483,5458500
2000-11-21,85.141819,85.970353,84.283693,85.457451,7684300
2000-11-22,84.806489,85.141848,83.405870,83.415733,5736900
2000-11-24,84.352739,85.201001,84.352739,85.122093,3411600
2000-11-27,86.147890,86.285979,85.417990,85.871712,5992000
2000-11-28,85.299640,86.226810,84.362606,84.392197,5336100
2000-11-29,84.826170,85.792794,84.125861,84.234360,6914100
2000-11-30,83.642583,84.273848,81.906605,83.504494,11201600
2000-12-01,84.076580,84.628937,82.695688,83.465042,7587200
2000-12-04,83.248024,84.510553,83.011300,84.175194,6996600
2000-12-05,85.141830,87.272348,84.845924,86.936989,8883400
2000-12-06,86.976412,87.331499,85.240435,85.546204,12888000
2000-12-07,85.141821,85.773086,84.372467,84.372467,6529100
2000-12-08,86.522731,88.041712,84.510574,84.569756,10276300
2000-12-11,86.719998,88.100890,86.305731,87.509079,6405600
2000-12-12,87.232836,87.627376,86.719934,87.134201,5022900
2000-12-13,87.903581,88.002216,85.871698,85.940742,6070500
2000-12-14,85.773048,86.167588,84.609154,84.845879,7678400
2000-12-15,84.294874,84.294874,82.672297,82.929535,9065300
2000-12-18,83.622120,84.512560,83.434139,84.037659,7235400
2000-12-19,83.879348,85.462351,82.326027,82.326027,9616600
2000-12-20,81.445472,81.643347,79.842682,79.941620,9994300
2000-12-21,79.783278,81.593836,79.486465,80.495628,14331500
2000-12-22,81.682910,83.018568,81.583972,82.909737,10182900
2000-12-26,82.850385,83.800186,82.494209,83.800186,4665300
2000-12-27,83.424251,84.680759,83.107650,84.413628,4854100
2000-12-28,84.096976,84.769752,83.958464,84.670815,8358700
2000-12-29,84.888484,85.026996,83.068031,83.068031,8774600
2001-01-02,83.582537,83.681475,80.772708,81.564209,8737500
2001-01-03,81.247586,86.115318,80.832048,85.482117,19431600
2001-01-04,85.442572,85.778960,84.215745,84.562027,9219000
2001-01-05,84.512527,84.611465,81.801636,81.801636,12911400
2001-01-08,82.236954,82.434830,80.851828,82.434830,6625300
2001-01-09,82.979014,83.265933,81.950062,82.217194,5702400
2001-01-10,81.682914,83.661667,81.564189,83.661667,8746100
2001-01-11,83.008683,84.522429,83.008683,83.740822,7245100
2001-01-12,84.017853,84.670841,83.127414,83.582527,7244000
2001-01-16,83.582558,84.334484,83.275851,84.116821,8542200
2001-01-17,85.383177,85.511796,83.988156,84.502632,7851400
2001-01-18,84.492749,85.927345,84.176148,85.343613,8107000
2001-01-19,86.234090,86.234090,84.769812,84.858856,7782500
2001-01-22,85.007252,85.976842,84.571927,85.422791,7050900
2001-01-23,85.145764,86.530892,84.947889,86.095566,8463100
2001-01-24,86.273641,86.946417,86.016403,86.352791,6199900
2001-01-25,86.273606,86.906807,85.897643,86.135094,10818300
2001-01-26,85.581065,86.194479,85.135846,86.036179,7136800
2001-01-29,85.798752,86.685230,85.716433,86.495277,6705900
2001-01-30,86.305265,87.331047,85.982326,87.255066,7069100
2001-01-31,87.001817,87.824981,86.495264,86.761208,9706900
2001-02-01,86.811854,87.350069,86.273629,87.337402,8239100
2001-02-02,87.001847,87.375443,85.323868,85.355530,8276600
2001-02-05,85.355483,86.077332,85.323821,85.982346,4352900
2001-02-06,85.672110,86.558587,85.621452,85.729095,7106700
2001-02-07,85.304853,85.735426,84.646319,85.285858,5748700
2001-02-08,85.355485,85.735400,84.279045,84.291702,5943300
2001-02-09,84.437333,84.437333,83.113936,83.481194,9913000
2001-02-12,83.392560,84.532324,83.392560,84.437347,5804400
2001-02-13,84.658942,84.956547,83.582503,83.747131,6587600
2001-02-14,83.994131,83.994131,82.734067,83.620544,8400100
2001-02-15,84.114422,84.545004,83.576207,84.431023,5929800
2001-02-16,82.949344,83.132968,81.872904,82.569420,6434900
2001-02-20,82.974640,83.037964,81.113037,81.296661,5760000
2001-02-21,80.986407,81.581612,79.466723,79.542709,10910800
2001-02-22,80.004969,80.125279,77.896408,79.663040,21281600
2001-02-23,79.200772,79.492044,77.123874,79.124786,20173000
2001-02-26,79.656679,80.809105,78.833516,80.809105,11503700
2001-02-27,80.289850,80.948374,79.473020,80.061897,11415000
2001-02-28,80.258232,80.315218,78.054691,78.485268,14825800
2001-03-01,78.548600,78.896858,77.092236,78.896858,14672000
2001-03-02,77.567135,79.561720,77.440497,78.269989,12564300
2001-03-05,78.611880,79.010795,78.396589,78.985466,5293200
2001-03-06,80.004947,80.891429,79.460393,79.833984,6917000
2001-03-07,80.353197,80.441845,79.631348,80.403854,6371700
2001-03-08,80.163248,80.568497,79.871976,80.492516,6055000
2001-03-09,79.846649,79.846649,77.953379,78.111679,10020300
2001-03-12,77.465820,77.567135,74.559429,74.768387,13972900
2001-03-13,75.604184,76.262713,74.420096,75.996765,12888000
2001-03-14,74.116174,75.534543,73.293011,74.496094,19883400
2001-03-15,75.002669,75.262284,74.312482,74.515106,10370300
2001-03-16,74.366513,74.537940,72.893531,73.020515,58514600
2001-03-19,73.496690,74.722058,72.899877,74.506187,10067800
2001-03-20,74.855379,75.210925,72.449086,72.506226,15083900
2001-03-21,72.493531,73.179230,71.045947,71.274513,19004600
2001-03-22,71.122131,71.490378,68.595210,70.550720,28624800
2001-03-23,71.903085,72.798304,70.792000,72.684021,12861700
2001-03-26,73.458581,73.820477,72.868119,73.610962,9943800
2001-03-27,73.407807,75.331570,73.191936,75.115700,12880700
2001-03-28,74.220476,74.252218,72.950664,73.039551,10953300
2001-03-29,72.823686,73.966518,71.198329,73.318916,12060300
2001-03-30,73.363381,74.087173,72.696728,74.087173,9183600
2001-04-02,73.839531,74.525226,72.252267,72.506226,10561000
2001-04-03,72.366564,72.474497,69.877730,70.087250,12836000
2001-04-04,70.201545,71.172951,69.395217,70.379318,14884300
2001-04-05,71.934814,73.325254,71.426887,73.045898,21522800
2001-04-06,72.372911,72.633225,71.147543,71.934830,14937800
2001-04-09,72.379279,73.007835,71.604693,72.734825,9034300
2001-04-10,73.299855,74.760140,73.122082,74.061745,17873600
2001-04-11,75.414118,75.547448,73.737967,74.112564,12722300
2001-04-12,73.839595,75.515747,73.623724,75.458603,9233200
2001-04-16,75.103042,75.483985,74.226873,74.664955,7350000
2001-04-17,74.480810,75.972843,74.296687,75.718880,10924700
2001-04-18,76.861700,79.998137,76.626788,78.728325,32481600
2001-04-19,78.887071,79.896569,78.461685,79.775940,13809900
2001-04-20,79.299717,79.617170,78.512435,79.045753,7626700
2001-04-23,78.506105,78.658481,77.401370,77.610886,8451800
2001-04-24,77.788634,78.506080,76.887069,77.191826,10044700
2001-04-25,77.090285,78.518823,76.791878,78.201370,8249000
2001-04-26,78.556895,79.502903,78.410865,78.550545,10590400
2001-04-27,79.312379,79.896491,78.855247,79.858398,7938700
2001-04-30,80.283848,80.804471,79.153717,80.417183,10766900
2001-05-01,79.407694,80.728300,79.109288,80.664810,10578000
2001-05-02,80.893365,81.071138,79.998146,80.518768,9572900
2001-05-03,80.080679,80.093380,78.868011,79.496567,9926200
2001-05-04,78.506093,80.855243,78.372764,80.848892,12145300
2001-05-07,80.544156,80.874305,80.144167,80.150513,7185200
2001-05-08,80.544163,80.696539,79.718783,80.112427,6952600
2001-05-09,79.521977,80.347356,79.401343,79.775940,9507400
2001-05-10,80.798136,80.950512,79.852123,80.010849,6872400
2001-05-11,79.998096,80.309199,78.982248,79.458427,7734400
2001-05-14,79.299742,79.642592,79.020382,79.617195,7914000
2001-05-15,79.712441,80.315600,79.268004,79.985451,9782200
2001-05-16,79.261638,82.029828,79.121963,81.871101,14909000
2001-05-17,81.902815,82.588514,81.623455,81.998047,11824600
2001-05-18,81.959986,82.372681,81.331436,82.372681,6683100
2001-05-21,82.436142,83.705953,81.998055,83.585320,11531500
2001-05-22,83.699661,83.864733,83.217136,83.477440,8342700
2001-05-23,83.204417,83.204417,82.061584,82.061584,12330800
2001-05-24,82.201254,82.537753,81.617142,82.302841,7902800
2001-05-25,82.315548,82.347295,81.204467,81.331451,7425000
2001-05-29,81.407630,81.490171,80.569555,80.683838,9003900
2001-05-30,80.372743,80.690196,79.363245,79.553719,10041800
2001-05-31,79.636259,80.480685,79.528326,79.966408,9874200
2001-06-01,80.125120,80.696536,79.439425,80.461624,8848300
2001-06-04,80.506047,80.906036,80.048914,80.848892,5623500
2001-06-05,80.944141,82.048876,80.804461,81.775871,9115400
2001-06-06,81.794915,81.794915,80.861603,81.096519,12064900
2001-06-07,80.664773,81.490152,80.633026,81.388565,7355300
2001-06-08,81.077481,81.185419,80.087030,80.633049,8170600
2001-06-11,80.448900,80.626673,79.623526,80.061607,7012200
2001-06-12,79.274349,80.467971,78.753727,79.921951,9364400
2001-06-13,80.106054,80.366368,79.141000,79.236237,7629400
2001-06-14,78.842614,78.918804,77.299793,77.458519,12603000
2001-06-15,76.984777,77.933476,76.660053,77.583282,16821100
2001-06-18,77.455943,77.958946,76.984778,77.207626,11368300
2001-06-19,77.920755,78.245479,76.972056,77.545097,7732300
2001-06-20,77.163078,78.226385,77.105771,77.952599,8787200
2001-06-21,77.818909,79.149634,77.774339,78.837646,12259100
2001-06-22,78.627527,78.691197,77.780704,78.220032,12212000
2001-06-25,78.493826,78.595702,77.360480,77.500557,8406800
2001-06-26,76.978432,77.927131,76.768316,77.392296,8005800
2001-06-27,77.424142,77.831638,76.984815,77.347740,10105100
2001-06-28,77.678822,78.914045,77.634253,77.774330,10269300
2001-06-29,78.188190,78.958610,77.844365,78.060844,9824200
2001-07-02,78.188173,79.155973,78.073565,79.034996,8522200
2001-07-03,78.939505,79.015907,78.347363,79.015907,3303100
2001-07-05,78.360057,78.729351,77.462297,77.475029,5517900
2001-07-06,77.239479,77.354087,75.800514,75.800514,11665900
2001-07-09,76.080662,76.749211,75.896015,76.214371,8339300
2001-07-10,76.590055,76.812903,75.265694,75.297531,8630700
2001-07-11,75.195623,75.698626,74.552543,75.373901,15328600
2001-07-12,76.087064,77.341387,75.966087,77.163109,12002800
2001-07-13,76.940222,77.882557,76.800150,77.831619,10433800
2001-07-16,77.532373,77.857097,76.590042,76.857460,6915300
2001-07-17,76.532743,77.646989,76.297163,77.576950,7469800
2001-07-18,76.761954,77.449604,76.443598,77.048477,7709300
2001-07-19,77.793435,78.302806,76.889306,77.723396,10082900
2001-07-20,77.137611,77.640614,76.991165,77.258583,6705800
2001-07-23,77.551463,77.602397,75.736832,75.736832,8065200
2001-07-24,75.768675,75.896016,74.336074,75.004623,12269000
2001-07-25,75.081032,76.074305,74.788145,75.832352,12088500
2001-07-26,75.806861,76.946575,75.488506,76.628220,12898200
2001-07-27,76.933841,77.264929,76.348068,76.921104,8478800
2001-07-30,77.163079,77.264950,76.596406,76.946594,8547700
2001-07-31,77.042075,78.111750,76.914735,77.264923,11918100
2001-08-01,77.659686,78.124482,77.392268,77.748825,11940800
2001-08-02,78.461940,78.474672,77.608744,78.067177,11070100
2001-08-03,77.908050,77.908050,76.978452,77.640633,10816300
2001-08-06,77.264957,77.366833,76.469067,76.596413,8550100
2001-08-07,76.577289,77.169431,76.348078,76.895645,8865100
2001-08-08,76.481788,77.143968,75.405744,75.469414,15183800
2001-08-09,75.577683,75.749598,75.042847,75.692291,14118500
2001-08-10,75.641336,76.303512,74.711733,75.953323,11173300
2001-08-13,76.150675,76.309853,75.647673,75.972397,7431600
2001-08-14,76.494515,76.628224,75.641324,75.940575,13178100
2001-08-15,75.915130,76.157079,75.182911,75.284782,8520600
2001-08-16,75.004626,75.609500,74.495255,75.545830,10734700
2001-08-17,74.909109,75.049186,73.864902,74.336067,11604600
2001-08-20,74.367870,75.068251,74.208692,75.023682,10417400
2001-08-21,75.004610,75.475775,73.731187,73.743919,14480800
2001-08-22,74.336070,74.769034,73.718459,74.507980,11752300
2001-08-23,74.469764,74.826320,74.170509,74.240547,8744100
2001-08-24,74.628994,75.851479,74.329739,75.781441,11687700
2001-08-27,75.749570,75.896011,75.297505,75.329338,7425100
2001-08-28,75.310206,75.443914,74.227798,74.227798,12046600
2001-08-29,74.578004,74.609842,73.330051,73.565636,16180000
2001-08-30,73.126336,73.693009,71.337178,72.152168,17692600
2001-08-31,72.203107,73.075399,72.031193,72.680641,15985400
2001-09-04,72.489614,73.966785,72.183995,72.215828,24473400
2001-09-05,72.394135,72.706127,71.279889,72.394135,21477100
2001-09-06,71.725578,72.139442,70.528557,70.528557,21653000
2001-09-07,70.051035,70.834193,69.166006,69.223312,33133900
2001-09-10,68.573838,70.261125,68.573838,70.070114,23408700
2001-09-17,64.307906,67.746152,63.671194,66.409058,32388700
2001-09-18,66.428149,67.045760,65.810538,66.249870,22029200
2001-09-19,66.281689,66.536375,62.754306,64.912758,42771800
2001-09-20,63.925829,64.823589,62.754277,62.849785,36210900
2001-09-21,60.254424,63.264588,59.947658,62.171726,49782100
2001-09-24,63.731151,64.651458,63.309342,64.357468,25549600
2001-09-25,64.389395,65.188271,63.846160,65.028496,25466200
2001-09-26,65.411937,65.443894,64.184865,64.798401,18587500
2001-09-27,64.708929,65.373594,63.910053,65.360809,20536800
2001-09-28,65.814549,70.058175,65.507779,66.747635,21687200
2001-10-01,66.402551,66.670972,65.718714,66.639015,20457400
2001-10-02,66.466462,67.476242,66.242778,67.476242,19833100
2001-10-03,66.849941,68.946190,66.690165,68.607468,32045800
2001-10-04,69.208205,69.642794,68.223989,68.664970,32674100
2001-10-05,68.543549,68.780018,67.437903,68.530769,29796100
2001-10-08,67.917260,68.575538,67.661623,68.083427,12970300
2001-10-09,68.134548,68.224022,67.489055,67.719131,15976300
2001-10-10,67.616862,69.374389,67.437910,69.227394,19987400
2001-10-11,69.630029,70.492819,69.630029,70.301086,23006300
2001-10-12,69.757815,70.230748,68.575480,69.981499,31360500
2001-10-15,69.425505,69.949568,69.061218,69.853706,16873000
2001-10-16,70.173221,70.690891,69.629982,70.294647,15877100
2001-10-17,70.984894,71.036023,68.799171,68.799171,28542300
2001-10-18,68.907825,69.125121,68.223987,68.652184,16510000
2001-10-19,68.383783,68.965367,67.751075,68.607468,21912500
2001-10-22,68.575517,70.026273,68.517995,69.962364,17540600
2001-10-23,70.275499,70.480011,69.265719,69.604446,22062500
2001-10-24,69.649167,69.949540,69.163449,69.419090,16065200
2001-10-25,68.671349,70.684516,68.217588,70.665344,27467900
2001-10-26,70.269154,71.445102,70.090206,70.505623,18623300
2001-10-29,70.403323,70.652572,68.671356,68.671356,18727500
2001-10-30,68.607435,68.831119,67.463444,67.846909,26178600
2001-10-31,68.319831,68.933366,67.616821,67.616821,28124200
2001-11-01,68.128161,69.668397,67.552969,69.348846,29806800
2001-11-02,69.304092,69.904843,68.939805,69.821762,17575900
2001-11-05,70.377754,70.997678,70.269104,70.735649,15929500
2001-11-06,70.524779,71.886067,70.205229,71.834938,23245800
2001-11-07,71.432281,72.295071,71.349200,71.739052,19716000
2001-11-08,72.135275,72.908586,71.515347,71.962715,22563500
2001-11-09,71.739081,72.192842,71.221411,72.039459,15895800
2001-11-12,70.940177,71.994694,70.301076,71.598450,26068800
2001-11-13,72.499590,73.208992,72.333422,73.208992,15296200
2001-11-14,73.605235,73.752230,72.672148,73.279297,17571300
2001-11-15,73.093948,73.611618,72.812742,73.413498,19470200
2001-11-16,73.547724,73.560503,72.474034,73.087570,18134900
2001-11-19,73.445451,74.039815,73.145073,73.988686,13625400
2001-11-20,73.733069,74.007883,73.266524,73.368782,16209700
2001-11-21,73.177050,73.285696,72.544342,72.883064,11470200
2001-11-23,72.883058,73.975920,72.857493,73.931183,6717100
2001-11-26,73.975904,74.352971,73.541315,74.090942,13726000
2001-11-27,73.892816,74.710864,72.914988,73.771385,19261400
2001-11-28,73.330434,73.605248,72.378175,72.435692,20195500
2001-11-29,72.640187,73.445450,72.218378,73.413498,16354700
2001-11-30,73.113142,73.439085,72.870281,72.889458,13680300
2001-12-03,72.633766,72.908579,72.224742,72.454819,15220400
2001-12-04,72.806353,73.688315,72.442066,73.681923,17239900
2001-12-05,73.886420,75.413870,73.854463,75.030411,25204000
2001-12-06,74.992088,75.375553,74.730060,74.992088,17972900
2001-12-07,74.710896,74.832322,73.943972,74.493599,18857800
2001-12-10,74.039790,74.384905,73.081139,73.100311,13862700
2001-12-11,73.432641,73.956703,72.793541,72.953316,20833300
2001-12-12,73.208975,73.355965,72.288669,73.036415,16171500
2001-12-13,72.506003,72.665778,71.604873,71.617653,19026700
2001-12-14,71.790175,72.531529,71.579271,72.301453,16721900
2001-12-17,72.212007,73.087577,72.154490,73.049232,13925900
2001-12-18,73.260121,73.592456,73.074781,73.483810,13663700
2001-12-19,72.914983,74.084539,72.857467,74.001457,20143400
2001-12-20,73.816130,74.007863,73.208987,73.272896,14867900
2001-12-21,73.768575,73.794227,73.236296,73.717270,14037700
2001-12-24,73.640369,73.775042,73.499283,73.576241,5728800
2001-12-26,73.524949,74.525374,73.524949,73.980270,10304800
2001-12-27,73.941785,74.441997,73.909718,74.429169,9407300
2001-12-28,74.576663,74.871660,74.339381,74.390686,10593800
2001-12-31,74.486894,74.640804,73.255601,73.300491,14619500
2002-01-02,73.819920,74.230350,72.986229,74.089264,18651900
2002-01-03,74.166210,74.999895,74.095666,74.929352,15743000
2002-01-04,75.140993,75.660449,74.743391,75.429581,20140700
2002-01-07,75.480903,75.666881,74.749823,74.897324,13106500
2002-01-08,74.897290,75.070438,74.371425,74.724136,12683700
2002-01-09,74.826764,75.532192,73.967421,74.114922,16610300
2002-01-10,74.191865,74.615119,73.941759,74.441971,12823400
2002-01-11,74.525339,74.570230,73.556976,73.710892,13708400
2002-01-14,73.524935,73.646778,73.082437,73.249176,12301100
2002-01-15,73.460803,73.999491,73.043957,73.845581,20219900
2002-01-16,73.300504,73.364633,72.268012,72.351379,17067000
2002-01-17,72.954196,73.262017,72.723328,72.896477,17283400
2002-01-18,72.466762,73.011865,72.255132,72.562958,17028000
2002-01-22,72.947704,73.063138,71.838255,72.062714,11689300
2002-01-23,72.229482,72.819481,71.838290,72.614265,12438900
2002-01-24,72.877191,73.268384,72.671976,72.838715,12142800
2002-01-25,72.543730,73.223505,72.492425,72.819489,12810700
2002-01-28,73.043948,73.229925,72.415473,73.018295,10589200
2002-01-29,73.011895,73.191458,70.574962,70.722458,27720800
2002-01-30,70.792987,72.716883,69.516803,71.742111,34711800
2002-01-31,71.921677,72.659172,71.581790,72.582214,19909200
2002-02-01,72.524524,72.659201,71.934530,72.242355,15838500
2002-02-04,71.972973,71.972973,70.183748,70.446678,24243400
2002-02-05,70.158129,70.857142,69.600197,70.010628,33614000
2002-02-06,70.318443,70.376157,69.298775,69.709206,29486000
2002-02-07,69.722037,70.453118,69.260301,69.273125,23445400
2002-02-08,69.664290,71.023846,69.452665,70.600586,19277800
2002-02-11,70.574957,71.594620,70.427456,71.466362,18792400
2002-02-12,71.158530,71.639505,70.562122,71.241898,13942500
2002-02-13,71.491997,72.171773,71.408625,71.998619,16781100
2002-02-14,72.152571,72.447568,71.562572,71.863983,20453800
2002-02-15,71.921678,71.979392,70.998206,71.113640,18366800
2002-02-19,70.639070,70.728852,69.651470,69.747665,15988100
2002-02-20,69.933646,70.921242,69.144846,70.921242,29242800
2002-02-21,70.497990,70.946898,69.427022,69.452675,26288600
2002-02-22,69.484705,70.504373,69.176885,70.311981,26572900
2002-02-25,70.376150,71.703639,70.350497,71.472771,17458700
2002-02-26,71.568963,71.851137,70.908426,71.325272,22346500
2002-02-27,71.799822,72.376992,70.959722,71.601021,28597900
2002-02-28,71.716464,72.306458,71.203423,71.280380,23755400
2002-03-01,71.645908,73.011873,71.511236,72.941330,26273600
2002-03-04,73.043922,74.384234,72.883598,74.230324,27184600
2002-03-05,73.961018,74.647208,73.730150,73.993080,22718900
2002-03-06,73.813529,75.128194,73.794291,74.871674,20143200
2002-03-07,75.262829,75.352610,74.114903,74.711311,19330800
2002-03-08,75.275680,75.609158,74.698515,75.025574,19930100
2002-03-11,74.961444,75.609158,74.666447,75.185898,15621800
2002-03-12,74.454802,75.192296,74.352196,75.140991,17153600
2002-03-13,74.794700,74.871658,74.159815,74.416336,17175300
2002-03-14,74.416308,74.666414,74.153373,74.313698,11168100
2002-03-15,74.584472,75.214743,74.539453,75.021805,21220100
2002-03-18,75.311240,75.607082,74.668103,75.034691,17548900
2002-03-19,75.439842,75.722818,75.131134,75.536308,17912000
2002-03-20,74.925351,74.976803,74.082844,74.114998,17114500
2002-03-21,74.153588,74.539469,73.394688,74.147156,25846800
2002-03-22,74.282231,74.565213,73.767720,73.986389,15235400
2002-03-25,74.018519,74.192169,72.867310,73.066681,17499600
2002-03-26,73.008783,73.973487,72.976629,73.491135,19947600
2002-03-27,73.336758,73.967033,73.163113,73.684052,19020300
2002-03-28,73.941361,74.455867,73.639086,73.651947,17532900
2002-04-01,73.465388,74.024913,72.995897,73.684052,17711000
2002-04-02,73.304641,73.928479,73.169579,73.278915,15669500
2002-04-03,73.323927,73.452552,72.134126,72.764397,25658500
2002-04-04,72.417108,72.931619,72.179151,72.462128,23549000
2002-04-05,72.796543,73.079520,72.146975,72.474976,19404900
2002-04-08,71.593907,72.693669,71.536027,72.629356,16470100
2002-04-09,72.790154,72.790154,71.986234,72.121292,15122700
2002-04-10,72.095538,73.021655,72.089105,72.938049,17199300
2002-04-11,72.603604,72.706508,71.066510,71.124390,25453700
2002-04-12,71.400940,71.806119,70.770670,71.658195,14950600
2002-04-15,71.786852,71.941203,70.873595,71.111557,17394900
2002-04-16,71.838312,72.880195,71.819019,72.803017,15040900
2002-04-17,72.925169,73.105246,72.417091,72.648621,12920100
2002-04-18,72.610052,72.970207,71.484564,72.333504,25204800
2002-04-19,72.802994,72.828720,72.391388,72.597191,10499200
2002-04-22,72.275610,72.307769,71.285180,71.388084,13922900
2002-04-23,71.445956,71.696783,70.854272,71.079369,16967000
2002-04-24,71.105073,71.908992,70.359038,70.365471,18902700
2002-04-25,70.236882,70.577743,69.921747,70.404099,25451500
2002-04-26,70.609872,70.751363,69.002033,69.066345,19769800
2002-04-29,69.413673,69.625909,68.577594,68.725517,17724400
2002-04-30,68.828423,69.870305,68.584033,69.368660,19473500
2002-05-01,69.439396,70.262610,68.686928,70.217590,24575600
2002-05-02,70.166135,70.687079,69.317196,69.947472,15666800
2002-05-03,69.844572,69.947476,68.944181,69.188576,18185500
2002-05-06,69.227154,69.452251,67.728646,67.831551,23630400
2002-05-07,68.236710,68.378201,67.464949,67.593575,21910000
2002-05-08,68.847738,70.333381,68.680521,70.108284,27917400
2002-05-09,69.876736,70.166145,69.188581,69.297913,18085600
2002-05-10,69.439381,69.490833,67.915147,67.992325,18958900
2002-05-13,68.313916,69.426539,68.037367,69.375092,14677700
2002-05-14,70.500541,70.982893,70.101795,70.886421,34201200
2002-05-15,70.423407,71.330231,70.288349,70.609917,29535300
2002-05-16,70.552029,71.053680,70.314072,70.976501,28092000
2002-05-17,71.169379,71.548827,70.809220,71.323730,27823700
2002-05-20,71.156544,71.188702,70.416936,70.551994,13833800
2002-05-21,70.815737,71.053699,69.664523,69.908913,16877200
2002-05-22,69.600136,70.178959,69.458645,70.063194,15844200
2002-05-23,70.269064,70.976512,69.767418,70.809296,13879800
2002-05-24,70.732097,70.873582,69.850999,69.902451,11877000
2002-05-28,70.133992,70.185440,69.104971,69.523010,24236900
2002-05-29,69.214325,69.471576,68.899185,69.008522,14773300
2002-05-30,68.526143,69.143552,68.108103,68.815552,18217900
2002-05-31,69.072811,69.818846,68.719084,68.957047,19826300
2002-06-03,68.873425,69.201426,66.969744,67.124100,26056300
2002-06-04,66.982611,67.657900,66.596730,67.291313,25856200
2002-06-05,67.497090,67.960149,67.111210,67.921562,19695900
2002-06-06,67.876557,67.915144,66.339463,66.538834,22998500
2002-06-07,65.458364,66.834675,65.419778,66.461655,24011600
2002-06-10,66.397342,67.181969,66.255852,66.718910,18759900
2002-06-11,66.969770,67.233458,65.426247,65.574165,19990700
2002-06-12,65.413348,66.120796,64.815231,65.972878,31266000
2002-06-13,65.683463,66.242993,65.175385,65.310448,21043900
2002-06-14,64.512968,65.316888,63.348894,65.213989,39267500
2002-06-17,65.548401,67.104788,65.503382,66.963303,17647200
2002-06-18,66.718920,67.548566,66.648175,67.509979,21628500
2002-06-19,66.564579,67.162695,65.754226,65.934303,21540700
2002-06-20,65.767069,66.275146,64.930990,65.091774,25691000
2002-06-21,64.842009,65.138887,63.686766,64.073997,31190700
2002-06-24,63.641595,64.984001,62.763869,64.409607,37169700
2002-06-25,64.732319,65.113095,62.951049,62.963955,33355000
2002-06-26,61.440852,63.344747,61.434402,63.067230,37913600
2002-06-27,63.570605,64.209536,62.325008,64.170815,31616400
2002-06-28,64.048196,64.861385,63.815857,63.867489,28184200
2002-07-01,64.009474,64.409616,62.531537,62.621891,20270200
2002-07-02,62.512174,62.731603,61.163312,61.292393,34213900
2002-07-03,61.066525,61.853893,60.485675,61.640919,30565800
2002-07-05,62.460511,64.235324,62.383068,64.093338,19013500
2002-07-08,63.880399,64.345074,62.963946,63.293095,19118600
2002-07-09,63.073687,63.467368,61.318233,61.699009,28620400
2002-07-10,61.957140,62.002317,59.401409,59.453041,50522500
2002-07-11,59.220701,60.246863,58.291342,59.937080,59476500
2002-07-12,60.233960,60.595376,59.065807,59.278786,39018600
2002-07-15,59.143282,59.633777,56.723080,59.595051,77317200
2002-07-16,58.807671,59.620855,58.000937,58.446251,53282400
2002-07-17,59.672490,60.214618,57.923492,58.562424,48880600
2002-07-18,58.536573,58.794728,56.632684,56.664955,32656700
2002-07-19,55.993764,56.503620,54.406113,54.670719,77572600
2002-07-22,54.277048,55.445202,52.566771,53.050812,78134000
2002-07-23,53.276692,53.722006,51.469607,51.598682,74484100
2002-07-24,50.424068,54.935326,50.133646,54.677170,107022800
2002-07-25,54.386746,55.406459,52.663565,54.212494,87176600
2002-07-26,54.632013,55.458108,54.083435,55.245129,41206800
2002-07-29,56.471360,58.304256,56.342284,57.936386,53492900
2002-07-30,57.645962,58.988368,57.258730,58.691490,47532200
2002-07-31,58.401075,59.085189,57.600797,58.833488,44669900
2002-08-01,58.652778,58.956111,57.007044,57.297466,66571900
2002-08-02,57.116722,57.381333,55.258010,56.013111,51772900
2002-08-05,55.819517,56.103489,53.922083,54.064064,47191300
2002-08-06,55.006297,56.729478,54.928849,55.884018,64730000
2002-08-07,56.710145,57.116737,55.354829,56.858582,43289400
2002-08-08,57.065124,58.794761,56.664987,58.697952,48339800
2002-08-09,58.149343,59.336857,57.665303,58.917355,41879200
2002-08-12,58.078366,58.904460,57.794399,58.484962,25841700
2002-08-13,58.181670,59.156206,57.213589,57.420113,49690500
2002-08-14,57.452348,59.782196,56.806961,59.517590,57423600
2002-08-15,59.917743,60.659939,59.504695,60.343700,45551500
2002-08-16,59.904801,60.717989,59.375584,60.162956,36517300
2002-08-19,60.317860,61.795796,60.085520,61.569912,33669900
2002-08-20,61.195600,61.569925,60.421137,60.918083,30508300
2002-08-21,61.350488,61.815168,60.388863,61.795807,39628900
2002-08-22,61.628033,62.699379,61.356972,62.396046,38399800
2002-08-23,61.963602,62.053956,60.763182,61.053604,33716400
2002-08-26,61.253699,61.724829,60.343701,61.479584,33830100
2002-08-27,61.763526,62.118491,60.343677,60.769634,35335700
2002-08-28,60.201700,60.337231,59.246530,59.440144,38970600
2002-08-29,58.904458,60.053251,58.607580,59.465946,42965700
2002-08-30,59.169082,60.272693,58.988374,59.233620,30366700
2002-09-03,58.555924,58.730176,56.890825,56.974724,76586400
2002-09-04,57.187739,58.246173,56.832774,57.787949,51099500
2002-09-05,57.110303,57.716969,56.471372,57.297466,67250900
2002-09-06,57.923488,58.452705,57.658877,58.084835,38622200
2002-09-09,57.503996,58.956117,57.310383,58.510803,33998400
2002-09-10,58.820573,59.233620,58.446247,59.181988,41416600
2002-09-11,59.678942,60.233976,58.794760,58.814121,27711200
2002-09-12,58.568871,58.626954,57.432989,57.729866,43601700
2002-09-13,57.239388,58.020306,56.955416,57.871864,41131000
2002-09-16,57.639525,58.013851,57.090947,58.013851,28167600
2002-09-17,58.659220,58.852838,56.632705,56.684338,47609700
2002-09-18,56.155109,57.116734,55.683975,56.116383,54719400
2002-09-19,55.496841,56.019608,54.664291,54.664291,48510500
2002-09-20,55.051950,55.233467,54.487949,54.682430,46325600
2002-09-23,54.228650,54.494442,53.606301,54.235134,46893800
2002-09-24,53.444215,54.228634,53.061727,53.359936,69507000
2002-09-25,54.047118,54.954707,53.184905,54.682430,59294400
2002-09-26,55.116781,55.732650,54.747262,55.577065,53638000
2002-09-27,55.103787,55.512201,53.645157,53.645157,64648300
2002-09-30,53.158973,53.677599,52.445866,53.022835,73096400
2002-10-01,53.437733,55.602987,52.815385,55.570576,67198100
2002-10-02,54.902851,55.447404,53.547943,53.904499,56749100
2002-10-03,53.898009,54.844498,53.126555,53.359936,55547000
2002-10-04,53.677603,53.755393,51.590140,52.381042,68483700
2002-10-07,51.901317,52.640356,50.922417,51.298416,53188000
2002-10-08,51.739243,52.711664,50.695512,52.102283,79531000
2002-10-09,51.272472,51.667923,50.423227,50.630676,79956400
2002-10-10,50.526925,52.556039,49.962920,52.270794,76749000
2002-10-11,53.223767,54.928746,53.042250,54.559227,82308300
2002-10-14,53.936878,55.006541,53.833156,54.863918,40631900
2002-10-15,56.393913,57.515440,56.303154,57.502472,82320300
2002-10-16,56.666160,56.918989,55.700219,56.108639,62977800
2002-10-17,57.612666,57.891427,56.951417,57.223694,68534100
2002-10-18,56.821773,57.768262,56.355011,57.463570,47448700
2002-10-21,57.126450,58.669355,56.769894,58.455421,45859100
2002-10-22,57.729362,58.351711,57.385770,58.034050,40966800
2002-10-23,57.547820,58.520241,56.841198,58.474861,54905800
2002-10-24,58.831402,58.928644,57.113459,57.282013,54987400
2002-10-25,57.184785,58.598036,57.009752,58.474861,43672100
2002-10-28,59.090725,59.181484,57.599679,58.092373,39416100
2002-10-29,57.748784,58.014576,56.400360,57.418159,59508200
2002-10-30,57.489475,58.319273,57.197751,57.975685,41688600
2002-10-31,58.124801,58.539700,57.171829,57.385757,41620600
2002-11-01,57.275552,58.876804,57.081071,58.520248,51878900
2002-11-04,59.512102,60.251141,58.928650,59.077751,49080600
2002-11-05,58.889768,59.687155,58.889768,59.544533,37270800
2002-11-06,59.952925,60.335408,58.857330,60.315960,65013100
2002-11-07,59.654731,59.784390,58.487830,58.837902,51572000
2002-11-08,58.688825,59.363037,58.034060,58.118340,37905400
2002-11-11,58.027551,58.059962,56.918993,57.217201,33505100
2002-11-12,57.476536,58.299849,57.288534,57.671017,37724500
2002-11-13,57.256104,58.176661,56.692099,57.729351,63891500
2002-11-14,58.390565,58.993465,58.183115,58.818432,31896800
2002-11-15,58.345203,59.350039,58.312787,59.252796,39152100
2002-11-18,59.739010,59.739010,58.572104,58.656384,28934800
2002-11-19,58.358161,59.058305,58.189612,58.578579,32806600
2002-11-20,58.332260,59.914060,58.312807,59.881649,36688400
2002-11-21,60.030738,61.061506,59.920531,60.996674,55128200
2002-11-22,60.601217,61.113354,60.465074,60.562317,32513800
2002-11-25,60.568811,61.106885,60.140944,60.601227,33846400
2002-11-26,60.335442,60.581787,59.395437,59.447296,42284700
2002-11-27,59.978857,61.359696,59.920514,61.119831,37764000
2002-11-29,61.456940,61.554178,60.789207,60.925350,19385700
2002-12-02,61.891304,62.267307,60.432674,61.022606,49911900
2002-12-03,60.452125,60.549368,59.868672,60.205780,34407700
2002-12-04,59.492683,60.380829,59.272270,59.933514,64040800
2002-12-05,60.115002,60.160381,59.058302,59.272236,36724900
2002-12-06,58.423008,59.751979,58.332249,59.661221,49824100
2002-12-09,59.038872,59.291701,58.008109,58.021072,36789600
2002-12-10,58.358162,59.058305,58.189612,58.798992,33319900
2002-12-11,58.617502,59.395441,58.448953,58.850883,39201000
2002-12-12,59.123144,59.311146,58.474864,58.844383,34465600
2002-12-13,58.286864,58.656383,57.871960,57.917339,36862200
2002-12-16,58.228503,59.505615,58.124780,59.414856,37098400
2002-12-17,59.233368,59.473228,58.824948,58.896259,32353900
2002-12-18,58.552668,58.604532,57.910872,58.215565,35612600
2002-12-19,57.923810,58.798987,57.437600,57.800640,39264200
2002-12-20,58.110734,58.644936,58.045589,58.625393,31176900
2002-12-23,58.364832,58.938125,58.182422,58.644962,22599300
2002-12-24,58.364827,58.540726,58.143331,58.208477,10937000
2002-12-26,58.436492,59.029328,57.876231,58.234539,17485600
2002-12-27,57.954385,58.169370,56.925068,56.925068,22205700
2002-12-30,57.192181,57.635178,56.820846,57.400650,29968000
2002-12-31,57.322465,57.609112,56.749177,57.478821,34036600
2003-01-02,57.882762,59.478857,57.680809,59.329018,44516300
2003-01-03,59.224768,59.530953,58.957665,59.511410,32222600
2003-01-06,59.439750,60.905548,59.394148,60.560272,40984500
2003-01-07,60.521206,60.827396,60.065176,60.410458,38640400
2003-01-08,60.065142,60.195438,59.315961,59.537457,38702200
2003-01-09,59.817624,60.703618,59.550525,60.462574,34804900
2003-01-10,59.902311,61.003290,59.804595,60.625439,37768900
2003-01-13,60.938103,61.146572,60.221492,60.605854,31649900
2003-01-14,60.384400,61.127071,60.201991,60.801338,30733000
2003-01-15,60.938105,60.957648,59.876218,60.195435,33511800
2003-01-16,60.260609,60.540739,59.576567,59.947903,44812100
2003-01-17,59.276873,60.130297,58.729645,59.061893,35618300
2003-01-21,59.198737,59.231308,57.947918,58.143360,36826200
2003-01-22,57.830610,58.501624,57.328984,57.439732,42286500
2003-01-23,57.817617,58.228038,57.296442,57.791557,55919800
2003-01-24,57.713356,57.771990,56.136810,56.273617,68633900
2003-01-27,55.850164,56.547232,55.048859,55.504883,57884400
2003-01-28,55.785014,56.286645,55.459281,55.915310,46929100
2003-01-29,55.648196,56.794777,55.224742,56.338753,53712200
2003-01-30,56.540717,56.599347,54.983715,55.003258,49845900
2003-01-31,54.820861,56.162880,54.820861,56.065159,55317000
2003-02-03,56.117265,56.553746,55.973942,56.175900,39696000
2003-02-04,55.576567,55.863214,54.918590,55.622169,43633400
2003-02-05,55.863179,56.377838,55.035820,55.276859,55270600
2003-02-06,54.964175,55.302935,54.495119,55.016289,53638000
2003-02-07,55.315987,55.368100,54.052141,54.345299,43165000
2003-02-10,54.371363,54.807844,53.843677,54.729671,45455900
2003-02-11,54.964163,55.296407,53.960905,54.351784,46861000
2003-02-12,54.175909,54.475583,53.478836,53.485352,35873600
2003-02-13,53.517914,53.850163,52.768727,53.648205,57934100
2003-02-14,53.661249,54.853428,53.302941,54.820858,59580900
2003-02-18,55.068430,55.895795,54.977225,55.785042,39492700
2003-02-19,55.583060,55.680781,54.905535,55.491856,31432000
2003-02-20,55.511383,55.648190,54.755686,54.938095,29280100
2003-02-21,54.970681,55.856675,54.371334,55.491856,60955800
2003-02-24,55.329004,55.374607,54.456038,54.592850,30628600
2003-02-25,54.039096,55.042355,53.563529,55.029327,56770600
2003-02-26,54.736162,55.068411,54.123788,54.228020,37787200
2003-02-27,54.527699,55.211741,54.175912,54.944637,51126000
2003-02-28,55.029310,55.524425,54.827357,55.309441,43666800
2003-03-03,55.543965,55.882724,54.540707,54.781746,42923100
2003-03-04,54.690536,54.729627,53.843634,53.908779,31440500
2003-03-05,53.817590,54.423453,53.654723,54.364819,43974700
2003-03-06,53.986957,54.410405,53.726370,53.908779,41217700
2003-03-07,53.166108,54.716594,53.048844,54.280113,63538000
2003-03-10,53.811083,53.980465,52.833884,52.977207,41014100
2003-03-11,53.081428,53.420188,52.429962,52.456017,48102700
2003-03-12,52.364838,52.833894,51.713371,52.807835,62459800
2003-03-13,53.537468,54.664507,53.114015,54.631931,72117800
2003-03-14,54.853418,55.224753,54.299673,54.807816,63951800
2003-03-17,54.371336,56.644951,54.214986,56.534203,88217500
2003-03-18,56.775273,56.905564,56.208496,56.866478,50792300
2003-03-19,56.859955,57.433248,56.469076,57.302952,49630800
2003-03-20,56.892525,57.713369,56.254087,57.426727,67321600
2003-03-21,58.083397,58.789813,57.514335,58.652454,71165300
2003-03-24,57.573267,57.651760,56.480933,56.703327,65398900
2003-03-25,56.735998,57.730221,56.539773,57.246189,61040100
2003-03-26,57.272293,57.461981,56.775187,56.958332,45740800
2003-03-27,56.513600,57.337758,56.245420,57.004169,53120200
2003-03-28,56.559419,57.089233,56.415518,56.716400,32583000
2003-03-31,55.826823,56.637897,55.205437,55.427826,61119500
2003-04-01,55.761373,56.507038,55.538984,56.278107,53574000
2003-04-02,57.259282,58.063813,57.233117,57.638657,50431200
2003-04-03,58.129222,58.207710,57.331228,57.363930,48755500
2003-04-04,57.841418,57.946071,57.311605,57.704060,36250100
2003-04-07,59.090717,59.424306,57.540521,57.592850,69776200
2003-04-08,57.756372,57.985304,57.370455,57.684422,39712700
2003-04-09,57.795626,58.279654,56.755617,56.925682,55647300
2003-04-10,56.964920,57.318131,56.062274,57.239643,41812400
2003-04-11,57.664804,58.018010,56.814482,57.004169,47730100
2003-04-14,57.213450,58.214210,56.906025,58.181503,36711700
2003-04-15,58.109570,58.724419,57.834853,58.724419,49709800
2003-04-16,58.809471,58.907581,57.579774,57.723675,51788000
2003-04-17,57.756353,58.685163,57.684402,58.580505,37403100
2003-04-21,58.776759,58.972989,58.253483,58.639400,32052700
2003-04-22,58.279668,59.888736,58.142310,59.744835,59763600
2003-04-23,59.927964,60.405449,59.679406,60.294254,44227100
2003-04-24,59.869099,60.228852,59.496266,59.757904,49692400
2003-04-25,59.718639,59.829834,58.881397,59.018761,43917200
2003-04-28,59.156134,60.300796,59.064561,60.039158,46432900
2003-04-29,60.268054,60.699757,59.784027,60.248432,52017100
2003-04-30,60.117664,60.549363,59.790618,60.117664,48709100
2003-05-01,60.124175,60.653993,59.195365,60.111095,50240400
2003-05-02,59.888722,61.138041,59.842935,60.967976,50201500
2003-05-05,61.138026,61.340793,60.503555,60.850224,35437800
2003-05-06,60.856776,61.733258,60.830612,61.425838,44401000
2003-05-07,61.105338,61.576286,60.810999,61.085716,41413100
2003-05-08,60.516657,61.046476,60.359676,60.470871,40570700
2003-05-09,60.719414,61.353884,60.575512,61.308098,33608100
2003-05-12,61.157676,62.217308,61.013774,62.060322,35662300
2003-05-13,61.831390,62.256552,61.654787,61.949127,39253600
2003-05-14,62.197680,62.295795,61.425855,61.818310,32195100
2003-05-15,62.066849,62.354652,61.648231,62.210751,43879200
2003-05-16,62.066836,62.433127,61.654760,62.053757,38905000
2003-05-19,61.582804,61.759407,60.392356,60.601665,41606000
2003-05-20,60.712872,60.850230,59.908336,60.477398,55404600
2003-05-21,60.248455,60.752104,60.117638,60.601665,49333800
2003-05-22,60.797868,61.517374,60.621266,61.203407,38421800
2003-05-23,61.177289,61.471633,60.922193,61.327732,26155900
2003-05-27,61.026847,62.688238,60.876403,62.400440,43719200
2003-05-28,62.694736,63.100275,62.420019,62.577000,37727100
2003-05-29,62.714399,63.329248,62.191128,62.413517,50844200
2003-05-30,62.727467,63.505833,62.505073,63.414261,52529500
2003-06-02,63.793655,64.395419,63.231135,63.675919,50305500
2003-06-03,63.545110,63.996431,63.348880,63.937565,38254500
2003-06-04,63.878694,64.984107,63.819823,64.859833,49360700
2003-06-05,64.480427,65.180305,64.277655,65.180305,46262400
2003-06-06,65.670936,66.325029,64.840235,64.925270,60356800
2003-06-09,64.604729,64.820580,63.950636,64.264603,37808500
2003-06-10,64.401952,64.925228,64.225349,64.918686,29965900
2003-06-11,64.859796,65.664327,64.565452,65.605461,37610200
2003-06-12,65.899800,65.997915,65.160678,65.808228,36442000
2003-06-13,65.808259,65.899832,64.722463,65.121460,48628300
2003-06-16,65.383103,66.521223,65.278451,66.495064,36326300
2003-06-17,66.763239,66.835190,66.213804,66.495064,36801800
2003-06-18,66.253035,66.809013,66.063348,66.436180,35521000
2003-06-19,66.481964,66.540835,65.304596,65.422333,43551700
2003-06-20,65.901554,65.973765,65.264792,65.277924,41545000
2003-06-23,65.284478,65.422338,64.280102,64.608330,34237500
2003-06-24,64.477055,65.048168,64.345761,64.673988,36213600
2003-06-25,64.680549,65.277926,64.024094,64.024094,47743400
2003-06-26,64.188224,64.975973,63.649930,64.857811,33477300
2003-06-27,64.824985,65.113827,64.056934,64.109451,54208800
2003-06-30,64.477064,64.772467,63.984722,64.089752,33349000
2003-07-01,63.840295,64.890623,63.302002,64.680557,51322800
2003-07-02,64.838097,65.507685,64.706808,65.494553,34662100
2003-07-03,65.035029,65.547063,64.266977,64.818398,30792800
2003-07-07,65.415774,66.236343,65.415774,66.105049,31391100
2003-07-08,65.973770,66.492370,65.757138,66.400467,30952500
2003-07-09,66.249468,66.564569,65.665223,66.026276,36528500
2003-07-10,65.540524,65.671819,64.746214,65.186043,49777700
2003-07-11,65.245114,65.940956,65.245114,65.803101,39976300
2003-07-14,66.433286,66.892807,65.940944,66.124756,42114900
2003-07-15,66.551437,66.603954,65.612705,65.980324,42573600
2003-07-16,66.177262,66.216653,65.140067,65.593018,39894200
2003-07-17,65.087586,65.566796,64.437696,64.660889,52253500
2003-07-18,65.002209,65.514248,64.634595,65.323875,35698100
2003-07-21,65.284508,65.310767,64.234180,64.516457,34786000
2003-07-22,64.785574,65.258223,64.280101,65.100670,49968300
2003-07-23,65.126982,65.284530,64.516478,65.146675,37275400
2003-07-24,65.638972,65.868731,64.575518,64.654289,40896200
2003-07-25,64.765867,65.835887,64.358863,65.796501,43241100
2003-07-28,65.888428,66.288866,65.428907,65.553635,34382800
2003-07-29,65.737431,65.816208,64.779007,65.251656,53472100
2003-07-30,65.382961,65.481430,64.943137,65.094124,28363300
2003-07-31,65.632421,66.242925,65.100689,65.245110,54937200
2003-08-01,65.113802,65.336994,64.490166,64.667412,49321000
2003-08-04,64.536118,64.989073,63.676163,64.667412,55214100
2003-08-05,64.601787,64.831545,63.242919,63.295437,61415600
2003-08-06,63.472648,64.371989,63.295403,63.663021,50096900
2003-08-07,63.787760,64.378570,63.518616,64.332619,43427400
2003-08-08,64.542715,64.693702,64.175102,64.516457,27357300
2003-08-11,64.503298,65.015333,64.227583,64.759315,34631400
2003-08-12,64.798711,65.376390,64.608338,65.350136,43285600
2003-08-13,65.527392,65.547085,64.680564,65.015358,36152000
2003-08-14,65.054688,65.481385,64.627991,65.192543,35525100
2003-08-15,65.225415,65.507692,65.067868,65.396095,12567000
2003-08-18,65.599534,66.039358,65.474806,65.960587,22873800
2003-08-19,66.098479,66.262593,65.645523,66.210075,37437700
2003-08-20,65.835903,66.229775,65.750566,65.940933,21295300
2003-08-21,66.334797,66.643327,65.908101,66.150986,46494200
2003-08-22,66.794336,66.840288,65.468299,65.494553,52040300
2003-08-25,65.455181,66.190413,65.172905,65.599602,23473000
2003-08-26,65.317297,65.901542,64.877473,65.717735,45065800
2003-08-27,65.678356,65.881855,65.363255,65.737434,18919500
2003-08-28,65.908138,66.302011,65.422362,66.144463,27402400
2003-08-29,66.045954,66.617071,65.960616,66.590813,28706600
2003-09-02,66.722129,67.536132,66.334823,67.483620,49419100
2003-09-03,67.634588,68.074412,67.470474,67.851219,44912400
2003-09-04,67.680559,67.975967,67.457367,67.884064,28381000
2003-09-05,67.575514,67.975952,67.221028,67.503304,31637300
2003-09-08,67.641171,68.192591,67.568961,68.061302,32632800
2003-09-09,67.857827,67.916906,67.404871,67.614937,35053200
2003-09-10,67.306369,67.483615,66.663046,66.932190,45904900
2003-09-11,67.024100,67.457363,66.853420,67.129135,38396300
2003-09-12,66.899371,67.378581,66.531753,67.253853,42524800
2003-09-15,67.299816,67.372027,66.925637,67.017540,21312800
2003-09-16,67.109445,68.035045,67.070054,67.995659,37892600
2003-09-17,67.929976,68.133475,67.647700,67.864326,31885800
2003-09-18,67.877493,68.730882,67.726506,68.665237,30243600
2003-09-19,68.711340,68.928803,68.138035,68.315956,34331600
2003-09-22,67.775609,67.848096,67.235249,67.577919,36677400
2003-09-23,67.604255,68.065540,67.452693,67.834900,32489200
2003-09-24,67.953563,68.019460,66.602661,66.629021,41694700
2003-09-25,66.826684,67.136398,66.029320,66.082039,52673100
2003-09-26,66.187495,66.332470,65.798697,65.864594,42914700
2003-09-29,66.095216,66.549905,65.759137,66.510368,36771600
2003-09-30,66.213855,66.398367,65.403313,65.864594,70764500
2003-10-01,66.055701,67.334116,66.029342,67.268219,65797600
2003-10-02,67.169351,67.584504,66.971657,67.512016,44591500
2003-10-03,68.315974,68.717950,67.927181,68.131462,48806900
2003-10-06,68.190784,68.526858,68.006266,68.441193,20226500
2003-10-07,68.045805,68.737726,67.815165,68.704781,42602900
2003-10-08,68.750895,68.790432,68.144639,68.533432,30920800
2003-10-09,69.113333,69.337387,68.421412,68.717949,40066500
2003-10-10,68.711393,68.928857,68.474167,68.909088,22682800
2003-10-13,69.001334,69.383541,68.869541,69.126541,23825600
2003-10-14,69.060624,69.475777,68.770673,69.370338,38484400
2003-10-15,69.759140,69.778908,68.955189,69.185829,39021700
2003-10-16,68.981539,69.673465,68.961770,69.462593,32772200
2003-10-17,69.502140,69.607574,68.520268,68.704781,32790300
2003-10-20,68.829967,69.218765,68.493893,69.218765,27657000
2003-10-21,69.073776,69.376904,68.744289,69.100136,26729100
2003-10-22,68.553205,68.658644,67.999668,68.230309,33914500
2003-10-23,67.801974,68.500487,67.769024,68.105103,45830500
2003-10-24,67.762437,68.256668,67.334102,68.256668,51723600
2003-10-27,68.362107,68.652058,68.052388,68.289619,32460200
2003-10-28,68.520253,69.291253,68.414815,69.218765,34956200
2003-10-29,69.040860,69.475787,68.447786,69.311043,30955400
2003-10-30,69.712986,69.831602,69.060602,69.455986,39123100
2003-10-31,69.455980,69.680029,69.337364,69.390083,25761600
2003-11-03,69.686658,70.253377,69.660298,69.844810,37589300
2003-11-04,69.844799,70.029311,69.574622,69.693237,31421600
2003-11-05,69.515316,69.831626,69.126523,69.745956,33558800
2003-11-06,69.587770,70.141312,69.258282,70.114952,28392300
2003-11-07,70.273127,70.325846,69.568024,69.594383,31723200
2003-11-10,69.680067,69.745964,69.199018,69.311043,25530800
2003-11-11,69.251710,69.409868,69.060612,69.291252,26558600
2003-11-12,69.343991,70.161119,69.297863,70.068863,28000000
2003-11-13,69.857990,70.207246,69.706424,70.088631,29714800
2003-11-14,70.114968,70.477401,69.383505,69.495529,49158500
2003-11-17,69.133109,69.284670,68.559798,69.146286,44382100
2003-11-18,69.350560,69.488944,68.335738,68.427994,41155000
2003-11-19,68.553179,69.198977,68.480691,69.007874,29827000
2003-11-20,68.533426,69.350554,68.368682,68.388451,53578700
2003-11-21,68.691582,68.750893,68.283021,68.671814,30016000
2003-11-24,68.988111,69.706391,68.981520,69.581184,28906400
2003-11-25,69.673480,70.128170,69.488963,69.844810,37580000
2003-11-26,70.128161,70.147929,69.449417,70.095215,33053600
2003-11-28,70.035940,70.286354,69.983221,70.147964,10507500
2003-12-01,70.411523,70.958473,70.378577,70.905754,38699000
2003-12-02,70.760775,71.017775,70.556494,70.727829,35352000
2003-12-03,70.938672,71.222032,70.556466,70.615776,39078600
2003-12-04,70.622394,70.984833,70.470833,70.905754,36089500
2003-12-05,70.589433,71.037536,70.259945,70.411507,28824400
2003-12-08,70.339036,70.932114,70.299499,70.885986,32482900
2003-12-09,71.103449,71.123217,70.207242,70.339035,43596100
2003-12-10,70.358805,70.497195,69.825037,70.332451,36915400
2003-12-11,70.299518,71.235262,70.292927,71.123238,45304000
2003-12-12,71.149618,71.301179,70.767411,71.261642,34142200
2003-12-15,71.940345,71.979887,70.826680,70.905754,38693400
2003-12-16,70.958432,71.498791,70.852993,71.274742,32894200
2003-12-17,71.208844,71.498795,71.037514,71.498795,23198800
2003-12-18,71.531810,72.309402,71.426372,72.302811,29353100
2003-12-19,72.366353,72.412699,71.889648,72.101517,41465100
2003-12-22,72.028686,72.604706,72.022064,72.604706,27611300
2003-12-23,72.485509,72.796687,72.419296,72.651031,24741200
2003-12-24,72.511981,72.750333,72.452395,72.578194,8055800
2003-12-26,72.637794,72.882769,72.584826,72.631172,8308400
2003-12-29,72.896021,73.670665,72.684153,73.597839,22483700
2003-12-30,73.551478,73.670654,73.392578,73.611069,19559500
2003-12-31,73.637545,73.836169,73.385948,73.677269,31501800
2004-01-02,73.981842,74.279785,73.313136,73.644180,38072300
2004-01-05,73.948715,74.498245,73.882502,74.445282,27959800
2004-01-06,74.259913,74.637304,74.153976,74.518127,20472800
2004-01-07,74.412193,74.855792,74.081149,74.769722,30170400
2004-01-08,74.981565,75.087501,74.663760,75.067635,36438400
2004-01-09,74.703522,75.147120,74.332748,74.412201,54084300
2004-01-12,74.518132,74.981593,74.392334,74.961731,31564100
2004-01-13,74.875618,74.968315,73.995044,74.524712,54239700
2004-01-14,74.657143,75.253024,74.597552,75.147087,30112800
2004-01-15,75.193451,75.517873,74.537984,75.332489,38408700
2004-01-16,75.504603,75.683365,75.233144,75.630402,31922700
2004-01-20,75.829071,75.908524,75.358988,75.610580,29863000
2004-01-21,75.564232,76.338880,75.292778,76.206459,30725000
2004-01-22,76.232936,76.391836,75.862167,76.007828,29888500
2004-01-23,76.140254,76.385229,75.445058,75.762863,44245300
2004-01-26,75.736384,76.756002,75.729762,76.716278,30460600
2004-01-27,76.636818,77.133385,75.908521,75.928383,35322800
2004-01-28,76.126983,76.325607,74.776321,75.061020,52621300
2004-01-29,75.186798,75.378804,74.524709,75.133835,60117100
2004-01-30,75.160314,75.292735,74.875616,75.133835,30984400
2004-02-02,75.279554,75.928403,74.895546,75.458321,38832400
2004-02-03,75.306005,75.570841,75.107381,75.332489,25093500
2004-02-04,74.941895,75.299423,74.677058,74.716782,39332600
2004-02-05,74.928612,75.173587,74.670397,74.935234,37226800
2004-02-06,75.094134,75.941607,74.948474,75.776085,37216000
2004-02-09,75.921738,76.054158,75.670146,75.795944,24851300
2004-02-10,75.663534,76.232930,75.650294,76.040924,27908100
2004-02-11,76.040937,77.060555,75.590716,76.848686,42965700
2004-02-12,76.782501,76.981125,76.524287,76.570633,27814700
2004-02-13,76.683123,76.934715,75.974688,76.226280,44739900
2004-02-17,76.702995,77.087008,76.650027,76.914864,23984300
2004-02-18,76.934764,77.199600,76.371989,76.577240,28618000
2004-02-19,77.020823,77.060547,76.179967,76.292526,51146200
2004-02-20,76.458087,76.511050,75.690061,76.060829,46728800
2004-02-23,76.285917,76.312401,75.590721,75.868797,36357000
2004-02-24,75.656891,76.133596,74.835902,75.736343,43953000
2004-02-25,75.782710,76.179962,75.690018,76.054169,31213600
2004-02-26,75.882019,76.332240,75.703252,76.100510,29683000
2004-02-27,76.266040,76.630185,75.895266,76.153481,39312000
2004-03-01,76.424937,77.027435,76.305761,76.908264,33130800
2004-03-02,76.762614,77.444565,76.292531,76.458054,38556400
2004-03-03,76.305756,76.716253,76.087265,76.597076,31346200
2004-03-04,76.616931,76.868523,76.484510,76.795692,21060000
2004-03-05,76.418320,77.431315,76.325628,77.053925,55905600
2004-03-08,77.027451,77.212840,76.080668,76.113770,39281600
2004-03-09,76.206449,76.279279,75.637052,75.809196,39746100
2004-03-10,75.954872,75.987974,74.524757,74.538002,67671800
2004-03-11,74.418823,74.994838,73.558105,73.571350,89134800
2004-03-12,73.975227,74.624072,73.875913,74.538002,54012200
2004-03-15,74.332756,74.385725,73.425697,73.624321,57677200
2004-03-16,74.008339,74.193723,73.385973,74.014961,59832600
2004-03-17,74.273155,74.988213,74.220187,74.842552,41607300
2004-03-18,74.617437,74.994827,74.107630,74.862411,60014300
2004-03-19,74.686356,74.792659,73.776112,73.789398,48636200
2004-03-22,73.443902,73.463833,72.487150,72.852577,62752100
2004-03-23,73.251234,73.350896,72.659909,72.726349,54080200
2004-03-24,72.806057,73.178125,72.321035,72.786125,51584300
2004-03-25,73.138301,73.948883,72.945621,73.749557,49873600
2004-03-26,73.722931,74.274393,73.616628,73.769440,37409500
2004-03-29,74.168083,74.905578,74.134865,74.805916,44113600
2004-03-30,74.613234,75.124828,74.560080,75.058388,39059900
2004-03-31,75.071705,75.344116,74.666415,75.144791,48517600
2004-04-01,75.124842,75.656372,75.111556,75.596573,45103800
2004-04-02,76.280925,76.300856,75.676314,76.167976,50987700
2004-04-05,76.048377,76.659633,76.035091,76.586548,30251800
2004-04-06,76.294220,76.526763,76.154695,76.340729,28420900
2004-04-07,76.373980,76.393917,75.815878,76.161369,45890500
2004-04-08,76.679558,76.679558,75.569990,75.988571,46929700
2004-04-12,76.128110,76.460315,76.121465,76.287567,23085200
2004-04-13,76.579892,76.606469,75.091610,75.217850,56210300
2004-04-14,74.819239,75.503581,74.779376,75.337479,62322300
2004-04-15,75.377310,75.596566,74.653105,75.051750,61602500
2004-04-16,75.330849,75.776008,75.065089,75.629837,47059200
2004-04-19,75.443803,75.736140,75.257764,75.629837,28277600
2004-04-20,75.795907,75.955364,74.267762,74.360779,53299400
2004-04-21,74.546812,75.045119,74.327560,74.859085,50177300
2004-04-22,74.732841,76.187895,74.706263,75.908844,62071500
2004-04-23,76.021797,76.121459,75.603220,75.981934,29395700
2004-04-26,76.074989,76.367331,75.477019,75.875664,35515200
2004-04-27,75.895531,76.486855,75.716138,75.942039,43485500
2004-04-28,75.669697,75.749428,74.746167,74.958778,50165800
2004-04-29,74.892320,75.290965,73.855841,74.300995,69687600
2004-04-30,74.526890,74.666415,73.683091,73.722954,48681400
2004-05-03,73.995364,74.606620,73.982073,74.513603,33758000
2004-05-04,74.580059,75.251115,74.188059,74.453819,51185100
2004-05-05,74.686331,75.051753,74.520228,74.932159,34405000
2004-05-06,74.427222,74.805936,73.749526,74.287697,54997000
2004-05-07,73.895691,74.566746,73.058533,73.058533,60950000
2004-05-10,72.713060,72.919026,71.995496,72.307770,75279400
2004-05-11,72.726312,73.118316,72.639940,72.918991,48300600
2004-05-12,72.799423,73.443901,71.796162,73.384102,90830500
2004-05-13,72.925672,73.623300,72.839295,73.078484,57393700
2004-05-14,73.051880,73.576764,72.600081,73.111679,54123100
2004-05-17,72.347627,72.752917,72.028713,72.487152,55020400
2004-05-18,72.746269,73.045257,72.639966,72.852577,30193100
2004-05-19,73.417301,73.869100,72.520349,72.600075,54804100
2004-05-20,72.719696,72.998752,72.447290,72.832649,38082900
2004-05-21,73.065193,73.450552,72.732988,72.958885,47480400
2004-05-24,73.437244,73.590060,72.872496,73.264496,40961500
2004-05-25,73.018687,74.400662,72.819362,74.314285,48668000
2004-05-26,74.188048,74.606625,74.088386,74.573402,35977000
2004-05-27,74.772733,75.098292,74.453813,74.991989,45306900
2004-05-28,74.898980,74.998638,74.653146,74.985352,23367200
2004-06-01,74.719617,74.985382,74.327617,74.885719,41044700
2004-06-02,75.098279,75.397266,74.719565,75.164719,39774200
2004-06-03,74.952085,75.204564,74.460423,74.473709,38688300
2004-06-04,75.065071,75.463716,74.885678,75.065071,32739500
2004-06-07,75.364011,76.280895,75.357366,76.207809,31643800
2004-06-08,75.988588,76.354011,75.855703,76.314148,32846500
2004-06-09,76.081609,76.207844,75.556725,75.603233,36737600
2004-06-10,75.769353,75.975319,75.696268,75.975319,21711000
2004-06-14,75.623155,75.643087,74.991968,75.224510,34633000
2004-06-15,75.676317,76.041739,75.417197,75.756042,37445000
2004-06-16,75.742752,75.875632,75.543427,75.742752,26633400
2004-06-17,75.643123,75.789294,75.297632,75.629837,28402400
2004-06-18,75.532461,76.165958,75.472448,75.772522,31799800
2004-06-21,75.852510,76.112575,75.439070,75.485748,25284000
2004-06-22,75.439071,75.939197,75.132327,75.865845,37334000
2004-06-23,75.759171,76.579376,75.632471,76.519363,35580000
2004-06-24,76.392650,76.639381,76.192602,76.279289,35272100
2004-06-25,76.292638,76.646060,75.805846,75.912537,32837900
2004-06-28,76.366003,76.426020,75.625820,75.652489,40824500
2004-06-29,75.705831,76.132605,75.632479,75.965897,28418100
2004-06-30,76.065884,76.546006,75.785814,76.372627,52230600
2004-07-01,76.185938,76.285965,75.072324,75.312386,57734700
2004-07-02,75.459072,75.545759,75.085641,75.272354,34615100
2004-07-06,74.932281,74.985624,74.438819,74.612198,38698200
2004-07-07,74.558901,75.065697,74.518892,74.832306,29839800
2004-07-08,74.558860,74.898947,74.152090,74.312134,45291100
2004-07-09,74.498862,74.645566,74.272135,74.505531,27412900
2004-07-12,74.365478,74.712235,74.018726,74.538857,35691300
2004-07-13,74.632225,74.698908,74.418838,74.592216,26752000
2004-07-14,74.192120,74.945642,74.098764,74.365494,54089400
2004-07-15,74.512190,74.625556,73.818681,73.885368,38403500
2004-07-16,74.398850,74.465532,73.645327,73.825371,40871200
2004-07-19,73.851997,73.992032,73.345201,73.511909,39592800
2004-07-20,73.705331,74.618897,73.518618,74.445518,46679800
2004-07-21,74.565541,74.725580,72.985139,73.071831,56241100
2004-07-22,72.925144,73.611984,72.531708,73.271896,72477100
2004-07-23,73.098485,73.158497,72.478328,72.658371,49610500
2004-07-26,72.811758,72.971797,72.158257,72.518349,49679100
2004-07-27,72.718392,73.425236,72.665044,73.198509,51295100
2004-07-28,73.051823,73.598628,72.411656,73.418579,65862300
2004-07-29,73.711967,73.932024,73.351876,73.731972,52200500
2004-07-30,73.565311,73.952077,73.418607,73.912064,41581700
2004-08-02,73.478593,74.258790,73.385237,74.065407,38263100
2004-08-03,73.972035,74.058722,73.458574,73.491913,40948800
2004-08-04,73.278573,73.852052,73.111864,73.485291,40763200
2004-08-05,73.545284,73.605297,72.198274,72.284966,50772000
2004-08-06,71.771489,71.991546,71.097989,71.251358,74729000
2004-08-09,71.364721,71.671470,71.264700,71.351387,37476300
2004-08-10,71.558116,72.291639,71.524777,72.271629,55870600
2004-08-11,71.804833,72.238277,71.418067,72.124916,52933200
2004-08-12,71.804864,71.984908,71.104685,71.338081,50015900
2004-08-13,71.418063,71.584772,71.077975,71.478081,41634700
2004-08-16,71.444761,72.445014,71.418087,72.218292,45731900
2004-08-17,72.518365,72.871787,72.371660,72.625061,40701600
2004-08-18,72.364995,73.465274,72.344990,73.371918,43165400
2004-08-19,73.225214,73.365249,72.805109,73.158531,39881600
2004-08-20,73.091848,73.772018,73.025166,73.671997,44870900
2004-08-23,73.718687,73.865387,73.385269,73.485291,33745100
2004-08-24,73.778672,73.838690,73.251871,73.585289,30453100
2004-08-25,73.571942,74.198764,73.285203,74.085403,38551400
2004-08-26,73.992047,74.225438,73.918695,74.085403,26629500
2004-08-27,74.152101,74.438840,74.052079,74.318810,24902900
2004-08-30,74.165448,74.245465,73.651982,73.705330,26726500
2004-08-31,73.791990,74.125408,73.418559,74.092064,44125300
2004-09-01,73.985371,74.445489,73.671962,74.232101,52778300
2004-09-02,74.178780,75.152359,74.178780,75.072342,42736600
2004-09-03,74.905645,75.232393,74.692257,74.765610,30480500
2004-09-07,75.045677,75.439107,74.898972,75.259064,37338800
2004-09-08,75.099016,75.392420,74.892293,75.072342,32963100
2004-09-09,75.065658,75.272376,74.705567,75.005646,34314800
2004-09-10,75.032319,75.532445,74.738914,75.392410,27900600
2004-09-13,75.559138,75.845878,75.359090,75.639160,44398100
2004-09-14,75.552450,75.812515,75.479098,75.792511,28048900
2004-09-15,75.552473,75.592481,75.139033,75.219055,38295000
2004-09-16,75.252372,75.599129,75.219033,75.445755,23911700
2004-09-17,75.632585,75.907128,75.458489,75.766510,33683000
2004-09-20,75.445116,75.659391,75.183968,75.311195,37149400
2004-09-21,75.498657,75.980778,75.358039,75.639275,40920800
2004-09-22,75.331258,75.344648,74.641559,74.695129,49042100
2004-09-23,74.728614,74.795574,74.293365,74.293365,44068700
2004-09-24,74.440700,74.815686,74.413915,74.634888,34981100
2004-09-27,74.393787,74.460747,74.045591,74.159424,39355100
2004-09-28,74.266575,74.668341,73.931770,74.514328,41662900
2004-09-29,74.467475,74.896026,74.326857,74.889328,33325700
2004-09-30,74.695129,74.983062,74.500941,74.835747,43536700
2004-10-01,75.170544,76.101303,75.137061,76.101303,62824300
2004-10-04,76.402631,76.630302,76.201751,76.228531,33082400
2004-10-05,76.235217,76.442800,76.027639,76.268700,36910600
2004-10-06,76.181667,76.791016,76.121404,76.791016,42297800
2004-10-07,76.590146,76.603541,75.907145,75.967407,39388800
2004-10-08,75.766533,76.181689,75.230842,75.337982,51872600
2004-10-11,75.518723,75.679428,75.424977,75.645950,20229100
2004-10-12,75.130384,75.552242,74.956288,75.351357,41754700
2004-10-13,75.666062,75.712935,74.541116,74.688431,54212600
2004-10-14,74.782204,74.949607,74.045633,74.085808,64082200
2004-10-15,74.340266,74.822387,74.038943,74.500977,63482200
2004-10-18,74.253180,74.929488,74.125952,74.782173,43535100
2004-10-19,75.009850,75.150473,74.052305,74.152748,55851900
2004-10-20,73.911664,74.206295,73.489811,74.005409,57118500
2004-10-21,74.186211,74.541104,73.797835,74.487534,53218300
2004-10-22,74.454080,74.494255,73.563496,73.650543,48752400
2004-10-25,73.489842,73.737600,73.221996,73.563499,43990900
2004-10-26,73.744277,74.728606,73.576874,74.688431,54337400
2004-10-27,74.581284,75.733016,74.407189,75.585701,73896000
2004-10-28,75.518747,76.041043,75.324559,75.813377,54413300
2004-10-29,75.746408,76.094603,75.599092,75.799973,48820200
2004-11-01,76.041076,76.228567,75.800016,76.007599,36720900
2004-11-02,76.114690,76.717341,75.813367,76.034340,56210000
2004-11-03,77.025383,77.246356,76.496389,76.991905,76960200
2004-11-04,76.857998,78.123563,76.791038,78.043213,55350300
2004-11-05,78.378005,78.773073,78.003019,78.532013,63287200
2004-11-08,78.331112,78.498515,78.157012,78.418159,33863800
2004-11-09,78.398116,78.679352,78.183841,78.264191,44658100
2004-11-10,78.384695,78.712808,78.183815,78.324432,45265400
2004-11-11,78.465036,79.094472,78.411466,78.920372,37863200
2004-11-12,78.994033,79.683731,78.799845,79.543114,55583700
2004-11-15,79.584079,79.765408,79.402750,79.738548,35297900
2004-11-16,79.490047,79.523629,79.066944,79.167679,40028700
2004-11-17,79.496752,80.013879,79.295272,79.637787,54494000
2004-11-18,79.604220,79.785554,79.402744,79.745255,31854300
2004-11-19,79.718383,79.731818,78.670696,78.858742,54276500
2004-11-22,78.690845,79.328863,78.596822,79.234840,37560200
2004-11-23,79.201228,79.422856,78.825137,79.355698,41968800
2004-11-24,79.429625,79.644536,79.281878,79.543800,29724800
2004-11-26,79.590780,79.906431,79.449745,79.483322,15487700
2004-11-29,79.778840,79.926592,78.899051,79.120674,61460800
2004-11-30,79.248276,79.409458,79.006501,79.174400,53685200
2004-12-01,79.355711,80.255646,79.315412,80.074318,49898300
2004-12-02,79.987041,80.504172,79.926600,80.141510,60163500
2004-12-03,80.128078,80.685504,79.980326,80.087784,49067900
2004-12-06,80.060875,80.349661,79.812383,80.060875,33030500
2004-12-07,80.248947,80.336258,79.275136,79.315430,52047200
2004-12-08,79.389290,79.798963,79.254973,79.778816,43895100
2004-12-09,79.342268,80.228774,79.066917,80.060875,60922800
2004-12-10,79.866153,80.295974,79.819142,80.141510,47828600
2004-12-13,80.430300,80.860121,80.154943,80.839973,38541000
2004-12-14,80.712366,81.236210,80.712366,81.122040,41500700
2004-12-15,81.061577,81.336934,80.799655,81.182465,46699200
2004-12-16,81.075042,81.424269,80.618356,81.135483,51641800
2004-12-17,80.607792,80.951926,80.405365,80.594299,70761900
2004-12-20,80.803490,81.167865,80.412123,80.614555,47187400
2004-12-21,80.702276,81.296076,80.607809,81.235344,33094200
2004-12-22,81.228590,81.700931,81.174613,81.431023,31500700
2004-12-23,81.559211,81.835863,81.417510,81.491730,25646100
2004-12-27,81.781879,81.889844,81.235318,81.323036,29944100
2004-12-28,81.404012,81.869603,81.377020,81.768387,23422900
2004-12-29,81.700928,81.916853,81.613205,81.889862,22650600
2004-12-30,81.916825,82.031534,81.673908,81.734634,21076900
2004-12-31,81.849347,82.092264,81.511963,81.559196,28648800
2005-01-03,82.024795,82.159752,80.904683,81.174591,55748000
2005-01-04,81.282564,81.336546,79.919534,80.182693,69167600
2005-01-05,80.121957,80.466090,79.622630,79.629379,65667300
2005-01-06,79.919531,80.398616,79.798073,80.034241,47814700
2005-01-07,80.277151,80.452592,79.710344,79.919525,55847700
2005-01-10,79.852022,80.607763,79.852022,80.297371,56563300
2005-01-11,80.054472,80.121948,79.615872,79.744080,63099700
2005-01-12,79.892539,80.189433,79.298739,80.007248,72720500
2005-01-13,80.054503,80.115235,79.285267,79.366241,55537500
2005-01-14,79.602407,79.980275,79.460706,79.784592,42032500
2005-01-18,79.656386,80.715772,79.588905,80.614555,57391700
2005-01-19,80.587556,80.648283,79.764339,79.771088,54378900
2005-01-20,79.548392,79.757568,79.143532,79.285233,72049300
2005-01-21,79.480925,79.622626,78.711690,78.799408,63160400
2005-01-24,79.008566,79.177258,78.522737,78.644196,58441900
2005-01-25,78.887114,79.264983,78.758907,78.866867,68245000
2005-01-26,79.163785,79.352719,78.974850,79.103058,57195100
2005-01-27,79.076094,79.453963,78.934393,79.238037,55878800
2005-01-28,79.278522,79.319011,78.684727,79.238037,60738900
2005-01-31,79.588870,79.791302,79.426927,79.730576,52532700
2005-02-01,79.791330,80.351388,79.690113,80.236679,49841200
2005-02-02,80.337906,80.695532,80.229946,80.479607,52468900
2005-02-03,80.337877,80.405358,80.007242,80.270401,48837100
2005-02-04,80.297398,81.262317,80.283905,81.127365,50024600
2005-02-07,81.140875,81.323060,80.945192,81.019417,45412000
2005-02-08,81.086877,81.410768,81.019402,81.113869,39263500
2005-02-09,81.255577,81.302811,80.466100,80.506584,55279400
2005-02-10,80.742760,80.985672,80.472852,80.796738,45858600
2005-02-11,80.769728,81.673920,80.607785,81.491730,53133000
2005-02-14,81.437772,81.552481,81.296071,81.431023,32432100
2005-02-15,81.511965,81.937067,81.430991,81.734634,43852700
2005-02-16,81.599724,81.957350,81.424283,81.788658,55523000
2005-02-17,81.802133,81.869609,81.120616,81.127365,58124000
2005-02-18,81.134128,81.296076,80.904709,81.235344,47723300
2005-02-22,80.904705,81.289322,80.014011,80.027504,80697600
2005-02-23,80.250159,80.682010,80.040983,80.601036,68292600
2005-02-24,80.459341,81.188092,80.283905,81.134109,68563600
2005-02-25,81.154355,82.099031,81.093628,81.937088,60899900
2005-02-28,81.748168,81.849384,80.999175,81.397285,69381300
2005-03-01,81.525482,81.997818,81.498491,81.802139,47294400
2005-03-02,81.485005,82.274483,81.410781,81.761658,64226500
2005-03-03,82.092325,82.254268,81.444543,81.795425,61230800
2005-03-04,82.355443,82.881761,82.180002,82.814285,56168500
2005-03-07,82.767087,83.165198,82.591646,82.854805,43442400
2005-03-08,82.773799,82.996474,82.395930,82.544380,44362000
2005-03-09,82.301477,82.517403,81.619960,81.626709,73263600
2005-03-10,81.781877,81.984310,81.242066,81.808868,65149000
2005-03-11,81.856129,82.132787,81.080150,81.235344,57976500
2005-03-14,81.383753,81.754877,81.161078,81.741379,36336400
2005-03-15,81.930345,81.957336,81.026158,81.066643,62438500
2005-03-16,80.769764,81.080162,80.229953,80.378403,74874200
2005-03-17,80.506611,80.796762,80.283942,80.540352,62584200
2005-03-18,80.687337,80.971852,80.037016,80.301208,60232000
2005-03-21,80.416346,80.463765,79.772801,80.003120,61244300
2005-03-22,80.186030,80.565382,79.190224,79.190224,92472400
2005-03-23,79.224077,79.745692,79.088595,79.257950,70817300
2005-03-24,79.569557,79.928588,79.298588,79.352783,51932500
2005-03-28,79.542465,79.894726,79.467949,79.467949,46765500
2005-03-29,79.352793,79.867633,78.749891,78.939568,71160300
2005-03-30,79.108918,80.070850,79.102142,80.057304,62002100
2005-03-31,80.064111,80.247012,79.847337,79.908302,64575400
2005-04-01,80.362194,80.606065,79.197038,79.549294,95255300
2005-04-04,79.501830,79.840539,79.081829,79.684731,71581200
2005-04-05,79.786328,80.192778,79.711811,80.064072,46853900
2005-04-06,80.240198,80.578908,80.057298,80.341812,53268200
2005-04-07,80.213107,80.788911,80.152136,80.775360,46734600
2005-04-08,80.727981,80.755078,79.935402,79.935402,63772900
2005-04-11,80.131840,80.219903,79.820228,79.996353,44945000
2005-04-12,79.860884,80.653463,79.305401,80.409592,86144800
2005-04-13,80.314702,80.477286,79.345994,79.461159,65949000
2005-04-14,79.528931,79.596672,78.424736,78.424736,96119800
2005-04-15,78.404409,78.716021,77.293443,77.327316,128677300
2005-04-18,77.307021,77.876050,77.198631,77.564438,100035200
2005-04-19,77.970844,78.262134,77.787943,78.180847,64930100
2005-04-20,78.160573,78.329928,76.920901,77.090256,107735900
2005-04-21,77.760875,78.722808,77.483131,78.587326,86952200
2005-04-22,78.404444,78.919283,77.408637,78.289284,88845800
2005-04-25,78.485697,78.919245,78.390859,78.804085,52284100
2005-04-26,78.553475,79.102182,78.004767,78.038635,72626000
2005-04-27,77.808276,78.627952,77.523762,78.343437,84131900
2005-04-28,78.086067,78.363811,77.361229,77.361229,72481500
2005-04-29,77.950557,78.492494,77.205397,78.411201,103993800
2005-05-02,78.627990,78.858315,78.255408,78.851540,56026400
2005-05-03,78.627938,79.156324,78.370521,78.986969,86000300
2005-05-04,79.020852,79.766011,78.770206,79.596657,81055700
2005-05-05,79.711868,79.935417,79.081868,79.569611,96906700
2005-05-06,79.887958,79.928602,79.298602,79.318924,67415400
2005-05-09,79.400243,79.989599,79.291859,79.813469,43750500
2005-05-10,79.501808,79.596646,78.844712,78.986969,74613500
2005-05-11,79.210534,79.528922,78.478921,79.420532,91647400
2005-05-12,79.474750,79.657650,78.546684,78.546684,95086800
2005-05-13,78.783765,79.000539,77.767638,78.390862,85267000
2005-05-16,78.377318,79.149574,78.350226,79.122482,49207000
2005-05-17,78.858285,79.732151,78.688931,79.650864,61071800
2005-05-18,79.996354,80.667003,79.942165,80.470551,77944900
2005-05-19,80.626321,80.890519,80.409548,80.809227,61768100
2005-05-20,80.843142,80.877015,80.436692,80.694115,46345500
2005-05-23,80.755038,81.317297,80.741492,81.141167,51047900
2005-05-24,80.910849,81.175042,80.748265,80.951492,50654100
2005-05-25,80.849908,81.202168,80.497652,80.890556,47608800
2005-05-26,81.147959,81.432473,81.032799,81.324089,43256200
2005-05-27,81.330868,81.459579,81.154743,81.459579,24596100
2005-05-31,81.344415,81.405381,80.883771,80.937965,43377200
2005-06-01,80.965049,81.913436,80.917630,81.628922,69611000
2005-06-02,81.446038,81.859259,81.357970,81.805069,39704500
2005-06-03,81.662791,81.893111,81.107308,81.391823,60999400
2005-06-06,81.256351,81.425706,80.985388,81.317322,36046400
2005-06-07,81.554426,82.137007,81.297009,81.378296,66501300
2005-06-08,81.581511,81.689895,81.066672,81.229256,46881200
2005-06-09,81.114109,81.683143,80.910886,81.615402,56653300
2005-06-10,81.669561,81.730531,81.019240,81.425690,36465300
2005-06-13,81.249581,82.021838,81.161513,81.683128,49383200
2005-06-14,81.595051,82.103115,81.547632,81.872795,33857100
2005-06-15,82.076012,82.130201,81.446012,82.028587,53195600
2005-06-16,82.008292,82.401196,81.913454,82.238617,46564500
2005-06-17,82.665709,82.910564,82.448061,82.543282,51529400
2005-06-20,82.352900,82.869813,82.257679,82.570549,41019400
2005-06-21,82.638553,82.740576,82.318880,82.618149,39879800
2005-06-22,82.760959,82.937800,82.346066,82.686142,46310100
2005-06-23,82.516147,82.706589,81.502721,81.523125,62185600
2005-06-24,81.536709,81.625132,80.829350,80.924576,58572500
2005-06-27,80.917764,81.217033,80.768130,81.040192,48183800
2005-06-28,81.210230,81.781556,81.189826,81.720345,41174200
2005-06-29,81.869953,81.890357,81.455060,81.502670,42316500
2005-06-30,81.767914,81.835928,80.904117,81.060555,62288800
2005-07-01,81.244216,81.482274,81.080981,81.298630,49737500
2005-07-05,81.108226,82.060441,81.067419,81.951614,51549000
2005-07-06,81.883562,82.060403,81.217015,81.264626,52363600
2005-07-07,80.455254,81.584305,80.434850,81.584305,103268800
2005-07-08,81.597893,82.516098,81.427855,82.516098,64491200
2005-07-11,82.522927,83.046642,82.509321,82.937820,49688300
2005-07-12,82.971812,83.407110,82.733760,83.155457,51871100
2005-07-13,83.162245,83.332284,82.971804,83.271072,41182300
2005-07-14,83.645190,83.958060,83.311912,83.597580,63638800
2005-07-15,83.515953,83.685991,83.223487,83.549957,56075900
2005-07-18,83.318714,83.407132,83.012647,83.216690,56598400
2005-07-19,83.461525,83.733587,83.257483,83.672371,59165700
2005-07-20,83.379897,84.155276,83.182657,83.958031,69477000
2005-07-21,84.032858,84.073666,83.298292,83.468330,101110900
2005-07-22,83.577159,84.039663,83.407121,84.026062,52607100
2005-07-25,83.937636,84.304914,83.556747,83.788002,57301600
2005-07-26,83.815195,84.019238,83.624748,83.890007,42758800
2005-07-27,83.998846,84.264105,83.692779,84.196091,43181600
2005-07-28,84.311700,84.774203,84.094051,84.726593,47880700
2005-07-29,84.617785,84.767414,83.998844,84.162079,62358100
2005-08-01,84.223288,84.366120,83.964827,84.100861,40418200
2005-08-02,84.250502,84.747011,84.162079,84.604179,45147400
2005-08-03,84.508964,84.842237,84.420546,84.828636,36837200
2005-08-04,84.495332,84.549740,84.046429,84.148453,50855600
2005-08-05,83.964835,84.325320,83.434317,83.577148,53595500
2005-08-08,83.760776,83.937617,83.237056,83.420700,47616000
2005-08-09,83.699583,84.060063,83.570357,83.924034,47170000
2005-08-10,84.216513,84.679017,83.536360,83.883240,72863700
2005-08-11,83.842406,84.359323,83.665570,84.216492,58570200
2005-08-12,84.046464,84.128084,83.488739,83.699585,54776900
2005-08-15,83.808401,84.250501,83.543142,84.216492,36208500
2005-08-16,83.958050,84.012458,83.039840,83.121460,71942100
2005-08-17,83.107841,83.570345,82.999015,83.114639,62275100
2005-08-18,83.012643,83.359518,82.869807,83.107864,53388600
2005-08-19,83.407131,83.536362,83.114665,83.298309,39842100
2005-08-22,83.373127,83.815227,82.897016,83.298309,69912000
2005-08-23,83.318679,83.393496,82.400474,83.141838,55168600
2005-08-24,82.937788,83.475109,82.359654,82.400467,79104600
2005-08-25,82.536502,82.754151,82.441281,82.699738,35631100
2005-08-26,82.624926,82.631724,82.080802,82.135216,61956800
2005-08-29,81.897182,82.828988,81.876773,82.767776,56179200
2005-08-30,82.468525,82.502535,81.883593,82.332497,74160200
2005-08-31,82.427704,83.427529,82.121632,83.373116,102945200
2005-09-01,83.332278,83.760778,82.393670,83.311874,74578700
2005-09-02,83.556721,83.577125,83.005799,83.162231,47653400
2005-09-06,83.427511,84.202884,83.420708,84.134865,57251300
2005-09-07,84.087255,84.427332,83.971631,84.277702,41749700
2005-09-08,84.107675,84.338924,83.869617,83.998848,39068700
2005-09-09,84.223279,84.842215,84.202875,84.746994,43093900
2005-09-12,84.644987,84.794622,84.522560,84.576973,33017600
2005-09-13,84.427333,84.624578,84.012440,84.107666,58427500
2005-09-14,84.162070,84.284498,83.672359,83.801590,57694600
2005-09-15,84.060036,84.100849,83.590735,83.760773,73156900
2005-09-16,84.219792,84.520330,83.926081,84.356400,75424100
2005-09-19,84.335916,84.390562,83.768986,84.076355,53355300
2005-09-20,84.151475,84.431527,83.243026,83.365974,84480300
2005-09-21,83.188391,83.243036,82.498511,82.587311,94469100
2005-09-22,82.614647,83.099615,82.266296,82.881035,84597200
2005-09-23,82.812736,83.256718,82.580502,82.949348,59368100
2005-09-26,83.345475,83.495746,82.703413,83.044937,70415400
2005-09-27,83.003972,83.325005,82.662448,83.024467,66150800
2005-09-28,83.284047,83.413828,82.785420,83.106453,58620500
2005-09-29,83.024470,83.919261,82.703437,83.782654,66607700
2005-09-30,83.755327,84.042206,83.154242,84.042206,47824200
2005-10-03,83.987582,84.247138,83.639226,83.741684,50994800
2005-10-04,83.871457,84.035387,82.758091,82.799072,60776300
2005-10-05,82.819568,82.860549,81.672047,81.713028,106052100
2005-10-06,81.815450,82.143315,80.715743,81.419281,140941800
2005-10-07,81.760851,81.999922,81.371514,81.699379,75661400
2005-10-10,81.747169,81.767659,80.804564,81.009476,52677000
2005-10-11,81.275869,81.549089,80.818228,80.893364,75629800
2005-10-12,80.866037,81.371491,80.196653,80.258125,100510400
2005-10-13,80.230841,80.654332,79.834671,80.210350,99052900
2005-10-14,80.681601,81.152900,80.299090,81.057274,88651000
2005-10-17,81.146068,81.467096,80.906997,81.357811,68109300
2005-10-18,81.241731,81.255389,80.463056,80.476715,74996900
2005-10-19,80.258112,81.829124,79.998556,81.815460,116563800
2005-10-20,81.617384,81.835959,80.121513,80.374237,131966700
2005-10-21,80.797744,81.132436,80.264967,80.688454,96579500
2005-10-24,80.900193,82.027218,80.879702,81.938423,71308400
2005-10-25,81.774536,82.129719,81.241759,81.774536,76594500
2005-10-26,81.631095,82.334634,81.412520,81.535469,80855800
2005-10-27,81.419297,81.535420,80.551829,80.667946,66623100
2005-10-28,80.893317,81.931547,80.667910,81.829094,72322000
2005-10-31,82.163795,82.853674,82.054504,82.054504,77698900
2005-11-01,82.361923,82.580498,82.116025,82.300446,66365100
2005-11-02,82.081870,83.161087,82.054547,83.161087,74012300
2005-11-03,83.434296,83.782652,83.161076,83.516258,84897600
2005-11-04,83.605067,83.646048,83.024477,83.406982,59156000
2005-11-07,83.584579,83.755341,83.229391,83.488953,46765400
2005-11-08,83.284036,83.618728,83.188410,83.488953,42152800
2005-11-09,83.386462,83.980711,83.236191,83.598206,57666800
2005-11-10,83.564076,84.370073,83.161080,84.247124,79048100
2005-11-11,84.253952,84.588644,83.625549,84.534004,34867000
2005-11-14,84.554487,84.711585,84.274435,84.486183,45092200
2005-11-15,84.390597,84.759438,83.919292,84.178848,69592500
2005-11-16,84.267609,84.390558,84.001221,84.349571,51133000
2005-11-17,84.479346,85.141903,84.110499,85.135071,55717500
2005-11-18,85.421952,85.572223,84.923330,85.469765,72437200
2005-11-21,85.483449,86.002567,85.367332,85.900108,50021200
2005-11-22,85.763492,86.419218,85.667866,86.268951,66438800
2005-11-23,86.234779,87.027117,86.207456,86.767555,50854700
2005-11-25,86.733416,86.897346,86.617294,86.835869,15270000
2005-11-28,86.917852,86.931511,86.091365,86.221146,54498500
2005-11-29,86.507999,86.733406,86.125488,86.125488,51738900
2005-11-30,86.173296,86.419189,85.579043,85.661011,56007200
2005-12-01,86.077678,86.767558,86.050361,86.535324,65468200
2005-12-02,86.589978,86.801726,86.405557,86.644623,46699400
2005-12-05,86.542198,86.562694,86.187015,86.460236,59273400
2005-12-06,86.781203,87.252502,86.494319,86.624100,57935200
2005-12-07,86.589929,86.658238,85.845409,86.118629,66816500
2005-12-08,86.214297,86.624125,85.708843,86.064026,62608600
2005-12-09,86.173350,86.596836,85.941111,86.289467,50744500
2005-12-12,86.548993,86.651451,86.036707,86.371399,48389900
2005-12-13,86.350904,87.225205,86.262110,86.958817,88630900
2005-12-14,86.876868,87.491607,86.842713,87.300354,64375000
2005-12-15,87.320807,87.430097,86.869998,87.047592,55900300
2005-12-16,87.399205,87.454140,86.767471,86.767471,46238300
2005-12-19,87.021526,87.117659,86.307390,86.321121,48733000
2005-12-20,86.424118,86.925383,86.163186,86.403519,46603200
2005-12-21,86.671309,87.042111,86.382909,86.540840,51806900
2005-12-22,86.733119,86.994057,86.575188,86.994057,32247900
2005-12-23,87.055853,87.110788,86.808652,87.042122,27977300
2005-12-27,87.179492,87.241295,86.094554,86.156357,44499500
2005-12-28,86.341727,86.513394,86.176927,86.348595,30764300
2005-12-29,86.327984,86.492783,85.874780,85.964050,32788900
2005-12-30,85.696251,85.874781,85.394115,85.497116,44645600
2006-01-03,85.964050,87.206918,85.414713,87.000916,73256700
2006-01-04,87.110813,87.543412,87.000943,87.412949,51899600
2006-01-05,87.309926,87.612057,87.124523,87.467857,47307500
2006-01-06,87.907317,88.291850,87.454114,88.195717,62885900
2006-01-09,88.181964,88.621431,88.154502,88.422302,43527400
2006-01-10,88.161392,88.566524,88.072122,88.511589,44960800
2006-01-11,88.594022,88.882422,88.394883,88.793152,49598900
2006-01-12,88.635199,88.772530,88.195731,88.442932,40509200
2006-01-13,88.284996,88.511587,88.030921,88.360519,44856700
2006-01-17,88.030954,88.182022,87.763153,88.120224,52066600
2006-01-18,87.605205,88.511603,87.316806,87.770004,75067600
2006-01-19,87.982850,88.422317,87.763111,88.106445,81530400
2006-01-20,88.085860,88.106459,86.499657,86.499657,114957800
2006-01-23,86.664463,87.083331,86.609528,86.808662,67017400
2006-01-24,86.952848,87.309919,86.808648,86.897919,53008800
2006-01-25,87.234397,87.330530,86.410392,86.973465,87747700
2006-01-26,87.378590,87.666990,87.042124,87.454124,71294000
2006-01-27,87.660120,88.346789,87.515915,88.264381,65771200
2006-01-30,88.195717,88.449781,88.133919,88.195717,33709600
2006-01-31,88.113359,88.264416,87.543417,87.550285,72937000
2006-02-01,87.769976,88.188839,87.701310,88.161377,63561000
2006-02-02,87.962289,87.989751,87.069617,87.138283,83626900
2006-02-03,86.918498,88.161367,86.616362,86.705627,86040400
2006-02-06,86.822379,87.069580,86.636976,86.932243,45511900
2006-02-07,86.781206,86.973477,86.108273,86.163208,71208100
2006-02-08,86.417254,87.962263,86.245587,86.945992,59422200
2006-02-09,87.151993,87.618928,86.774329,86.801796,62023300
2006-02-10,86.815525,87.296191,86.142587,86.959724,64508700
2006-02-13,86.932259,87.062728,86.485924,86.801796,52308700
2006-02-14,86.836121,87.914190,86.664453,87.721924,90964400
2006-02-15,87.673857,88.113329,87.371721,88.030922,85471300
2006-02-16,88.127013,88.724422,88.017144,88.690086,61017900
2006-02-17,88.614588,88.690122,88.291852,88.449783,40342600
2006-02-21,88.655788,88.854917,88.092715,88.230057,46456300
2006-02-22,88.422329,89.026590,88.339921,88.765663,42326700
2006-02-23,88.765646,89.019710,88.085841,88.635178,43423200
2006-02-24,88.655791,88.909855,88.415453,88.861794,36777400
2006-02-27,88.854909,89.294377,88.772512,88.896118,35858600
2006-02-28,88.717583,89.205122,87.982853,88.051514,74394800
2006-03-01,88.305608,88.916743,88.236937,88.834335,48641600
2006-03-02,88.511597,88.868667,88.312467,88.827469,60642300
2006-03-03,88.353638,89.314980,88.339902,88.415436,73402500
2006-03-06,88.676407,88.703870,87.790604,88.010338,57478400
2006-03-07,87.797482,87.934814,87.481615,87.873016,61780800
2006-03-08,87.687611,88.195750,87.330546,88.058418,66692400
2006-03-09,88.085860,88.360524,87.467857,87.467857,56313600
2006-03-10,87.694462,88.470396,87.509064,88.298729,60490800
2006-03-13,88.470394,88.690133,88.257529,88.463531,45479100
2006-03-14,88.381132,89.424861,88.312461,89.390526,69877300
2006-03-15,89.369920,89.857459,89.163927,89.788788,53398900
2006-03-16,89.960453,90.276326,89.843721,89.974190,65526400
2006-03-17,90.090686,90.242355,89.883875,90.049324,47286800
2006-03-20,90.063092,90.242332,89.766656,89.904533,45538500
2006-03-21,89.876987,90.304422,89.242741,89.339256,87102700
2006-03-22,89.284126,89.973526,89.242764,89.883911,51605700
2006-03-23,89.801137,89.890762,89.387503,89.697731,46704200
2006-03-24,89.615032,90.014885,89.442682,89.766701,43209200
2006-03-27,89.642625,89.814975,89.442704,89.635735,32523000
2006-03-28,89.573643,89.987286,88.966978,89.084175,82079900
2006-03-29,89.215139,89.966581,89.132404,89.642563,61505700
2006-03-30,89.697767,90.297541,89.311705,89.484055,70571700
2006-03-31,89.635672,89.787341,89.187556,89.504684,62925600
2006-04-03,89.670149,90.221660,89.270296,89.435745,61624700
2006-04-04,89.435793,90.125192,89.180718,90.007996,54809300
2006-04-05,90.042436,90.504332,89.883877,90.318192,50607200
2006-04-06,90.207937,90.456122,89.752931,90.221718,57906200
2006-04-07,90.352630,90.587023,89.173764,89.304741,80180900
2006-04-10,89.442688,89.677081,89.111769,89.442688,41496500
2006-04-11,89.518504,89.663272,88.415461,88.684326,72799400
2006-04-12,88.773958,89.022142,88.663652,88.849792,43033700
2006-04-13,88.649855,89.104861,88.456824,88.732590,51051800
2006-04-17,88.815317,89.146225,88.256905,88.698120,64167700
2006-04-18,88.884230,90.269929,88.884230,90.104469,92531800
2006-04-19,90.138962,90.359575,89.787373,90.276840,87269000
2006-04-20,90.311307,90.904191,90.035552,90.400932,86005500
2006-04-21,90.786962,90.855895,90.049300,90.414680,72342600
2006-04-24,90.235515,90.359612,89.883925,90.249306,52546400
2006-04-25,90.338872,90.394025,89.566748,89.876976,84359800
2006-04-26,89.966596,90.407811,89.828718,89.897652,67262400
2006-04-27,89.552968,90.745637,89.339256,90.331993,124478600
2006-04-28,90.166526,90.828354,90.111383,90.635323,55854400
2006-05-01,90.635314,90.862817,89.842509,89.897652,64990300
2006-05-02,90.318188,90.628426,90.132058,90.573273,49063500
2006-05-03,90.414744,90.531951,89.932167,90.235504,60821300
2006-05-04,90.366471,90.738742,90.290636,90.559502,42921400
2006-05-05,91.035173,91.552223,90.897296,91.359192,62588200
2006-05-08,91.352338,91.531588,91.248932,91.248932,30016700
2006-05-09,91.290253,91.531547,91.214419,91.428131,29864000
2006-05-10,91.283344,91.517738,90.924854,91.379860,64378200
2006-05-11,91.352301,91.379883,89.980404,90.276840,80626900
2006-05-12,89.870093,90.118277,89.063497,89.097969,91726500
2006-05-15,88.787728,89.442666,88.663641,89.277206,84029300
2006-05-16,89.456468,89.621928,88.939418,89.146240,62137600
2006-05-17,88.705024,89.001471,87.395164,87.450317,144789500
2006-05-18,87.795024,88.070785,86.940171,87.009109,87906300
2006-05-19,87.464091,87.891515,86.726434,87.622650,124309400
2006-05-22,87.057314,87.670879,86.519584,86.953903,110852800
2006-05-23,87.677824,87.988052,86.292130,86.292130,92006500
2006-05-24,86.643687,87.477859,86.009441,86.981491,168405000
2006-05-25,87.498559,88.056976,87.160755,88.056976,78977900
2006-05-26,88.250019,88.505104,87.905325,88.505104,62989700
2006-05-30,88.222421,88.243102,86.898776,86.933243,72419900
2006-05-31,87.291747,87.905312,87.002195,87.905312,86926200
2006-06-01,87.815673,88.891139,87.739839,88.746361,73721700
2006-06-02,89.104853,89.228939,88.463716,88.932503,91702600
2006-06-05,88.829076,88.835967,87.395120,87.636414,86105100
2006-06-06,87.698483,87.815679,86.698856,87.422722,130498600
2006-06-07,87.491663,88.001817,86.719534,86.767792,108599400
2006-06-08,86.574782,87.209028,85.395909,86.691978,204957200
2006-06-09,87.112486,87.526124,86.374829,86.416191,94972200
2006-06-12,86.781602,86.816074,85.361441,85.478638,95815900
2006-06-13,85.306252,86.064590,84.485870,84.485870,185688800
2006-06-14,84.685810,85.230436,84.341110,85.140816,163566400
2006-06-15,85.451059,87.112514,85.389015,86.947060,134057000
2006-06-16,86.756619,86.943577,86.181887,86.313454,94253500
2006-06-19,86.832753,86.888150,85.551729,85.634819,95804400
2006-06-20,85.870306,86.424260,85.669495,85.925697,65494700
2006-06-21,85.863357,87.040513,85.835658,86.562729,75008200
2006-06-22,86.521182,86.597352,85.891059,86.181885,74566100
2006-06-23,86.091876,86.763549,85.884139,86.168045,54107000
2006-06-26,86.237245,86.597314,86.036435,86.548843,37899600
2006-06-27,86.562738,86.756623,85.704101,85.801048,69780200
2006-06-28,85.994945,86.396560,85.621023,86.382713,62368100
2006-06-29,86.694261,88.183021,86.673489,88.127625,110634800
2006-06-30,88.314605,88.397700,87.912985,88.134567,54227800
2006-07-03,88.238475,88.640090,88.155380,88.494682,23914000
2006-07-05,88.141528,88.252317,87.608341,87.989189,69653400
2006-07-06,88.079186,88.529277,87.996095,88.245377,50100300
2006-07-07,88.072275,88.328476,87.449072,87.670654,81626500
2006-07-10,87.899153,88.238450,87.532157,87.836830,60964100
2006-07-11,87.670658,88.224617,87.206720,88.224617,73640800
2006-07-12,88.044550,88.217661,87.054351,87.282860,82561300
2006-07-13,86.867418,87.026683,85.863373,85.863373,102405700
2006-07-14,85.953399,86.043420,85.053221,85.531006,103242500
2006-07-17,85.530990,85.932610,85.274788,85.406349,81159000
2006-07-18,85.662545,85.897980,84.748516,85.842583,122771000
2006-07-19,85.987974,87.428263,85.669449,87.033569,133565300
2006-07-20,87.331352,87.455992,86.320380,86.438095,112259800
2006-07-21,86.659643,86.687342,85.738689,85.828705,101560000
2006-07-24,86.168049,87.469846,86.168049,87.393677,92884000
2006-07-25,87.234405,88.148434,87.054368,87.705269,95480700
2006-07-26,87.656777,88.252281,87.372876,87.822968,84525800
2006-07-27,88.203867,88.418529,87.386780,87.739929,87257100
2006-07-28,87.968399,88.730090,87.843759,88.619301,82137000
2006-07-31,88.397720,88.605451,88.252302,88.529282,49593100
2006-08-01,88.176161,88.203860,87.663752,88.093071,65225600
2006-08-02,88.342307,88.951663,88.321534,88.688530,64770900
2006-08-03,88.176122,89.013987,88.044561,88.923965,63693800
2006-08-04,89.381001,89.623351,88.273088,88.771645,96294200
2006-08-07,88.563904,88.688544,88.217681,88.563904,45377300
2006-08-08,88.695476,88.951688,87.906087,88.224617,90901300
2006-08-09,88.757801,89.048638,87.670665,87.926872,78910600
2006-08-10,87.649896,88.286946,87.442160,88.196930,69322300
2006-08-11,88.058421,88.079193,87.518313,87.947632,47482200
2006-08-14,88.376946,88.743947,87.885310,88.016876,57839000
2006-08-15,88.806279,89.235593,88.563924,89.069412,68143000
2006-08-16,89.547180,89.941869,89.353286,89.810303,71737600
2006-08-17,89.727182,90.274209,89.664864,90.038780,70992800
2006-08-18,90.149634,90.495857,89.734162,90.495857,58288400
2006-08-21,90.142661,90.211910,89.879539,90.108047,42133600
2006-08-22,90.011124,90.378120,89.796457,90.101135,60839900
2006-08-23,90.142648,90.322691,89.457133,89.851822,66592100
2006-08-24,90.011128,90.087298,89.602577,89.775688,57983000
2006-08-25,89.768752,90.191145,89.706435,89.886467,41756000
2006-08-28,89.775681,90.585853,89.768760,90.315788,52681500
2006-08-29,90.357345,90.592774,89.886476,90.419662,61817800
2006-08-30,90.620475,90.738190,90.398898,90.475067,50052200
2006-08-31,90.606585,90.703527,90.419621,90.461166,37510300
2006-09-01,90.807420,91.112099,90.599684,91.001305,48794500
2006-09-05,91.063629,91.299069,90.848973,91.174423,52348300
2006-09-06,90.786680,90.821305,90.246573,90.371208,53795600
2006-09-07,90.059582,90.412736,89.567951,89.955719,86269400
2006-09-08,90.073442,90.336575,89.900331,90.211929,45096300
2006-09-11,89.921070,90.495802,89.657938,90.301918,68496600
2006-09-12,90.405803,91.292133,90.274236,91.188271,69875600
2006-09-13,91.153662,91.714542,91.070572,91.555283,62898400
2006-09-14,91.375280,91.569164,91.229861,91.562233,57805400
2006-09-15,92.020508,92.076148,91.582345,91.777092,76703100
2006-09-18,91.658864,92.076163,91.561496,91.902290,64154100
2006-09-19,91.888376,91.895338,91.158118,91.672775,92089100
2006-09-20,91.978791,92.340449,91.846645,92.159615,75204100
2006-09-21,92.229199,92.326567,91.401562,91.714531,88932500
2006-09-22,91.575383,91.582334,91.109405,91.436287,65966800
2006-09-25,91.617160,92.396118,91.144230,92.138779,92299100
2006-09-26,92.152669,92.917714,92.083115,92.903801,73962700
2006-09-27,92.841165,93.174998,92.688156,93.015038,82432200
2006-09-28,93.015085,93.188958,92.695154,92.980309,58597500
2006-09-29,93.056810,93.154178,92.834248,92.903801,47966600
2006-10-02,92.875973,93.077672,92.465636,92.556053,51687400
2006-10-03,92.423919,93.105498,92.256997,92.750801,73108100
2006-10-04,92.660372,93.891395,92.556052,93.835754,80890500
2006-10-05,93.835747,94.176542,93.717515,94.016571,60505900
2006-10-06,93.856618,93.960948,93.474096,93.898346,64983600
2006-10-09,93.787061,94.100030,93.641003,93.953972,41176800
2006-10-10,93.960984,94.204399,93.780149,94.079216,56403700
2006-10-11,93.780117,94.190455,93.404556,93.967903,104071800
2006-10-12,94.204349,94.858113,94.169572,94.781609,59158600
2006-10-13,94.698211,95.080734,94.614745,95.025093,53944000
2006-10-16,94.948507,95.317117,94.878953,95.171059,42273000
2006-10-17,94.913798,95.073758,94.357402,94.872070,90500600
2006-10-18,95.310177,95.539690,94.656424,94.997208,86848600
2006-10-19,94.858125,95.198920,94.746844,95.150230,64063200
2006-10-20,95.171059,95.247563,94.816362,95.171059,48094500
2006-10-23,94.976338,95.838751,94.858105,95.609238,66219900
2006-10-24,95.477117,95.929183,95.435390,95.894417,53234900
2006-10-25,95.797040,96.263018,95.637069,96.221291,78105400
2006-10-26,96.436907,96.673372,95.963967,96.520363,66843700
2006-10-27,96.402141,96.499509,95.720562,95.915298,80238000
2006-10-30,95.741429,96.116990,95.560595,95.845749,49717800
2006-10-31,96.026557,96.158692,95.456249,95.831810,71274100
2006-11-01,96.130874,96.193466,95.087637,95.185005,83005600
2006-11-02,94.941601,95.289347,94.837282,95.129387,60693100
2006-11-03,95.470142,95.553597,94.322574,94.962425,71346400
2006-11-06,95.254568,96.172612,95.247607,96.033516,63303300
2006-11-07,96.116938,96.659420,95.977842,96.402092,63318900
2006-11-08,95.977879,96.708147,95.185018,96.610779,87517800
2006-11-09,96.680310,96.770727,95.908313,96.103050,95916300
2006-11-10,96.075222,96.214318,95.783117,96.144775,48991500
2006-11-13,96.103023,96.701146,96.026529,96.381226,59398200
2006-11-14,96.652495,97.188027,96.061323,97.104561,96704000
2006-11-15,97.069851,97.681877,97.042025,97.382820,76509600
2006-11-16,97.674876,97.841787,97.014161,97.633148,76728800
2006-11-17,97.320201,97.667947,97.181104,97.660995,56353800
2006-11-20,97.577502,97.883520,97.327125,97.716599,69174200
2006-11-21,97.709630,97.834813,97.570523,97.813950,51367900
2006-11-22,97.890473,98.175627,97.716600,98.008705,45505300
2006-11-24,97.535739,97.953028,97.507914,97.612244,30998000
2006-11-27,97.563620,97.612309,96.242189,96.270004,84545100
2006-11-28,96.144758,96.784609,96.054341,96.687241,106652900
2006-11-29,97.000225,97.737445,96.728984,97.695717,90034900
2006-11-30,97.674896,98.099147,97.201956,97.737488,83994300
2006-12-01,97.737474,97.827892,96.652509,97.521873,126080000
2006-12-04,97.542707,98.446849,97.528795,98.266014,87813200
2006-12-05,98.453790,98.731993,98.245140,98.690254,73374400
2006-12-06,98.669434,98.808541,98.412105,98.606842,53253200
2006-12-07,98.780703,98.968489,98.140852,98.175629,62857400
2006-12-08,98.154750,98.690271,97.911323,98.356438,79625500
2006-12-11,98.356470,98.822449,98.300830,98.641624,39779400
2006-12-12,98.544261,98.669444,97.987865,98.565125,77451600
2006-12-13,98.919826,98.996331,98.453848,98.669449,55520200
2006-12-14,98.662472,99.622254,98.648559,99.538788,64755200
2006-12-15,99.757687,99.932528,99.477944,99.547874,70857400
2006-12-18,99.687755,99.925548,99.135260,99.275131,48954600
2006-12-19,98.995422,99.701779,98.743650,99.463997,65023600
2006-12-20,99.505946,99.771709,99.317114,99.408035,41469600
2006-12-21,99.498899,99.610789,98.834502,99.044304,48698400
2006-12-22,99.058311,99.065301,98.379924,98.435875,62069100
2006-12-26,98.477812,99.037307,98.456831,99.016327,32696900
2006-12-27,99.219123,99.729669,99.191153,99.666718,39727100
2006-12-28,99.596834,99.799646,99.303101,99.456963,37288800
2006-12-29,99.352027,99.687720,98.911423,99.044304,45461200
2007-01-03,99.484969,99.911583,98.310037,98.869522,94807600
2007-01-04,98.771584,99.345070,98.337980,99.079308,69620600
2007-01-05,98.841515,98.890465,98.177119,98.289009,76645300
2007-01-08,98.484867,98.897491,98.086223,98.743629,71655000
2007-01-09,98.827563,99.030385,98.191136,98.659721,75680100
2007-01-10,98.317002,99.009379,98.121180,98.988388,72428000
2007-01-11,99.016363,99.743700,98.960412,99.421997,54476800
2007-01-12,99.414997,100.177315,99.387027,100.177315,55370600
2007-01-16,100.058422,100.317184,99.820629,99.981491,44871300
2007-01-17,99.904539,100.331153,99.820608,100.023430,50241400
2007-01-18,100.128387,100.191327,99.526931,99.687782,68177300
2007-01-19,99.687728,100.079382,99.631788,99.883560,56973000
2007-01-22,100.058447,100.079427,99.261158,99.575882,60253600
2007-01-23,99.491896,100.065382,99.352025,99.869560,54064400
2007-01-24,99.988482,100.694839,99.946522,100.673859,55834700
2007-01-25,100.610873,100.652833,99.317041,99.491882,73583800
2007-01-26,99.708739,99.764679,99.016362,99.401016,67255600
2007-01-29,99.442981,99.869595,99.128268,99.345070,66114600
2007-01-30,99.554875,99.911548,99.352052,99.862587,70407600
2007-01-31,99.750694,100.799744,99.589832,100.533981,91868600
2007-02-01,100.813762,101.170446,100.645920,101.135475,69312400
2007-02-02,101.219371,101.373233,100.974599,101.275322,49607000
2007-02-05,101.198349,101.366201,100.946577,101.303261,45705300
2007-02-06,101.387211,101.429172,100.939617,101.331261,57081300
2007-02-07,101.492133,101.659985,101.107490,101.555084,55669700
2007-02-08,101.254298,101.492080,100.897625,101.422150,70641000
2007-02-09,101.450173,101.639005,100.282231,100.666885,79084400
2007-02-12,100.666874,100.736805,100.142349,100.324181,65657000
2007-02-13,100.547989,101.338267,100.540989,101.170425,64081800
2007-02-14,101.268308,102.037605,101.254317,101.834793,66039400
2007-02-15,101.876753,102.072575,101.708901,101.967674,38715200
2007-02-16,101.715928,101.939719,101.569056,101.918739,39841800
2007-02-20,101.799820,102.247415,101.408177,102.135513,56911800
2007-02-21,101.834759,102.156472,101.652927,102.093521,63971600
2007-02-22,102.142485,102.401248,101.527039,102.016594,79067400
2007-02-23,101.925765,101.960725,101.429210,101.618042,71966200
2007-02-26,101.988677,102.072597,101.233359,101.527092,69192800
2007-02-27,100.624914,100.848706,97.212000,97.561684,274466500
2007-02-28,98.184107,99.296097,97.771483,98.561760,177536300
2007-03-01,97.449801,98.785594,96.547622,98.268059,212828600
2007-03-02,97.946339,98.372953,96.974219,96.981209,162574000
2007-03-05,96.463660,97.617622,96.044046,96.058037,143750400
2007-03-06,97.058152,97.995301,96.316825,97.701569,143333300
2007-03-07,97.624587,98.233044,97.491706,97.603607,115144900
2007-03-08,98.289043,98.722657,97.960350,98.428925,117891600
2007-03-09,98.827481,98.904412,97.967263,98.456818,107765100
2007-03-12,98.205100,98.848517,98.023269,98.603745,80366900
2007-03-13,98.037235,98.449869,96.540590,96.687462,190605200
2007-03-14,96.813310,97.463726,95.638379,97.407776,231853800
2007-03-15,97.191004,97.904361,97.072113,97.540688,132435900
2007-03-16,97.815247,98.039937,96.979698,97.267578,121531600
2007-03-19,97.780103,98.531399,97.702867,98.440117,96161200
2007-03-20,98.355899,99.036977,98.271646,98.980804,82147400
2007-03-21,99.072092,100.862543,98.875493,100.609772,152368700
2007-03-22,100.743138,100.883564,100.258659,100.532494,118942200
2007-03-23,100.602741,100.974875,100.511460,100.679977,74416800
2007-03-26,100.757199,100.862516,99.767178,100.546555,113787500
2007-03-27,100.490368,100.518460,99.977809,100.307816,99864600
2007-03-28,99.802286,100.033993,99.184398,99.577606,152907900
2007-03-29,100.083122,100.132277,99.135238,99.682907,139432700
2007-03-30,99.872497,100.293775,98.692895,99.703979,128194100
2007-04-02,99.816345,100.026990,99.338884,99.816345,79416400
2007-04-03,100.385090,101.094249,100.342964,100.890633,82417800
2007-04-04,100.890585,101.073137,100.518451,101.002930,63995200
2007-04-05,100.876561,101.417213,100.834435,101.276787,46822800
2007-04-09,101.564657,101.669985,101.213587,101.417213,50967400
2007-04-10,101.340000,101.705116,101.297873,101.536598,56620000
2007-04-11,101.684022,101.712102,100.785272,101.122307,106365700
2007-04-12,100.925733,101.754254,100.644870,101.571701,115534400
2007-04-13,101.740202,102.035110,101.361051,102.035110,84287000
2007-04-16,102.393162,103.116366,102.386144,103.004021,83064600
2007-04-17,103.193617,103.495532,102.968927,103.277870,108424100
2007-04-18,102.933818,103.706166,102.912755,103.404251,88345300
2007-04-19,102.898732,103.495545,102.765324,103.376183,102947700
2007-04-20,104.071313,104.352165,103.242781,104.352165,124114100
2007-04-23,104.176623,104.429395,103.895771,103.958961,77270800
2007-04-24,104.078357,104.197720,103.439417,104.001122,114471000
2007-04-25,104.429335,105.082331,103.930821,104.955940,108418800
2007-04-26,104.963036,105.180698,104.689202,105.075371,88741600
2007-04-27,104.682191,105.138589,104.506656,104.991135,108191100
2007-04-30,105.068355,105.138573,104.064299,104.120461,100874100
2007-05-01,104.211756,104.949006,103.685150,104.387291,134342700
2007-05-02,104.548784,105.286034,104.443467,104.998154,87129800
2007-05-03,105.300055,105.601970,105.131537,105.566872,86569700
2007-05-04,105.847739,106.107528,105.475606,105.967102,96409000
2007-05-07,105.939030,106.163710,105.889875,105.988174,63461400
2007-05-08,105.728362,105.967088,105.412401,105.847725,80584000
2007-05-09,105.770511,107.301184,105.580930,106.135628,102070100
2007-05-10,105.833688,106.037314,104.808568,105.026230,153617800
2007-05-11,105.145588,105.974109,105.124525,105.924965,113408900
2007-05-14,105.924976,106.233919,105.173680,105.693268,108027500
2007-05-15,105.812592,106.486652,105.454504,105.721321,180673300
2007-05-16,105.882842,106.465621,105.587944,106.444557,114166500
2007-05-17,106.290067,106.697310,106.100486,106.233894,101132800
2007-05-18,106.732415,107.160721,106.591989,107.160721,99182000
2007-05-21,107.132630,107.589017,107.076457,107.104538,174664600
2007-05-22,107.216900,107.539890,106.992221,107.020302,82148800
2007-05-23,107.392458,107.778638,106.978198,107.034370,133786600
2007-05-24,107.097570,107.575032,105.840743,106.065422,187593000
2007-05-25,106.374328,106.739444,106.149638,106.507736,83309200
2007-05-29,106.683246,107.076443,106.339193,106.893890,82020000
2007-05-30,106.346263,107.806707,106.261999,107.764580,129013600
2007-05-31,107.897972,108.052444,107.511793,107.652229,114866700
2007-06-01,108.045426,108.410532,107.785627,108.185852,107771700
2007-06-04,107.806690,108.403514,107.764563,108.199898,78008800
2007-06-05,107.947119,108.059453,107.329231,107.771584,126917900
2007-06-06,107.329216,107.392406,106.549839,106.613029,164096800
2007-06-07,106.416470,107.076484,104.661117,104.689209,232414600
2007-06-08,105.026219,106.156666,104.682166,106.051338,175886000
2007-06-11,105.974095,106.690282,105.812606,106.233894,102015600
2007-06-12,105.791557,106.402417,105.005163,105.075371,233898000
2007-06-13,105.672188,106.774554,105.124519,106.648163,193208200
2007-06-14,106.767456,107.511723,106.746392,107.329170,146396500
2007-06-15,107.989275,108.355964,107.841185,107.939919,154030800
2007-06-18,108.158524,108.165572,107.650803,107.812988,88537500
2007-06-19,107.573257,108.158547,107.439274,108.080978,110851700
2007-06-20,108.299566,108.299566,106.452032,106.578957,177119700
2007-06-21,106.536649,107.262970,105.951359,107.171295,205262000
2007-06-22,106.846877,107.023169,105.669250,106.162865,204964700
2007-06-25,105.944288,106.656502,105.083983,105.655167,232014400
2007-06-26,105.923136,106.099428,104.562158,104.569206,198445700
2007-06-27,104.456385,106.176994,104.407018,106.057106,213638000
2007-06-28,106.043007,106.769328,105.542334,106.043007,157705000
2007-06-29,106.409653,106.938528,105.175612,106.078224,199701800
2007-07-02,106.388608,107.129036,106.318098,107.037361,103357000
2007-07-03,107.312296,107.537954,107.178323,107.425125,54048400
2007-07-05,107.467470,107.580299,106.924499,107.312332,89279000
2007-07-06,107.453325,108.010402,107.135992,107.876419,81109000
2007-07-09,108.003368,108.144399,107.622572,107.961060,72348100
2007-07-10,107.389911,107.615570,106.318065,106.423836,180362600
2007-07-11,106.303934,107.220653,106.141748,107.178345,175607600
2007-07-12,107.446295,109.124596,107.425141,108.870735,133882500
2007-07-13,108.997661,109.625259,108.870725,109.195107,111794300
2007-07-16,109.293829,109.674614,109.004708,109.181000,98378700
2007-07-17,109.251505,109.639349,109.075214,109.124580,126201300
2007-07-18,108.757956,109.159907,108.102156,108.927200,237887400
2007-07-19,109.441930,109.674636,109.124607,109.350266,145212700
2007-07-20,109.223323,109.293844,107.770681,108.243141,245502500
2007-07-23,108.722687,109.103483,108.102147,108.574608,121183900
2007-07-24,107.975179,108.793175,106.310984,106.691780,256732400
2007-07-25,107.199506,107.460415,105.951357,106.910385,265214500
2007-07-26,105.908987,106.339139,103.229351,104.378777,467592500
2007-07-27,104.512804,104.978206,102.284474,102.326782,422987600
2007-07-30,102.904990,104.230707,102.453683,103.927490,283017500
2007-07-31,104.597429,105.394271,102.277424,102.756943,316976700
2007-08-01,102.376148,103.666605,101.508795,103.257607,467670000
2007-08-02,103.490339,104.195506,102.432588,104.082687,294758400
2007-08-03,103.857001,104.068553,100.979918,101.403023,359398200
2007-08-06,101.692136,103.539670,100.507450,103.102470,324980000
2007-08-07,102.912081,105.069890,102.411407,104.202538,232568700
2007-08-08,104.653831,106.191090,103.899297,105.655167,274930600
2007-08-09,103.962790,105.034647,102.453733,102.524254,357622100
2007-08-10,101.819050,103.306952,100.923485,102.044708,411018400
2007-08-13,103.306988,103.582003,102.263344,102.411423,181917200
2007-08-14,102.742825,102.996686,100.641431,100.845924,264134500
2007-08-15,100.641427,101.868422,99.160573,99.456741,323834000
2007-08-16,98.575279,100.796561,96.607868,100.204224,546743700
2007-08-17,102.601785,102.820385,99.703549,102.044708,388218100
2007-08-20,102.369068,102.580621,101.043351,101.995331,187320400
2007-08-21,101.967134,102.933209,101.642752,102.199829,157066400
2007-08-22,102.961451,103.518539,102.481943,103.412758,173156700
2007-08-23,103.899314,104.117915,102.679378,103.321083,203915300
2007-08-24,103.292872,104.597435,103.151840,104.597435,128901900
2007-08-27,104.258963,104.597440,103.469168,103.624306,113024300
2007-08-28,103.067228,103.130691,101.163279,101.346619,219790700
2007-08-29,101.804948,103.476201,101.515838,103.335159,207654200
2007-08-30,102.566566,103.793561,102.467843,103.060181,191817300
2007-08-31,104.117893,104.717289,103.539661,104.075584,185477500
2007-09-04,103.976849,105.760920,103.941588,105.126274,120062000
2007-09-05,104.505750,104.618579,103.659552,104.216629,166261800
2007-09-06,104.329447,104.794860,103.744157,104.456383,127878400
2007-09-07,103.292902,103.582023,102.432597,103.003792,235447600
2007-09-10,103.321100,103.462131,101.776782,102.806320,192305900
2007-09-11,103.123630,104.153168,103.046061,104.005089,162081900
2007-09-12,103.864043,104.674991,103.645443,104.273041,149554600
2007-09-13,104.752563,105.387209,104.505751,105.006424,154079000
2007-09-14,104.336511,105.133343,104.181374,104.999359,121911000
2007-09-17,104.583313,104.823067,104.103805,104.435234,109870800
2007-09-18,104.949976,107.537937,104.456362,107.509735,263759500
2007-09-19,108.179639,108.870700,107.686025,108.144379,193779900
2007-09-20,108.130272,108.193735,107.262920,107.382797,175186800
2007-09-21,108.196926,108.487408,107.509668,107.672623,141457500
2007-09-24,107.991454,108.274866,107.240433,107.474243,139450200
2007-09-25,106.850795,107.453035,106.609904,107.261734,142289900
2007-09-26,107.871054,108.239483,107.261732,107.828545,135547000
2007-09-27,108.338614,108.473233,107.828484,108.466141,102713300
2007-09-28,108.296175,108.537067,107.679762,108.104874,133372100
2007-10-01,108.119010,109.642307,108.048154,109.323479,148162300
2007-10-02,109.543089,109.571425,108.976277,109.174660,112978800
2007-10-03,108.976279,109.401391,108.409467,108.955025,119055900
2007-10-04,109.188832,109.295105,108.820403,109.125069,76864400
2007-10-05,109.840638,110.598751,109.557238,110.421623,134579700
2007-10-08,110.095726,110.166582,109.656452,109.833580,71280400
2007-10-09,110.244498,110.882154,109.840640,110.867981,94054300
2007-10-10,110.556262,110.839673,110.109906,110.683800,101711100
2007-10-11,111.186842,111.604873,109.493498,110.152420,233529100
2007-10-12,110.145324,110.775900,110.010705,110.761726,124546700
2007-10-15,110.719202,110.782965,109.068367,109.826469,161151900
2007-10-16,109.401391,109.479328,108.735388,108.955025,166525700
2007-10-17,109.805251,109.883188,108.026889,109.288040,216687300
2007-10-18,108.721196,109.245499,108.459050,108.891243,148367500
2007-10-19,108.466179,110.868036,106.035987,106.043068,297169900
2007-10-22,105.469166,106.815336,105.327466,106.659462,261989800
2007-10-23,107.311282,107.658446,106.453977,107.523827,180085100
2007-10-24,107.134141,107.509652,105.454960,107.325432,326694200
2007-10-25,107.445848,107.899295,106.191790,107.580467,237374500
2007-10-26,108.444932,108.841698,107.623055,108.841698,176484000
2007-10-29,109.061307,109.422655,108.792080,109.203018,106841000
2007-10-30,108.721197,108.933753,108.310259,108.444878,132981600
2007-10-31,109.096694,110.010681,108.288991,109.571396,220954400
2007-11-01,108.607872,108.692901,106.694890,107.006638,333040800
2007-11-02,107.360870,107.693872,105.717127,107.127060,331228200
2007-11-05,106.021771,107.098713,105.547069,106.312263,226841000
2007-11-06,106.886202,107.771843,106.206026,107.743507,177800500
2007-11-07,106.588571,107.077446,104.540971,104.796036,306639700
2007-11-08,104.852745,105.143227,102.783891,104.264679,374509900
2007-11-09,103.223180,104.533922,102.656368,102.833496,277745100
2007-11-12,102.883070,103.874983,101.813210,101.813210,243087800
2007-11-13,102.996408,105.079436,102.890136,104.916481,191117400
2007-11-14,105.724203,105.851730,103.995432,104.626007,230558800
2007-11-15,103.846675,104.498506,102.394223,103.116898,263111100
2007-11-16,103.662451,103.775816,102.429646,103.294022,308770600
2007-11-19,102.932670,102.989352,101.451882,101.855728,267746000
2007-11-20,102.039905,103.109755,100.686645,102.479179,414767500
2007-11-21,101.373920,101.961986,100.374915,100.381996,259012400
2007-11-23,101.366838,102.266640,101.104681,102.117859,77688400
2007-11-26,102.330435,102.649274,99.659351,99.864815,214232000
2007-11-27,100.424530,101.480206,99.864799,101.012596,293897900
2007-11-28,102.160358,104.484277,102.124930,104.243385,258596900
2007-11-29,103.882074,104.661442,103.513655,104.278839,199409900
2007-11-30,105.596666,106.184732,104.385116,105.327438,222908000
2007-12-03,104.994451,105.178660,104.356783,104.633102,146430400
2007-12-04,103.910417,104.533900,103.662433,103.697861,136533900
2007-12-05,104.810214,105.710028,104.739369,105.433708,171130000
2007-12-06,105.306164,107.134127,105.263655,106.942825,154457400
2007-12-07,107.282968,107.339651,106.666566,106.921631,148980100
2007-12-10,107.183775,107.871033,106.886201,107.750587,123914300
2007-12-11,107.793039,108.324423,104.739353,104.796036,250346400
2007-12-12,107.027870,107.530919,104.293012,105.830482,322435600
2007-12-13,105.086548,105.844650,104.363862,105.610840,237551300
2007-12-14,104.810263,105.639232,104.222207,104.271797,159152900
2007-12-17,103.874955,104.059165,102.635059,102.783852,177269400
2007-12-18,103.513639,103.782866,101.997423,103.357765,245569300
2007-12-19,103.400274,104.073359,102.691762,103.357765,198917200
2007-12-20,104.037949,104.052122,102.861816,104.009613,214813800
2007-12-21,104.967592,105.715481,104.768157,105.508926,146084400
2007-12-24,106.000434,106.470526,105.758253,106.292458,45601400
2007-12-26,105.879319,106.612959,105.772482,106.520370,67093100
2007-12-27,106.142839,106.149958,104.931978,105.181267,122981700
2007-12-28,105.800966,105.850830,104.632840,104.917755,116398100
2007-12-31,104.775295,105.138550,104.034525,104.141373,108126800
2008-01-02,104.369277,104.696927,102.481760,103.229637,204935600
2008-01-03,103.215464,103.628583,102.617157,103.179848,125133300
2008-01-04,102.097150,102.168382,100.366333,100.651237,232330900
2008-01-07,101.007371,101.306524,99.789391,100.565765,234991000
2008-01-08,101.199722,101.783780,98.607049,98.941818,326365700
2008-01-09,99.070012,100.280873,98.079953,99.981720,301824900
2008-01-10,99.490257,101.712555,99.269454,100.637016,335701200
2008-01-11,100.273763,101.071505,99.005918,99.825027,267076600
2008-01-14,100.544421,101.043010,100.003087,100.629890,170365500
2008-01-15,99.568581,100.779454,98.222387,98.414703,239940100
2008-01-16,97.837752,99.091348,97.068497,97.567085,378802600
2008-01-17,98.158286,98.208150,94.682392,95.038528,397892600
2008-01-18,95.971602,96.171037,93.378930,94.062706,348561500
2008-01-22,90.608191,94.326249,89.746341,93.108269,435923700
2008-01-23,90.522744,95.579885,90.344675,95.344833,511913000
2008-01-24,95.786446,96.484481,94.953088,96.149712,259949300
2008-01-25,97.232352,97.410421,94.447374,94.760765,269603900
2008-01-28,94.917429,96.527171,94.062704,96.327736,217934600
2008-01-29,96.940303,97.189592,96.071330,96.804970,168968300
2008-01-30,96.569949,98.678271,95.871925,96.092728,334939200
2008-01-31,95.017164,98.678244,94.874711,97.844887,343680800
2008-02-01,98.250887,99.440381,97.951734,99.419014,206843600
2008-02-04,99.155487,99.219589,98.037213,98.165428,124694300
2008-02-05,96.826359,97.047162,95.209497,95.537148,286882500
2008-02-06,95.857683,96.334904,94.312052,94.767906,250792900
2008-02-07,93.877543,96.007231,93.827678,95.394676,297368100
2008-02-08,94.796342,95.601213,94.091199,94.782104,221643500
2008-02-11,94.803507,95.608367,94.048488,95.266479,188576300
2008-02-12,96.092728,97.089906,95.430309,96.149712,256654400
2008-02-13,96.876203,97.624092,96.256529,97.132622,181967800
2008-02-14,97.545753,97.581369,96.007241,96.277908,215207200
2008-02-15,95.800669,96.313506,95.380431,96.256523,154110300
2008-02-19,97.381893,97.502978,95.878998,96.527168,145190000
2008-02-20,95.437407,97.260823,95.273577,96.812088,220085700
2008-02-21,97.339190,97.588479,95.494406,96.007233,201051200
2008-02-22,96.135446,96.762250,94.632550,96.598419,205491000
2008-02-25,96.541447,98.044343,96.000124,97.816422,190107000
2008-02-26,97.403297,98.970295,97.225229,98.550056,212420700
2008-02-27,97.980192,99.105584,97.873356,98.450294,168395800
2008-02-28,97.752318,98.265155,97.260848,97.488770,170831100
2008-02-29,96.584182,96.641154,94.575568,95.316338,252715200
2008-03-03,94.831968,95.309189,94.190927,95.088387,189483500
2008-03-04,94.183809,95.017167,93.300598,94.725143,282513100
2008-03-05,95.031406,95.992979,94.262150,95.323441,270681400
2008-03-06,94.718011,94.888960,92.987193,93.350449,247911700
2008-03-07,92.431605,93.834783,91.583999,92.388870,326434600
2008-03-10,92.481477,92.545579,90.878864,91.170898,235683600
2008-03-11,93.108266,94.532811,91.847541,94.447342,341440600
2008-03-12,94.547088,95.280728,93.421696,93.564148,229161100
2008-03-13,92.317690,94.475876,91.598298,93.770721,351504200
2008-03-14,94.568481,94.596967,91.014235,92.317696,484687800
2008-03-17,90.152348,92.068358,89.796212,91.384583,405311100
2008-03-18,93.037022,95.223704,92.581168,95.180969,334416600
2008-03-19,95.544271,95.907526,92.623948,92.823395,345971600
2008-03-20,93.089631,95.136816,92.524144,94.542702,245320700
2008-03-24,95.423140,97.212637,95.373040,96.432419,208977300
2008-03-25,96.532621,97.026524,95.752403,96.525467,192947200
2008-03-26,96.246343,96.697289,95.280010,95.344429,196934300
2008-03-27,96.060195,96.231991,94.743128,95.043762,225153200
2008-03-28,95.194110,95.458952,93.812612,94.134720,180896100
2008-03-31,93.977240,95.007993,93.834083,94.463989,166692100
2008-04-01,95.637897,97.949924,95.566312,97.785294,254547300
2008-04-02,98.100235,98.544027,97.334325,97.849701,210910800
2008-04-03,97.320041,98.379420,97.141091,98.093094,175884800
2008-04-04,98.150348,98.751628,97.434550,97.985718,204446800
2008-04-07,98.687212,99.188280,97.878366,98.035843,154245500
2008-04-08,97.484651,98.007181,97.312855,97.935608,148937300
2008-04-09,97.785266,97.921270,96.554091,97.226944,195610600
2008-04-10,96.933515,97.828264,96.561297,97.362999,192967800
2008-04-11,96.267819,96.718765,95.208429,95.473282,222973300
2008-04-14,95.337261,95.587784,94.879150,95.151146,160522000
2008-04-15,95.616393,95.695131,94.721645,95.373024,172389200
2008-04-16,96.303550,98.000000,96.289242,97.957054,189268900
2008-04-17,97.362978,98.243408,97.105290,98.100250,179665700
2008-04-18,99.453082,99.896874,98.966333,99.123810,218530600
2008-04-21,98.944851,99.481700,98.672855,99.173912,118587400
2008-04-22,98.916262,99.002154,97.992875,98.737312,162166000
2008-04-23,98.844684,99.338587,98.150358,98.579842,193309000
2008-04-24,98.837497,100.025726,98.093060,99.009293,229381300
2008-04-25,99.782399,100.133145,98.715865,99.925568,190788100
2008-04-28,100.125994,100.390836,99.768095,99.947044,105610200
2008-04-29,99.775233,100.018602,99.216911,99.553337,125514100
2008-04-30,99.703626,100.634167,98.966354,98.966354,208395900
2008-05-01,99.052253,101.013535,98.973514,101.013535,187279500
2008-05-02,101.886824,101.908297,100.612703,101.292709,181585500
2008-05-05,100.963454,101.364299,100.505343,100.805977,118504500
2008-05-06,100.226174,101.786610,99.989959,101.679245,179339800
2008-05-07,101.564633,101.671999,99.589034,99.868195,199267300
2008-05-08,100.025714,100.440879,99.481700,99.610550,178321200
2008-05-09,99.209761,99.775237,99.102384,99.424492,152588200
2008-05-12,99.674986,100.612681,99.302767,100.541107,147865900
2008-05-13,100.784488,100.848908,100.018578,100.555428,159132200
2008-05-14,100.977796,101.786641,100.541158,100.763054,181910800
2008-05-15,100.956253,102.094381,100.805941,102.022797,166927000
2008-05-16,102.259033,102.266187,101.364284,102.115875,204236800
2008-05-19,102.223224,103.289768,101.858170,102.395020,165664400
2008-05-20,101.836735,101.886835,100.927667,101.564728,178552100
2008-05-21,101.507442,101.729338,99.496049,99.846794,252724800
2008-05-22,99.803849,100.333544,99.496061,99.861115,170820400
2008-05-23,99.531824,99.968461,98.436653,98.522545,181376400
2008-05-27,98.637090,99.496047,98.443822,99.252678,168322900
2008-05-28,99.617712,100.211827,98.780229,99.710770,181288100
2008-05-29,99.589089,100.877518,99.553297,100.211830,173927200
2008-05-30,100.548241,100.741510,100.168869,100.462349,117362000
2008-06-02,100.090191,100.111664,98.780277,99.424492,181069900
2008-06-03,99.710841,99.939891,98.229131,98.844719,271965700
2008-06-04,98.565525,99.610597,98.393740,98.794586,246637700
2008-06-05,99.195402,100.848895,99.009298,100.770157,237867100
2008-06-06,99.889771,100.068721,97.506159,97.556259,384276300
2008-06-09,97.964230,98.422341,96.926324,97.792435,228263900
2008-06-10,97.112449,98.136047,96.883399,97.305717,260234900
2008-06-11,97.327155,97.534732,95.866919,95.874084,283890100
2008-06-12,96.346558,97.255615,95.573494,96.239182,252791800
2008-06-13,96.754522,97.720854,96.217672,97.456001,244726900
2008-06-16,97.026537,98.014332,96.962118,97.513275,185832500
2008-06-17,98.114546,98.150327,96.897679,97.040848,191707700
2008-06-18,96.410969,97.005084,95.709489,96.096016,265893000
2008-06-19,96.024421,96.804650,95.559156,96.217690,304204900
2008-06-20,95.562305,95.742150,94.396915,94.655891,289275700
2008-06-23,95.022780,95.123493,94.468866,94.562378,165096400
2008-06-24,94.274661,95.274598,93.655995,94.375374,267300600
2008-06-25,94.756616,95.965168,94.411317,94.821358,287853900
2008-06-26,93.929358,94.540824,92.138100,92.246002,297775000
2008-06-27,92.281958,92.699200,91.389930,91.742424,303423400
2008-06-30,92.001385,92.735154,91.576954,92.066132,258842600
2008-07-01,91.015853,92.418646,90.591422,92.353905,388622000
2008-07-02,92.648830,92.915008,90.605796,90.771255,288064600
2008-07-03,91.440282,91.440282,89.915196,90.864777,239352500
2008-07-07,91.210126,91.605781,89.145505,89.936821,372427300
2008-07-08,89.915210,91.641721,89.346900,91.533813,375973700
2008-07-09,91.720849,91.893498,89.483579,89.771332,336729400
2008-07-10,89.512360,90.490716,88.900889,90.138222,436475700
2008-07-11,89.181429,90.569831,88.116745,89.087906,481124600
2008-07-14,90.109458,90.282108,88.052033,88.282234,322720800
2008-07-15,87.620390,88.836137,86.339890,87.037689,502502500
2008-07-16,87.368582,89.613047,87.116800,89.174225,371642900
2008-07-17,90.023116,90.828822,89.267765,90.066277,375490600
2008-07-18,90.764066,90.943911,90.030302,90.627388,267030100
2008-07-21,91.008648,91.217269,90.059068,90.677734,222863000
2008-07-22,90.030289,91.936645,89.814473,91.706444,296904200
2008-07-23,92.001410,92.907824,91.756823,92.202835,311698400
2008-07-24,92.325123,92.375485,90.037502,90.289284,248634500
2008-07-25,90.562658,90.994285,90.044704,90.267715,219131000
2008-07-28,90.289272,90.684927,88.785766,88.944031,205201300
2008-07-29,89.188624,90.915130,88.944033,90.843193,261505600
2008-07-30,91.440313,92.512192,90.843227,92.461830,354710000
2008-07-31,91.648892,92.490569,91.094967,91.238846,277402100
2008-08-01,91.447485,91.562583,90.253313,90.756882,248690900
2008-08-04,90.670573,90.742510,89.749768,89.915222,188239600
2008-08-05,90.656165,92.483389,89.900821,92.339516,251577600
2008-08-06,92.094946,93.015751,91.706480,92.749573,209555400
2008-08-07,92.051747,92.397052,91.030230,91.368340,246312500
2008-08-08,91.059030,93.468944,90.915151,93.066093,260811700
2008-08-11,93.138011,94.605539,92.965356,94.030045,249425800
2008-08-12,93.720706,94.022844,92.605667,93.051689,213200800
2008-08-13,92.648839,93.267505,91.843137,92.490585,256393200
2008-08-14,91.965435,93.720722,91.900693,93.188377,239555300
2008-08-15,93.468924,93.878975,93.015722,93.641579,181000800
2008-08-18,93.828613,93.864584,91.835940,92.361084,172275100
2008-08-19,91.663268,91.857504,91.023022,91.353935,194673700
2008-08-20,91.641713,92.044563,90.886362,91.778397,225498200
2008-08-21,91.181303,92.397055,91.073395,91.936653,180609800
2008-08-22,92.562536,93.267525,91.936680,93.267525,167715300
2008-08-25,92.656026,93.267491,91.181296,91.375526,171936900
2008-08-26,91.375559,91.987036,91.059036,91.641731,159117200
2008-08-27,91.756852,92.677657,91.577007,92.533783,171032800
2008-08-28,93.001315,93.763855,92.879022,93.655952,167537100
2008-08-29,93.325037,93.619985,92.447394,92.648819,189195800
2008-09-02,93.540891,94.030075,91.735247,92.073357,252364900
2008-09-03,91.994186,92.440203,91.310779,91.994186,251947000
2008-09-04,91.339586,91.526626,89.174253,89.224609,340042500
2008-09-05,88.692269,89.886435,87.764269,89.505165,289503400
2008-09-08,92.109280,92.253164,89.505131,91.353935,364075300
2008-09-09,91.433088,91.620128,88.339761,88.641899,377326800
2008-09-10,89.123895,89.850470,88.159930,89.001602,298916600
2008-09-11,87.850589,90.454738,87.476508,90.289284,375369400
2008-09-12,89.411648,90.792855,89.080735,90.706528,297851200
2008-09-15,87.498065,90.389972,86.246347,86.390221,483607000
2008-09-16,84.311238,87.994461,84.167364,87.836197,581744300
2008-09-17,86.066552,87.656380,83.448011,83.886833,624095600
2008-09-18,84.922696,87.613172,81.865335,86.375839,776114700
2008-09-19,91.672905,92.613513,89.234568,89.806168,501087800
2008-09-22,90.044959,90.262024,87.085669,87.773033,249966500
2008-09-23,87.440177,88.286721,85.580672,85.776031,327470400
2008-09-24,86.354882,86.825186,85.226156,86.050995,311818400
2008-09-25,86.391050,88.207145,85.696449,87.396774,328253000
2008-09-26,85.978661,87.910520,85.747127,87.440216,285917400
2008-09-29,86.202938,86.347645,80.291592,80.588242,459562300
2008-09-30,82.129368,84.509825,79.973208,83.923752,328154400
2008-10-01,83.402826,84.430262,82.447750,83.974426,332783000
2008-10-02,83.171321,83.287090,80.356737,80.928337,365337800
2008-10-03,81.659079,83.533053,79.358211,79.835747,461798000
2008-10-06,77.527658,77.867724,72.817390,75.769447,610637500
2008-10-07,77.303350,77.657890,72.101078,72.376022,540012100
2008-10-08,70.559935,73.931650,70.046220,70.552704,725414800
2008-10-09,72.108327,72.802927,65.299782,65.625374,534485200
2008-10-10,62.774583,67.969622,60.473717,64.033546,871026300
2008-10-13,67.918993,73.331093,65.082700,73.331093,455584000
2008-10-14,75.754972,76.355514,70.263282,72.245789,546268300
2008-10-15,70.516484,70.762492,64.909027,65.133324,484627500
2008-10-16,66.052258,68.570185,62.615427,67.846642,708811200
2008-10-17,66.558721,71.334104,66.312719,67.441444,476649000
2008-10-20,68.989843,71.703130,68.078177,71.493301,321294200
2008-10-21,70.161990,71.370306,68.895789,69.358856,356502000
2008-10-22,67.434208,69.358835,63.331720,65.581940,516168000
2008-10-23,65.328721,66.891571,62.087245,66.341682,634666400
2008-10-24,60.821042,65.061006,60.777631,62.977203,545812600
2008-10-27,62.203031,64.764376,60.560584,60.741470,397288600
2008-10-28,63.194272,68.186722,61.161117,67.839424,639939500
2008-10-29,67.846653,70.306702,66.638337,67.347412,531270100
2008-10-30,69.300985,69.850880,67.217182,69.677231,414582100
2008-10-31,68.794469,71.319632,68.360344,70.060669,411394000
2008-11-03,70.024489,70.682916,69.423947,70.263260,205419400
2008-11-04,71.674138,72.976517,69.973813,72.650925,346793400
2008-11-05,71.775479,72.868031,68.736600,69.597618,387844100
2008-11-06,68.345921,69.054996,65.162328,65.741165,477721900
2008-11-07,66.312721,68.013046,65.480646,67.911751,380391000
2008-11-10,68.888563,69.120097,65.784562,67.021820,301773000
2008-11-11,65.668757,66.667245,64.142081,64.952446,418498200
2008-11-12,63.838205,64.359151,61.587985,62.094463,454330600
2008-11-13,62.318773,66.370619,59.395658,65.965431,753141900
2008-11-14,64.691999,66.609384,62.600954,62.673313,540352300
2008-11-17,62.499638,64.076962,61.616920,61.841217,415254900
2008-11-18,61.609725,63.107460,59.988990,63.006165,523811800
2008-11-19,62.159585,62.854186,58.549101,58.968758,558327600
2008-11-20,57.977538,59.699575,54.301941,54.591354,814180400
2008-11-21,56.045640,58.534629,53.788184,57.536137,718536500
2008-11-24,59.272642,62.941005,58.143917,61.522861,523305300
2008-11-25,63.165297,63.317241,60.647365,61.978687,454112400
2008-11-26,60.994696,64.532822,60.951280,64.373642,370134200
2008-11-28,64.127641,65.212956,64.019114,65.184013,118308100
2008-12-01,63.317252,63.346194,59.229232,59.410118,369927100
2008-12-02,60.394159,61.855714,59.359491,61.696533,469508400
2008-12-03,60.343510,63.548807,60.155387,63.179798,519863500
2008-12-04,62.268116,63.707971,60.589496,61.718227,444173800
2008-12-05,60.524373,63.975670,59.504174,63.621136,471905300
2008-12-08,65.364881,66.840910,63.729678,65.842422,412859300
2008-12-09,65.386595,66.660027,64.380871,64.757111,370790000
2008-12-10,65.350414,66.102900,64.395338,65.198471,396187400
2008-12-11,64.786052,65.842424,63.215964,63.628384,365061000
2008-12-12,61.899115,64.445984,61.645871,64.388100,415060400
2008-12-15,64.409811,64.503875,62.434541,63.490913,256694200
2008-12-16,66.479141,66.580437,63.802034,66.479141,377699500
2008-12-17,65.726665,66.877101,65.162302,65.835197,281819800
2008-12-18,66.131840,66.327194,63.823736,64.605164,374673300
2008-12-19,64.991014,66.099730,64.254302,64.327248,301451300
2008-12-22,64.611749,64.677394,62.357848,63.503033,243759500
2008-12-23,63.845851,64.137619,62.583963,62.846554,221625200
2008-12-24,63.058068,63.364427,62.729833,63.211250,62061600
2008-12-26,63.634315,63.678084,63.094548,63.575966,74767700
2008-12-29,63.634300,63.699950,62.438057,63.393597,127795900
2008-12-30,63.831269,64.954572,63.371733,64.896217,168256300
2008-12-31,64.976420,66.355017,64.823243,65.822540,193987200
2009-01-02,65.968422,68.156671,65.538064,67.806549,227566300
2009-01-05,67.565861,68.317165,67.026094,67.726334,240349700
2009-01-06,68.302596,68.893422,67.602356,68.178596,328260900
2009-01-07,67.106364,67.296014,65.793411,66.136238,280899200
2009-01-08,65.764243,66.442595,65.406825,66.406128,263834400
2009-01-09,66.493616,66.610320,62.262998,64.983719,330953600
2009-01-12,64.801380,64.852445,63.028903,63.422783,277858500
2009-01-13,63.262325,64.101150,62.875729,63.539501,356432300
2009-01-14,62.394329,62.547506,60.658319,61.540913,435491600
2009-01-15,61.358550,62.182789,59.607949,61.562786,532647300
2009-01-16,62.627721,62.722543,60.578062,62.044186,399237200
2009-01-20,61.438788,62.044200,58.389825,58.769119,419855200
2009-01-21,59.768403,61.446058,58.696159,61.307472,364360700
2009-01-22,60.118552,61.300209,59.206780,60.359261,427940300
2009-01-23,59.009790,61.263684,58.769081,60.621799,386800600
2009-01-26,60.971936,62.263006,60.402992,61.037586,317978800
2009-01-27,61.365802,62.109810,60.760391,61.657570,273789700
2009-01-28,63.021615,64.152208,62.780906,63.743736,330007000
2009-01-29,62.810068,63.816661,61.613826,61.672180,294392500
2009-01-30,61.985850,62.292204,59.965362,60.417603,383383600
2009-02-02,59.498525,60.672886,59.308875,60.235237,288233300
2009-02-03,60.614507,61.533573,59.972623,61.081333,278385800
2009-02-04,61.489834,62.270310,60.570768,60.782299,322989300
2009-02-05,60.322779,62.211972,56.697581,61.686790,417679400
2009-02-06,61.898276,63.707226,61.766981,63.444641,366101700
2009-02-09,63.430071,63.999015,62.963244,63.532188,240075200
2009-02-10,62.926752,63.481111,60.140382,60.621799,536212800
2009-02-11,60.869815,61.307470,60.103931,60.979229,324442500
2009-02-12,59.936172,61.139710,59.119228,61.023006,469302200
2009-02-13,60.942756,61.446050,60.351925,60.366516,293998400
2009-02-17,58.470058,60.512422,57.747932,57.784405,478910100
2009-02-18,58.200156,58.309570,57.098735,57.645798,362964800
2009-02-19,58.236632,58.462755,56.909093,57.025803,316867500
2009-02-20,55.968142,57.142498,55.267897,56.471436,477176600
2009-02-23,57.091431,57.091431,54.407178,54.450947,379641400
2009-02-24,54.917803,56.858050,54.487444,56.515228,426260900
2009-02-25,56.267195,57.200848,55.165775,56.070255,461985800
2009-02-26,56.763227,58.112647,55.092862,55.158512,363353900
2009-02-27,53.984136,55.209556,53.838249,53.925781,470510900
2009-03-02,52.897305,53.918490,51.329063,51.496826,426452600
2009-03-03,52.233509,52.299153,50.796557,51.110207,443761000
2009-03-04,51.956356,53.152599,51.110230,52.321064,462753100
2009-03-05,51.132095,52.321048,49.724321,50.183857,485549400
2009-03-06,50.621511,51.387395,48.943851,50.271389,490470000
2009-03-09,49.563867,51.059174,49.403400,49.680576,379905300
2009-03-10,50.701768,52.787900,50.599650,52.642014,406227900
2009-03-11,53.247412,53.794474,52.393996,52.984821,356648300
2009-03-12,52.970269,55.253342,52.496146,55.070988,409702700
2009-03-13,55.442956,56.150490,54.509303,55.501305,337474700
2009-03-16,56.135899,56.872611,55.297069,55.333542,360644900
2009-03-17,55.486733,57.157098,55.034492,57.025803,356814300
2009-03-18,56.755889,59.009789,56.216122,58.302254,473273200
2009-03-19,59.031696,59.082755,57.397804,57.580158,428520400
2009-03-20,57.860043,57.970240,56.221799,56.354034,371078200
2009-03-23,57.845334,60.453299,57.529440,60.401875,419933300
2009-03-24,59.681937,60.504732,59.145654,59.211769,330271000
2009-03-25,59.674623,60.754536,58.080455,59.836239,441775100
2009-03-26,60.423918,61.195289,59.740705,61.055706,422025200
2009-03-27,60.276985,60.629608,59.733350,59.953743,322332300
2009-03-30,58.624062,58.675486,57.272326,57.882076,324108500
2009-03-31,58.447748,59.564400,58.073087,58.418362,364238300
2009-04-01,57.691081,59.814183,57.544156,59.549713,377018300
2009-04-02,61.033688,62.157682,59.601141,61.290810,476230700
2009-04-03,61.334896,61.915260,60.732493,61.900570,284646300
2009-04-06,61.224695,61.915257,60.453329,61.415703,264866600
2009-04-07,60.423928,60.717784,59.880298,59.983147,258947800
2009-04-08,60.284354,60.930839,59.902345,60.629635,230402800
2009-04-09,62.201752,63.046586,61.951978,63.039238,269653500
2009-04-13,62.385436,63.575551,62.135662,63.053959,224847500
2009-04-14,62.466248,63.002536,61.768344,61.966694,276598800
2009-04-15,61.592012,62.752740,61.423048,62.627853,250726100
2009-04-16,63.127369,64.023627,62.275187,63.546112,335202900
2009-04-17,63.788566,64.390968,63.281664,63.972225,262649000
2009-04-20,62.840895,63.950200,61.224689,61.290810,293690100
2009-04-21,60.842676,62.539687,60.791251,62.488262,114090900
2009-04-22,61.922584,63.428587,61.760963,62.106243,340395200
2009-04-23,62.231148,62.752740,61.437738,62.716011,324903700
2009-04-24,63.200860,64.141195,62.951086,63.663685,287703000
2009-04-27,62.943744,63.920813,62.840895,63.061283,289581600
2009-04-28,62.422141,63.612250,62.267868,62.862923,247926300
2009-04-29,63.560830,64.912566,63.399214,64.199966,311505700
2009-04-30,65.052175,65.397450,63.854712,64.222031,301419800
2009-05-01,64.236676,64.802344,63.707737,64.567261,236110300
2009-05-04,65.052184,66.807968,64.927291,66.763885,287120000
2009-05-05,66.536095,66.800565,65.999807,66.536095,243036300
2009-05-06,67.351566,67.733575,66.565504,67.689499,291941000
2009-05-07,68.328656,68.431505,66.323092,66.749184,317728000
2009-05-08,67.608709,68.482929,67.175275,68.306618,299081700
2009-05-11,67.366238,67.667442,66.881380,67.028305,247923600
2009-05-12,67.314829,67.461760,66.007175,66.829971,282431300
2009-05-13,65.926366,66.124721,65.015417,65.147652,269619100
2009-05-14,65.177031,66.205524,65.015410,65.705971,260098700
2009-05-15,65.654541,66.117361,64.758283,65.169678,271502700
2009-05-18,65.786775,67.101771,65.066828,67.020966,241447400
2009-05-19,66.984254,67.564619,66.712436,66.940178,206102200
2009-05-20,67.549917,68.174363,66.418580,66.492043,285722200
2009-05-21,65.720670,65.970449,64.839107,65.537010,258988400
2009-05-22,65.720642,66.117347,65.147626,65.397400,166811900
2009-05-26,64.912545,67.263382,64.883159,67.072380,236318500
2009-05-27,67.175258,67.402994,65.772098,65.874947,246015800
2009-05-28,66.455311,67.101790,65.456203,66.793243,289095000
2009-05-29,67.160565,68.835538,66.616935,67.976013,258641500
2009-06-01,68.813505,69.915461,68.637193,69.621605,276246800
2009-06-02,69.349782,70.062381,69.224895,69.680367,230874500
2009-06-03,69.085321,69.151436,68.144986,68.798813,235310500
2009-06-04,69.055955,69.548161,68.541711,69.445312,210102300
2009-06-05,70.150539,70.282774,68.909006,69.459984,284257900
2009-06-08,68.938388,69.864033,68.350681,69.173477,238565100
2009-06-09,69.562804,69.893388,69.070593,69.526070,225125500
2009-06-10,70.143218,70.150560,68.460897,69.349808,296100400
2009-06-11,69.482044,70.606039,69.467348,69.658356,275414200
2009-06-12,69.349796,69.893426,69.055940,69.849350,184361800
2009-06-15,69.026563,69.070639,67.880530,68.247849,224190500
2009-06-16,68.490251,68.534327,67.278098,67.322174,227319000
2009-06-17,67.292786,67.829074,66.727118,67.256058,223445200
2009-06-18,67.358934,68.078876,67.035692,67.748291,211725100
2009-06-19,68.396939,68.485590,67.613821,67.997993,215655600
2009-06-22,67.333099,67.370041,65.936791,65.958954,251913600
2009-06-23,66.099284,66.402184,65.641234,66.010628,188309800
2009-06-24,66.609066,67.288749,66.195341,66.579514,211577700
2009-06-25,66.247054,68.094023,66.173177,68.027534,279411000
2009-06-26,67.798505,68.145736,67.429111,67.850220,167579000
2009-06-29,68.049706,68.574245,67.672923,68.485588,168481300
2009-06-30,68.500357,68.751542,67.429112,67.931488,228888200
2009-07-01,68.219626,68.877152,68.123586,68.212242,173041100
2009-07-02,67.325663,68.234373,66.313528,66.350464,212309900
2009-07-06,65.707752,66.439149,65.500892,66.343109,174499600
2009-07-07,66.276594,66.357861,65.013269,65.057594,197088900
2009-07-08,65.449172,65.604323,64.274503,65.013290,248050500
2009-07-09,65.463938,65.678187,64.946790,65.138870,163777600
2009-07-10,64.791655,65.375298,64.533081,64.983742,173520300
2009-07-13,65.242320,66.616466,64.710393,66.564751,217413500
2009-07-14,66.771590,67.000617,66.291382,66.941513,181487400
2009-07-15,67.828062,69.084004,66.993235,68.899307,220877900
2009-07-16,68.707231,69.822801,68.574249,68.788498,231174500
2009-07-17,69.490331,69.682417,69.106164,69.542046,138561700
2009-07-20,69.948394,70.399054,69.586389,70.280846,164179400
2009-07-21,70.827534,70.849697,69.756290,70.605896,217718300
2009-07-22,70.155208,71.019587,70.103493,70.591095,196068100
2009-07-23,70.635470,72.460276,70.576365,72.149986,258795500
2009-07-24,71.810161,72.504623,71.433383,72.445518,154003100
2009-07-27,72.312490,72.696663,71.913545,72.659721,159259400
2009-07-28,72.149990,72.674529,71.706713,72.319908,186685200
2009-07-29,71.987441,72.467648,71.647600,72.142586,194399300
2009-07-30,73.014357,73.753145,72.844434,72.896149,225575400
2009-07-31,72.881377,73.487183,72.681902,72.999580,207358000
2009-08-03,73.767932,74.270307,73.368986,74.203819,175776900
2009-08-04,73.871321,74.499289,73.716176,74.395859,176714600
2009-08-05,74.447607,74.514100,73.568453,74.181648,184726400
2009-08-06,74.521492,74.632306,73.450247,73.797478,193203800
2009-08-07,74.573178,75.378453,74.166843,74.765259,220640900
2009-08-10,74.425441,74.780062,74.078210,74.610138,130898700
2009-08-11,74.277676,74.329391,73.479785,73.679260,157301000
2009-08-12,73.553634,75.031208,73.516698,74.469734,219052400
2009-08-13,74.809613,75.068187,74.070826,75.038635,176449500
2009-08-14,75.001676,75.060780,73.657083,74.462364,199616100
2009-08-17,73.029142,73.103019,72.482440,72.630196,237667500
2009-08-18,72.792725,73.465024,72.659743,73.206444,173461500
2009-08-19,72.630152,74.100342,72.556274,73.849152,192812800
2009-08-20,73.945228,74.780062,73.782700,74.610138,174131300
2009-08-21,75.223323,76.191132,75.075568,76.072929,224605000
2009-08-24,76.383223,76.796942,75.792191,76.065544,191279000
2009-08-25,76.368440,77.025960,76.050761,76.213295,215310600
2009-08-26,75.976902,76.567934,75.718327,76.220703,194620700
2009-08-27,76.176368,76.627029,75.311988,76.390617,196230100
2009-08-28,77.003813,77.092464,75.851301,76.375839,147024400
2009-08-31,75.629656,75.784801,75.201158,75.696144,176051600
2009-09-01,75.319352,76.272388,73.871329,74.026474,321276800
2009-09-02,73.716191,74.203793,73.561046,73.745743,171805000
2009-09-03,74.174266,74.447614,73.575844,74.358963,143572300
2009-09-04,74.506688,75.422782,74.285055,75.400620,142687900
2009-09-08,76.095130,76.132071,75.644469,76.050804,132909100
2009-09-09,76.183769,76.893004,75.947357,76.634430,154612500
2009-09-10,76.686136,77.469249,76.257638,77.417534,162902400
2009-09-11,77.565290,77.794318,77.040751,77.402756,152360100
2009-09-14,76.745237,77.912523,76.205926,77.779541,149593800
2009-09-15,77.905100,78.392703,77.395341,78.104576,196795900
2009-09-16,78.385323,79.301417,78.111975,79.286644,206406300
2009-09-17,79.175856,79.833377,78.732585,79.168472,229170900
2009-09-18,79.538133,79.545557,78.951710,79.218941,153799100
2009-09-21,78.602812,79.426772,78.432084,79.018501,151892000
2009-09-22,79.486154,79.701423,79.129844,79.478729,143126700
2009-09-23,79.664313,80.191350,78.677045,78.818085,225947400
2009-09-24,78.988838,79.159565,77.608148,77.949608,228636800
2009-09-25,77.778837,78.209376,77.266644,77.533875,204059000
2009-09-28,77.830806,79.092730,77.815962,78.921997,118285800
2009-09-29,79.063057,79.441629,78.521170,78.684479,133733900
2009-09-30,78.951691,79.025920,77.660079,78.380112,254383000
2009-10-01,76.457540,78.484039,76.420423,76.435272,281840600
2009-10-02,75.730102,76.531795,75.707834,76.078987,224748800
2009-10-05,76.383327,77.437401,76.160633,77.214706,149875000
2009-10-06,77.771414,78.766107,77.726877,78.320724,202491100
2009-10-07,78.142561,78.617642,77.994102,78.535988,159200300
2009-10-08,79.092724,79.552950,78.573106,79.137260,183305800
2009-10-09,79.159550,79.619781,78.951705,79.619781,135008300
2009-10-12,79.990920,80.235876,79.634610,79.931534,118031000
2009-10-13,79.716281,79.953818,79.248630,79.768242,157692700
2009-10-14,80.703544,81.223157,79.738544,81.141502,191421600
2009-10-15,80.748055,81.438400,80.710943,81.438400,173873600
2009-10-16,80.762899,81.111779,80.339785,80.829704,192069400
2009-10-19,80.963341,81.750184,80.710960,81.497803,159530400
2009-10-20,81.616581,81.646274,80.673855,81.067276,180921100
2009-10-21,80.941064,81.883790,80.280412,80.339798,225379300
2009-10-22,80.310136,81.416171,79.797942,81.156364,238444000
2009-10-23,81.423591,81.475552,79.894436,80.228477,240033200
2009-10-26,80.317517,81.141477,79.137253,79.359947,242028200
2009-10-27,79.449061,79.716292,78.803258,78.996254,253266300
2009-10-28,78.795784,79.040746,77.459631,77.504173,248821400
2009-10-29,78.083165,79.322815,77.897589,79.166931,198110600
2009-10-30,78.907169,79.144707,76.784172,76.873245,325608100
2009-11-02,77.296376,78.246533,76.516958,77.437416,254222900
2009-11-03,77.006871,77.793720,76.858412,77.682373,228362600
2009-11-04,78.320753,78.929444,77.682369,77.882790,247996700
2009-11-05,78.432081,79.337690,78.268773,79.315422,180015300
2009-11-06,78.877482,79.723711,78.721598,79.523285,170954100
2009-11-09,80.131950,81.379024,80.072570,81.334488,159495700
2009-11-10,81.141497,81.601729,80.889116,81.349342,171899800
2009-11-11,81.883811,82.262389,81.371624,81.765045,169466200
2009-11-12,81.653677,82.076792,80.725795,80.933640,157144500
2009-11-13,81.141517,81.720515,80.725827,81.371635,150963000
2009-11-16,81.935779,82.908205,81.891243,82.551895,210922200
2009-11-17,82.336632,82.685517,82.024865,82.648399,147134100
2009-11-18,82.589009,82.715200,82.076816,82.596428,156486800
2009-11-19,82.032274,82.626115,81.007887,81.520081,208734600
2009-11-20,81.096975,81.475553,80.918823,81.230591,134196000
2009-11-23,82.188184,82.945334,82.099105,82.262413,148010200
2009-11-24,82.396013,82.544472,81.661131,82.388588,138420100
2009-11-25,82.522186,82.767149,82.262380,82.678070,109564800
2009-11-27,80.465991,81.891218,80.384337,81.334488,126001800
2009-11-30,81.267671,81.802126,80.258134,81.609131,160874800
2009-12-01,82.336588,82.885898,82.195553,82.618668,159613700
2009-12-02,82.603819,83.145705,82.336588,82.581551,132315100
2009-12-03,82.804263,83.271914,81.868956,81.935760,167324900
2009-12-04,83.019568,83.420414,81.683419,82.403458,274907800
2009-12-07,82.329173,82.789399,82.017400,82.277206,127973800
2009-12-08,81.683358,82.225238,81.111779,81.364166,169863700
2009-12-09,81.341915,81.787297,80.926219,81.668526,155063400
2009-12-10,82.173305,82.485078,81.987729,82.128769,138014600
2009-12-11,82.477631,82.663207,82.106478,82.477631,124854000
2009-12-14,83.041832,83.138330,82.492521,83.041832,107141500
2009-12-15,82.737477,83.078937,82.396017,82.655823,120408800
2009-12-16,82.989841,83.234797,82.596413,82.781990,155358200
2009-12-17,82.188161,82.344045,81.713086,81.787315,183390100
2009-12-18,82.242558,82.317193,81.555961,82.250023,174591200
2009-12-21,82.660477,83.361997,82.660477,83.085869,118039600
2009-12-22,83.264981,83.563503,83.160499,83.384392,91707500
2009-12-23,83.585901,83.667995,83.212750,83.548584,111783100
2009-12-24,83.727679,84.033660,83.585879,83.944107,39677500
2009-12-28,84.257557,84.324722,83.824700,84.123222,87508500
2009-12-29,84.339662,84.354585,83.996363,84.003822,80572500
2009-12-30,83.757561,84.071007,83.712779,83.973984,73138400
2009-12-31,84.160524,84.182918,83.130628,83.167946,90637900
2010-01-04,83.862034,84.623260,83.220213,84.578484,118944600
2010-01-05,84.526240,84.839686,84.220253,84.802368,111579900
2010-01-06,84.720299,85.071063,84.653135,84.862099,116074400
2010-01-07,84.705341,85.324773,84.466524,85.220291,131091100
2010-01-08,84.996435,85.541239,84.824789,85.503922,126402800
2010-01-11,85.884496,85.921807,85.257599,85.623291,106375700
2010-01-12,85.056120,85.235231,84.496393,84.824768,163333500
2010-01-13,85.041202,85.780046,84.608351,85.541229,161822000
2010-01-14,85.444193,85.929291,85.391952,85.772568,115718800
2010-01-15,85.623333,85.705421,84.481485,84.809860,212283100
2010-01-19,84.794896,85.921809,84.772502,85.869568,139172700
2010-01-20,85.287495,85.414365,84.317304,84.996437,216490200
2010-01-21,85.018792,85.279997,83.257518,83.362000,344859600
2010-01-22,82.988872,83.391876,81.414172,81.503731,345942400
2010-01-25,82.250013,82.399277,81.652975,81.921638,186937500
2010-01-26,81.600742,82.444068,81.376855,81.578354,211168800
2010-01-27,81.473845,82.152983,80.846954,81.966408,271863600
2010-01-28,82.235082,82.279858,80.533513,81.026070,316104000
2010-01-29,81.376832,81.944023,80.018561,80.145432,310677600
2010-02-01,80.712607,81.399204,80.227509,81.391739,187865000
2010-02-02,81.541014,82.533592,81.257415,82.376869,216327900
2010-02-03,82.003719,82.451506,81.727591,81.966408,172730700
2010-02-04,81.332056,81.369368,79.421518,79.436447,356715700
2010-02-05,79.526005,79.764821,78.048329,79.600639,493585800
2010-02-08,79.660326,80.100648,78.966265,79.025970,224166900
2010-02-09,79.951407,80.712639,79.309587,80.018578,337820500
2010-02-10,79.891700,80.302163,79.190173,79.861847,240511500
2010-02-11,79.757348,80.787244,79.294639,80.697685,223591600
2010-02-12,79.846934,80.675331,79.488712,80.630554,304622100
2010-02-16,81.242517,81.981355,80.466362,81.899261,159317500
2010-02-17,82.294797,82.399285,81.899258,82.287338,168845100
2010-02-18,82.153013,82.944092,82.123160,82.772446,193708600
2010-02-19,82.555986,83.264972,82.361946,82.944061,222684900
2010-02-22,83.250065,83.272453,82.712726,82.959007,132346900
2010-02-23,82.735105,82.988845,81.735056,81.951485,207497000
2010-02-24,82.197768,82.839588,81.988804,82.705254,176350700
2010-02-25,81.526110,82.653028,81.302222,82.593323,259634700
2010-02-26,82.667942,82.929152,82.175385,82.645554,173589300
2010-03-01,82.988856,83.585901,82.966468,83.503807,147709700
2010-03-02,83.862037,84.138165,83.585903,83.735161,160992400
2010-03-03,83.951570,84.309798,83.600807,83.809776,150785000
2010-03-04,83.921700,84.182911,83.608255,84.063499,135770400
2010-03-05,84.608331,85.332240,84.406827,85.265076,176118800
2010-03-08,85.272547,85.466582,85.130748,85.280006,114631200
2010-03-09,85.026259,85.817338,84.981483,85.421799,154556700
2010-03-10,85.459115,86.033766,85.384486,85.802414,186088800
2010-03-11,85.600933,86.183054,85.339728,86.160660,160791100
2010-03-12,86.533808,86.548737,85.929305,86.168121,162074800
2010-03-15,86.018844,86.250196,85.526282,86.190491,146816800
2010-03-16,86.429282,86.959156,86.190465,86.877068,168673000
2010-03-17,87.138273,87.675612,86.884528,87.392014,177468100
2010-03-18,87.399508,87.518914,86.996504,87.347267,196509100
2010-03-19,86.905121,87.894297,86.567898,86.905121,226641100
2010-03-22,86.410543,87.527117,86.358087,87.369743,184477800
2010-03-23,87.497157,88.059189,87.212391,87.984253,182941600
2010-03-24,87.654513,87.999226,86.612881,87.557091,196072600
2010-03-25,88.149104,88.553768,87.309806,87.414719,223396300
2010-03-26,87.579556,87.991709,87.017524,87.362236,205808500
2010-03-29,87.804409,88.074185,87.444712,87.916817,134513500
2010-03-30,88.021729,88.299000,87.609576,87.976768,145772500
2010-03-31,87.639531,88.066675,87.384746,87.677002,161078700
2010-04-01,88.276466,88.613683,87.751900,88.276466,161215200
2010-04-05,88.613697,89.055826,88.366401,88.995880,105847600
2010-04-06,88.741111,89.363095,88.643695,89.205727,110384200
2010-04-07,89.025887,89.445535,88.284000,88.696159,184576300
2010-04-08,88.388892,89.153258,88.126611,89.003380,158704000
2010-04-09,89.190724,89.625364,89.025866,89.587898,133006500
2010-04-12,89.700287,89.962573,89.595375,89.730263,110279000
2010-04-13,89.640354,89.955090,89.175738,89.797722,125043600
2010-04-14,90.127449,90.816879,89.985071,90.816879,161609000
2010-04-15,90.667000,91.101640,90.637024,90.891815,144615300
2010-04-16,90.569567,90.891799,88.988384,89.445503,366786700
2010-04-19,89.183225,89.872650,88.778562,89.782722,217947800
2010-04-20,90.344757,90.659499,89.827691,90.584557,157708000
2010-04-21,90.637045,90.846875,89.917645,90.419731,192910100
2010-04-22,89.782739,90.801891,89.265674,90.689484,115360300
2010-04-23,90.629525,91.318950,90.397215,91.281479,177335500
2010-04-26,91.311456,91.513790,90.846846,90.936768,143457300
2010-04-27,90.412209,90.929274,88.613705,88.786064,355853300
2010-04-28,89.213213,89.685318,88.628695,89.460503,300674100
2010-04-29,90.000060,90.756932,89.977580,90.569588,193775000
2010-04-30,90.584571,90.681994,89.010883,89.033363,270000900
2010-05-03,89.460498,90.434689,89.325610,90.187393,182747900
2010-05-04,89.183209,89.198194,87.617011,88.066635,360353400
2010-05-05,87.347275,88.276505,86.905146,87.542114,328973200
2010-05-06,87.122449,87.676986,78.684475,84.634521,647356600
2010-05-07,84.409694,85.256486,81.989213,83.375557,637558800
2010-05-10,86.785222,87.414701,86.110788,87.047508,396159600
2010-05-11,86.230689,87.946761,86.110792,86.800217,317849800
2010-05-12,87.144918,88.141589,86.995039,88.014191,235607100
2010-05-13,87.774378,88.186537,86.845153,86.920090,234452500
2010-05-14,86.268178,86.425547,84.582082,85.346443,345601400
2010-05-17,85.578747,85.818547,83.757763,85.391403,325739800
2010-05-18,86.088284,86.343075,83.952564,84.229836,360556800
2010-05-19,83.757749,84.507125,82.701132,83.750259,394742700
2010-05-20,81.966740,82.348923,80.535435,80.587891,530418300
2010-05-21,79.366426,81.966756,78.954267,81.764427,500909400
2010-05-24,81.322271,81.974230,80.640342,80.715279,269823000
2010-05-25,78.766891,80.835170,78.219844,80.797699,396505200
2010-05-26,81.292325,82.034206,80.070838,80.310638,349719300
2010-05-27,81.824395,83.030891,81.517148,83.000916,300870500
2010-05-28,82.910941,82.970892,81.569558,81.959236,297933500
2010-06-01,81.194894,82.393895,80.460509,80.580406,277909400
2010-06-02,80.992561,82.686147,80.565417,82.678658,240243700
2010-06-03,82.918464,83.225705,82.116632,82.963425,226618300
2010-06-04,81.389708,81.929259,79.778549,80.048325,398475600
2010-06-07,80.333091,80.640338,78.991713,79.051659,264609100
2010-06-08,79.111651,80.055867,78.422226,79.898499,357774300
2010-06-09,80.363090,81.142442,79.134114,79.471336,268023300
2010-06-10,80.827685,81.891797,79.463821,81.794380,317890600
2010-06-11,81.074968,82.243992,81.022512,82.191536,214128200
2010-06-14,82.821067,83.270698,81.981770,82.064201,207196100
2010-06-15,82.641157,84.005021,82.498774,83.930084,238268700
2010-06-16,83.495445,84.244820,83.330581,83.900108,216374000
2010-06-17,84.139931,84.177402,83.218202,84.035019,263185800
2010-06-18,84.201399,84.427278,83.855047,84.126106,174006600
2010-06-21,85.172706,85.232937,83.418352,83.885178,213140700
2010-06-22,83.885186,84.254126,82.379304,82.499771,239355400
2010-06-23,82.552470,82.846116,81.679061,82.243767,254639900
2010-06-24,81.837190,81.942601,80.670128,80.880951,268523600
2010-06-25,81.121902,81.633902,80.391547,81.219788,238726500
2010-06-28,81.340246,81.558600,80.670129,80.963776,169218600
2010-06-29,79.826834,80.948721,77.967074,78.464012,373649500
2010-06-30,78.245677,78.968500,77.462617,77.718620,284101700
2010-07-01,77.665877,77.921874,76.144933,77.372231,382924800
2010-07-02,77.635794,77.869204,76.513913,76.950615,233385200
2010-07-06,78.034810,78.584459,76.709632,77.455048,256935300
2010-07-07,77.650832,79.992480,77.568008,79.894600,253769400
2010-07-08,80.564730,80.775553,79.744027,80.685204,210842100
2010-07-09,80.662617,81.295091,80.512031,81.287560,144999900
2010-07-12,81.016491,81.498373,80.677669,81.340256,131283600
2010-07-13,82.183549,82.891310,82.017901,82.567551,213025900
2010-07-14,82.303995,82.883762,81.965173,82.559998,184426800
2010-07-15,82.529898,82.868719,81.445660,82.582603,232337900
2010-07-16,82.138358,82.228713,80.150593,80.308716,282693400
2010-07-19,80.602392,81.039094,79.977449,80.783096,186709000
2010-07-20,79.713900,81.739308,79.676250,81.679077,258162400
2010-07-21,82.100712,82.123299,80.286120,80.617416,264527000
2010-07-22,81.573658,82.778368,81.566132,82.416954,274781300
2010-07-23,82.251317,83.252731,82.017907,83.132263,222020800
2010-07-26,83.275293,84.080940,83.041883,83.998116,184445700
2010-07-27,84.457420,84.547776,83.659305,83.990601,204855600
2010-07-28,83.817403,84.073406,83.169873,83.448463,163056200
2010-07-29,83.968015,84.193900,82.379314,83.041901,220149100
2010-07-30,82.198591,83.471063,82.055536,83.026825,220070600
2010-08-02,84.321897,85.037194,83.983075,84.901665,188263200
2010-08-03,84.690845,84.909193,84.216489,84.495079,146657300
2010-08-04,84.728458,85.165165,84.449873,85.059753,158171700
2010-08-05,84.517665,85.014609,84.389667,84.969429,140473800
2010-08-06,84.133649,84.758592,83.516238,84.623062,239728300
2010-08-09,85.022131,85.217897,84.570367,85.074837,120800400
2010-08-10,84.351981,85.067278,83.855043,84.615509,242916300
2010-08-11,83.312948,83.343066,82.160949,82.296478,273406900
2010-08-12,81.054128,82.085654,81.016479,81.792007,239542600
2010-08-13,81.536030,82.040500,81.453206,81.551086,158698500
2010-08-16,80.993912,81.776971,80.700265,81.513443,147895300
2010-08-17,82.213675,83.117202,81.980259,82.514847,172270300
2010-08-18,82.477200,83.109668,82.002849,82.665436,182922100
2010-08-19,82.236247,82.439538,80.888481,81.227303,265847600
2010-08-20,80.986363,81.272484,80.376482,80.963776,209714200
2010-08-23,81.347772,81.746830,80.617418,80.655067,163490300
2010-08-24,79.774104,80.105400,79.036225,79.457870,280677800
2010-08-25,79.021178,80.067766,78.524240,79.766594,272234800
2010-08-26,80.143060,80.248472,78.968468,79.232002,224439500
2010-08-27,79.728936,80.542114,78.539287,80.459290,272649000
2010-08-30,80.248475,80.496947,79.284711,79.292236,167238600
2010-08-31,78.998590,79.796711,78.674825,79.292236,273933100
2010-09-01,80.361424,81.776951,80.308718,81.664009,256828100
2010-09-02,81.859786,82.439548,81.686607,82.424492,156112200
2010-09-03,83.230109,83.568930,82.785871,83.493637,212197300
2010-09-07,83.102117,83.207528,82.484705,82.552467,141973700
2010-09-08,82.718143,83.463553,82.680494,83.132263,149924400
2010-09-09,84.065900,84.088488,83.290372,83.516251,147017900
2010-09-10,83.666845,84.035785,83.478610,83.937904,127819000
2010-09-13,84.766125,85.044710,84.427298,84.871536,178503500
2010-09-14,84.705898,85.300722,84.389664,84.818840,209823600
2010-09-15,84.570379,85.240497,84.314382,85.142616,168608400
2010-09-16,84.879077,85.172724,84.592956,85.120018,199962900
2010-09-17,85.568131,85.651399,84.917135,85.151794,195836900
2010-09-20,85.447037,86.643055,85.174527,86.453812,214555200
2010-09-21,86.521947,86.930707,85.923939,86.279716,268389100
2010-09-22,86.143419,86.627881,85.613535,85.855766,191322400
2010-09-23,85.151799,86.045026,84.917140,85.159370,202354300
2010-09-24,86.105605,86.976125,86.029909,86.915565,209671800
2010-09-27,86.945815,87.044220,86.415937,86.499199,128761800
2010-09-28,86.612767,87.082091,85.674123,86.802010,209207500
2010-09-29,86.582497,86.983697,86.309986,86.650627,179665800
2010-09-30,87.089653,87.649811,85.984469,86.393234,287106700
2010-10-01,87.044247,87.142657,86.241858,86.756599,174638700
2010-10-04,86.574939,86.938282,85.674140,86.105614,166153200
2010-10-05,86.900406,88.051002,86.801996,87.839050,229634100
2010-10-06,87.823926,88.058591,87.475719,87.831497,148626600
2010-10-07,88.187255,88.209964,87.195624,87.725502,164860000
2010-10-08,87.846615,88.459760,87.513545,88.217529,177760100
2010-10-11,88.353777,88.543020,87.997999,88.300789,103098300
2010-10-12,88.013170,88.830702,87.543851,88.573334,182210000
2010-10-13,89.065360,89.739065,88.853403,89.262169,194347200
2010-10-14,89.178902,89.330300,88.353805,88.913963,217764300
2010-10-15,89.534664,89.587652,88.384069,89.095619,243705000
2010-10-18,89.125880,89.829864,88.800381,89.534645,141204800
2010-10-19,88.709565,89.209164,87.823903,88.361359,280604700
2010-10-20,88.520358,89.655816,88.467370,89.224342,200051800
2010-10-21,89.625513,90.147820,88.724714,89.421127,221585500
2010-10-22,89.557359,89.723894,89.322700,89.587639,108212400
2010-10-25,90.185654,90.654979,89.784460,89.852585,151145700
2010-10-26,89.398404,89.958562,89.224304,89.867729,158982900
2010-10-27,89.239437,89.708762,88.762547,89.610352,190024000
2010-10-28,90.125110,90.162961,89.194037,89.625511,168576000
2010-10-29,89.534671,89.867740,89.375707,89.693634,144305500
2010-11-01,90.132688,90.647430,89.209181,89.723923,174074800
2010-11-02,90.397643,90.647445,90.155412,90.435493,158345900
2010-11-03,90.594418,90.851785,89.663340,90.798798,226702800
2010-11-04,91.805581,92.592833,90.813950,92.547417,215039400
2010-11-05,92.607977,93.047022,92.486864,92.895630,180654100
2010-11-08,92.608011,92.872956,92.305226,92.721558,156107100
2010-11-09,92.971333,93.069737,91.684482,92.055397,186621600
2010-11-10,92.032692,92.471738,91.336279,92.426315,221387400
2010-11-11,91.631476,92.214342,91.351394,92.078087,158017600
2010-11-12,91.457393,91.858587,90.571736,90.988068,239068800
2010-11-15,91.275712,91.631490,90.821530,90.859375,163940800
2010-11-16,90.299193,90.450586,89.012338,89.443817,299566200
2010-11-17,89.481694,89.860180,89.216755,89.489265,172308900
2010-11-18,90.352191,91.131872,90.344620,90.806374,197723700
2010-11-19,90.760964,91.094028,90.268931,91.056183,156852900
2010-11-22,90.602036,91.018367,89.905617,90.980522,181361000
2010-11-23,89.905553,90.094796,89.315116,89.663322,222309000
2010-11-24,90.231095,91.010782,90.215958,90.988068,140046100
2010-11-26,90.200832,90.692860,89.928322,89.928322,76007800
2010-11-29,89.701179,90.443014,89.125878,90.200783,223642300
2010-11-30,89.307582,90.208375,89.178893,89.693634,233930700
2010-12-01,90.988053,91.775304,90.980487,91.601204,221037200
2010-12-02,91.745038,92.842651,91.692050,92.774521,191213600
2010-12-03,92.456578,93.130283,92.433870,93.024307,151288900
2010-12-06,92.827470,93.137832,92.729066,92.925880,103050500
2010-12-07,93.819137,93.872125,92.925909,92.978897,206581000
2010-12-08,93.092431,93.395215,92.660957,93.319519,138019200
2010-12-09,93.841832,93.879678,93.221116,93.682869,123705100
2010-12-10,93.970547,94.318754,93.660191,94.227921,117571700
2010-12-13,94.659373,94.772914,94.258173,94.288452,133812700
2010-12-14,94.432286,94.795635,94.084080,94.371727,147249600
2010-12-15,94.197635,94.568550,93.781298,93.940262,160823100
2010-12-16,94.000836,94.553429,93.675338,94.485298,185035200
2010-12-17,94.419099,94.708259,94.221250,94.586510,141075300
2010-12-20,94.845212,95.043062,94.342986,94.814774,119085500
2010-12-21,95.111526,95.476786,95.020216,95.415909,94965500
2010-12-22,95.484425,95.743146,95.431159,95.712708,78878100
2010-12-23,95.606168,95.712701,95.339836,95.575729,70053700
2010-12-27,95.218093,95.705103,95.149610,95.613792,58126000
2010-12-28,95.804007,95.842051,95.499624,95.750740,55309100
2010-12-29,95.864867,96.032272,95.803990,95.819206,58033100
2010-12-30,95.727900,95.979010,95.522440,95.667023,76616900
2010-12-31,95.522462,95.781189,95.370274,95.689873,91218900
2011-01-03,96.420373,97.097621,95.651809,96.679100,138725200
2011-01-04,96.892187,96.922626,96.024701,96.625854,137409700
2011-01-05,96.321443,97.188929,96.230127,97.128052,133975300
2011-01-06,97.166124,97.272657,96.648676,96.937836,122519000
2011-01-07,97.067188,97.226988,95.994247,96.747589,156034600
2011-01-10,96.321472,96.762826,96.032306,96.625854,122401700
2011-01-11,96.975865,97.204148,96.602994,96.968254,110287000
2011-01-12,97.561850,97.949932,96.991129,97.843399,107929200
2011-01-13,97.881419,97.927074,97.440064,97.683563,129048400
2011-01-14,97.546585,98.414071,97.478102,98.391243,117677900
2011-01-18,98.299930,98.649973,98.185791,98.558662,114401300
2011-01-19,98.474940,98.573856,97.333510,97.592232,151958400
2011-01-20,97.371551,97.706367,96.739959,97.462868,175745700
2011-01-21,98.071657,98.292328,97.577030,97.683563,151462900
2011-01-24,97.622678,98.353198,97.599850,98.239059,113715500
2011-01-25,97.980327,98.376026,97.485712,98.292320,167552200
2011-01-26,98.535840,98.961972,98.337985,98.672806,141281500
2011-01-27,98.695623,99.083716,98.520607,98.916306,123302700
2011-01-28,99.030440,99.190245,97.029135,97.188934,295637300
2011-01-31,97.455309,97.995579,97.211798,97.919479,149249200
2011-02-01,98.513018,99.662054,98.452141,99.487038,167194300
2011-02-02,99.228289,99.563110,99.175028,99.296783,118323600
2011-02-03,99.121757,99.669644,98.596709,99.517456,145886700
2011-02-04,99.555505,99.837054,99.098928,99.799004,134634800
2011-02-07,100.019707,100.750216,100.012090,100.423012,112439100
2011-02-08,100.514297,100.932823,100.240353,100.879562,99072800
2011-02-09,100.605613,100.925212,100.149036,100.651268,146436700
2011-02-10,100.141406,100.803431,99.913118,100.689293,162708500
2011-02-11,100.293642,101.419850,100.270815,101.290489,137710300
2011-02-14,101.229605,101.617687,101.115466,101.533981,101690700
2011-02-15,101.222018,101.374207,100.689353,101.214401,119575400
2011-02-16,101.556813,101.975328,101.351352,101.853584,130183500
2011-02-17,101.556819,102.294933,101.465496,102.157967,109810500
2011-02-18,102.249285,102.492796,102.013391,102.371040,130002400
2011-02-22,101.298061,102.393835,100.042493,100.316437,233116400
2011-02-23,100.255573,100.499084,99.083711,99.700081,227584000
2011-02-24,99.593553,100.019685,98.695623,99.631592,260431400
2011-02-25,100.050168,100.757861,99.989291,100.696983,141686900
2011-02-28,101.069818,101.450295,100.734997,101.320923,141585500
2011-03-01,101.640519,101.731830,99.601159,99.631592,258565500
2011-03-02,99.494630,100.308855,99.190253,99.844673,200277400
2011-03-03,100.750227,101.678591,100.742622,101.564453,176480100
2011-03-04,101.488312,101.686168,100.141434,100.803459,277202300
2011-03-07,101.100231,101.328519,99.487014,100.012062,216790400
2011-03-08,100.171879,101.206775,99.738141,100.887177,174615000
2011-03-09,100.689308,101.054562,100.141421,100.742569,153806000
2011-03-10,99.684866,99.821832,98.779330,98.878258,301291800
2011-03-11,98.558673,99.920775,98.535846,99.563126,225621800
2011-03-14,98.916289,99.289149,98.208597,98.961945,234974100
2011-03-15,96.329077,98.414093,96.260594,97.828156,359585400
2011-03-16,97.516124,97.835735,95.332193,96.017052,468670300
2011-03-17,97.402009,97.698780,96.717150,97.287865,254303700
2011-03-18,98.467119,98.497696,97.450659,97.641724,230435400
2011-03-21,98.856893,99.361295,98.742247,99.154953,153992600
2011-03-22,99.139673,99.269595,98.719328,98.811035,129538600
2011-03-23,98.535916,99.353679,98.069730,99.093834,148603100
2011-03-24,99.659336,100.186677,99.101431,100.041466,159129800
2011-03-25,100.301322,100.782797,100.033827,100.347176,155642800
2011-03-28,100.561206,100.821051,100.072081,100.102646,109762400
2011-03-29,100.018564,100.805750,99.689938,100.775185,129798800
2011-03-30,101.302497,101.768695,101.157286,101.470634,135835000
2011-03-31,101.340734,101.615868,101.226088,101.333084,132537100
2011-04-01,101.959777,102.234911,101.516506,101.761063,153850100
2011-04-04,101.975069,102.158495,101.554736,101.845146,100768900
2011-04-05,101.646453,102.280790,101.600600,101.829880,120791500
2011-04-06,102.319002,102.410709,101.738157,102.150864,120411600
2011-04-07,101.967402,102.395386,101.386570,101.890984,170731500
2011-04-08,102.341911,102.403053,101.119092,101.539436,147945400
2011-04-11,101.646444,101.990358,100.989181,101.233749,121385400
2011-04-12,100.668177,100.866880,100.110271,100.477112,161187400
2011-04-13,100.943319,101.019738,100.087353,100.469482,162059000
2011-04-14,99.888635,100.698748,99.560010,100.545898,161220400
2011-04-15,100.729320,101.164942,100.431260,100.912735,170006700
2011-04-18,99.804589,100.905124,98.979188,99.781662,210759300
2011-04-19,99.934476,100.385397,99.689919,100.354820,124258800
2011-04-20,101.554747,101.944515,101.485955,101.722885,156133800
2011-04-21,102.250200,102.288415,101.722871,102.242561,135935400
2011-04-25,102.166140,102.303712,101.799299,102.135574,65757100
2011-04-26,102.448921,103.220819,102.341925,103.014465,146600000
2011-04-27,103.213167,103.839854,102.792823,103.687004,143031000
2011-04-28,103.503598,104.160861,103.488321,104.023300,124791100
2011-04-29,104.061511,104.374860,103.923939,104.267853,115094100
2011-05-02,104.756963,104.841020,103.900985,104.107338,126278700
2011-05-03,103.908637,104.084413,103.205509,103.732849,138375000
2011-05-04,103.686996,103.732849,102.586461,103.045021,182678500
2011-05-05,102.471820,103.136721,101.661708,102.112617,226900000
2011-05-06,103.129109,103.656449,102.166135,102.563553,222787200
2011-05-09,102.555942,103.259059,102.395443,102.960999,114104500
2011-05-10,103.304872,104.023278,103.174950,103.839851,114806900
2011-05-11,103.686999,103.702287,102.273127,102.746964,193564200
2011-05-12,102.471840,103.450091,101.944500,103.236099,171550700
2011-05-13,103.289551,103.434762,102.074382,102.441223,157444900
2011-05-16,102.074398,102.876872,101.623488,101.791626,141675400
2011-05-17,101.409526,101.913940,100.973893,101.776367,192686200
2011-05-18,101.829870,102.792833,101.608229,102.685837,135217900
2011-05-19,103.022085,103.197862,102.364822,102.930367,119489500
2011-05-20,102.662885,102.930368,101.921553,102.112617,182594900
2011-05-23,100.866890,101.432446,100.568829,100.928032,168700000
2011-05-24,101.218485,101.440115,100.652929,100.843994,147199600
2011-05-25,100.438905,101.600582,100.408340,101.180237,151050100
2011-05-26,100.905106,101.829865,100.714042,101.646439,164850000
2011-05-27,101.929183,102.311312,101.615846,102.036179,120921900
2011-05-31,102.999203,103.113837,102.288436,103.098549,164731200
2011-06-01,102.800480,103.113829,100.698768,100.782837,233094300
2011-06-02,100.851607,101.065599,100.087348,100.675819,200466800
2011-06-03,99.468307,100.438919,99.414814,99.674660,234690200
2011-06-06,99.422454,99.628807,98.490057,98.619980,179951200
2011-06-07,99.124390,99.407173,98.474777,98.558846,161660500
2011-06-08,98.405971,98.734608,97.962699,98.146126,198696400
2011-06-09,98.413613,99.300144,98.176695,98.895088,160964400
2011-06-10,98.474769,98.535900,97.259594,97.519440,238629400
2011-06-13,97.741059,98.008554,97.099085,97.595848,207599800
2011-06-14,98.490043,99.177883,98.451840,98.833969,160570400
2011-06-15,98.008551,98.818664,96.816304,97.076149,300958000
2011-06-16,97.106735,97.802213,96.541185,97.290161,308032800
2011-06-17,98.256370,98.264052,97.250229,97.580490,233284900
2011-06-20,97.250187,98.287050,97.219464,98.079674,159479000
2011-06-21,98.586628,99.615810,98.118119,99.423798,193157300
2011-06-22,99.116600,99.700312,98.763292,98.824738,176703000
2011-06-23,97.664999,98.801707,96.919991,98.540573,334286500
2011-06-24,98.517504,98.594301,97.250224,97.396149,226129300
2011-06-27,97.457570,98.640359,97.265558,98.264023,168904700
2011-06-28,98.655761,99.562064,98.517518,99.546700,165556300
2011-06-29,99.999843,100.560514,99.562061,100.399231,244295500
2011-06-30,100.721795,101.520559,100.391540,101.359276,223322700
2011-07-01,101.451465,102.995249,101.213372,102.856995,202385700
2011-07-05,102.749443,102.979860,102.449905,102.772484,165936000
2011-07-06,102.526726,103.025952,102.234864,102.895386,143331600
2011-07-07,103.809344,104.224085,103.594292,103.962952,170464200
2011-07-08,102.787851,103.962963,102.449908,103.225632,194100500
2011-07-11,101.958352,102.288607,101.121183,101.359276,195918600
2011-07-12,101.144196,101.981365,100.890739,100.921455,214675700
2011-07-13,101.451434,102.319332,101.013653,101.259422,204062600
2011-07-14,101.512885,101.981394,100.368489,100.560501,226111800
2011-07-15,101.121193,101.282477,100.437631,101.144234,220012800
2011-07-18,100.675727,100.829334,99.562059,100.314743,196872100
2011-07-19,100.875392,102.065868,100.852351,101.942978,166554900
2011-07-20,102.204159,102.265593,101.704921,101.881569,137145400
2011-07-21,102.457550,103.548188,101.896879,103.294731,245246300
2011-07-22,103.317772,103.471380,102.734049,103.363853,126019400
2011-07-25,102.380777,103.294756,102.273251,102.787842,136653800
2011-07-26,102.718726,102.887698,102.173407,102.403824,131278200
2011-07-27,101.835476,101.866204,100.176489,100.307068,249020100
2011-07-28,100.307029,101.205643,99.853872,100.015167,207939900
2011-07-29,99.009041,100.268638,98.287074,99.331619,307038400
2011-08-01,100.491379,100.583553,97.949143,98.909203,325790900
2011-08-02,98.164211,98.694166,96.382339,96.382339,346653800
2011-08-03,96.512902,97.012128,94.876956,96.904602,370830800
2011-08-04,95.560517,95.714130,92.211827,92.365440,520721800
2011-08-05,93.517486,93.755578,89.754051,92.227165,655619200
2011-08-08,89.792470,92.257903,86.036711,86.221046,702263900
2011-08-09,87.611239,90.353170,84.692654,90.230286,717828700
2011-08-10,88.525214,89.308620,85.982971,86.244110,662607400
2011-08-11,86.989097,91.336244,86.267130,90.115051,487979700
2011-08-12,90.936892,91.559009,90.076676,90.721840,313731600
2011-08-15,91.543636,92.734107,91.397705,92.641945,258810600
2011-08-16,91.758706,92.695726,90.867768,91.850868,294095200
2011-08-17,92.357731,93.087374,91.182619,91.912262,238201100
2011-08-18,89.477571,91.943004,87.088942,87.949158,512956300
2011-08-19,86.758684,89.001382,86.405383,86.512909,428281300
2011-08-22,88.456064,88.502151,86.336256,86.582031,275090600
2011-08-23,86.904647,89.531370,86.466860,89.431526,331136600
2011-08-24,89.239483,90.813978,89.032107,90.691093,246869700
2011-08-25,91.190330,91.704921,88.993712,89.308609,312365400
2011-08-26,88.855450,91.021344,87.442239,90.606598,314495900
2011-08-29,91.827816,93.264067,90.675744,93.210304,190977200
2011-08-30,92.803215,94.032091,91.597380,93.456055,241315700
2011-08-31,94.055126,94.861578,93.164194,93.870796,301828400
2011-09-01,93.924597,94.777131,92.764843,92.887733,254585900
2011-09-02,90.952214,92.833935,90.191849,90.514427,255517200
2011-09-06,87.857004,89.984500,87.849322,89.853928,285130500
2011-09-07,91.213361,92.426872,90.906141,92.388474,209803200
2011-09-08,91.835485,92.887713,91.221045,91.428421,250568200
2011-09-09,90.383870,91.443774,88.540554,89.032104,380195100
2011-09-12,87.918459,89.677289,87.595880,89.608162,305793500
2011-09-13,89.899975,90.767867,89.262494,90.429924,272514700
2011-09-14,90.890790,92.780194,89.646557,91.681885,319389500
2011-09-15,92.664977,93.294776,91.704917,93.264053,326777200
2011-09-16,93.638486,94.163461,92.889624,93.816048,284528300
2011-09-19,92.279721,93.360552,91.654386,92.881897,241517000
2011-09-20,93.275634,94.178898,92.650299,92.773819,218932200
2011-09-21,92.820121,93.105766,89.894160,90.040840,316251300
2011-09-22,87.431436,88.172576,85.925997,87.130348,513911300
2011-09-23,86.551336,88.133982,86.481851,87.655327,307242500
2011-09-26,88.481391,89.863311,87.222998,89.739784,260673700
2011-09-27,91.507669,92.302850,90.202952,90.743370,311753900
2011-09-28,90.928669,91.476804,88.759291,88.890533,286696800
2011-09-29,90.365115,90.812883,87.956406,89.593094,298108900
2011-09-30,88.357826,89.129848,87.292439,87.354202,288392300
2011-10-03,86.844705,87.971856,84.775687,84.868332,365136800
2011-10-04,83.648540,86.914194,82.938282,86.728905,459177500
2011-10-05,86.945066,88.566310,86.142163,88.334702,284108000
2011-10-06,88.288389,90.064041,87.632172,89.932793,257800800
2011-10-07,90.457724,90.519487,88.828759,89.330574,312657900
2011-10-10,90.851487,92.356926,90.843765,92.318329,230666300
2011-10-11,91.770199,92.673463,91.677555,92.410973,209088000
2011-10-12,93.105769,94.294682,92.897325,93.221573,281544900
2011-10-13,92.673450,93.314229,91.963191,93.036301,212538800
2011-10-14,94.117140,94.649831,93.592165,94.626671,211397600
2011-10-17,94.178906,94.611242,92.588543,92.820152,202311600
2011-10-18,92.750672,95.344665,92.024970,94.634407,318857900
2011-10-19,94.479988,95.020407,93.190714,93.514961,226601300
2011-10-20,93.746551,94.263803,92.503596,93.924118,262075600
2011-10-21,95.028122,95.823309,94.742477,95.707504,278999400
2011-10-24,95.861928,97.120327,95.777005,96.880997,203215600
2011-10-25,96.417778,96.464097,94.788812,94.997261,268596800
2011-10-26,96.000847,96.325095,94.348722,95.962250,289053800
2011-10-27,98.533125,99.915045,97.745666,99.305153,393220200
2011-10-28,98.818757,99.474980,98.664355,99.281975,225906500
2011-10-31,98.170238,99.297382,96.749715,96.888680,228146700
2011-11-01,94.209775,95.352369,93.816042,94.186615,416565800
2011-11-02,95.599418,96.039470,94.796515,95.722939,244717600
2011-11-03,96.711106,97.660695,95.421832,97.467690,291174800
2011-11-04,96.680232,97.043077,95.738365,96.873238,249401600
2011-11-07,96.803780,97.575802,95.885073,97.475441,196617200
2011-11-08,97.984950,98.834178,97.050805,98.726089,224426300
2011-11-09,96.417755,97.120297,94.850552,95.082161,337982000
2011-11-10,96.340535,96.456339,94.974054,95.977684,231866500
2011-11-11,97.143484,98.039026,97.112603,97.784264,189924400
2011-11-14,97.421382,98.394124,96.440911,96.857803,159258300
2011-11-15,96.633906,97.853702,96.286499,97.336449,184709400
2011-11-16,96.355992,97.537184,95.653455,95.792419,235782500
2011-11-17,95.614869,95.854200,93.592176,94.271553,331219600
2011-11-18,94.572645,94.765650,93.777463,94.171196,215580400
2011-11-21,92.797006,92.912810,91.600376,92.380119,229611600
2011-11-22,92.179382,92.719794,91.499999,92.017258,216494900
2011-11-23,91.152578,92.017244,89.986824,89.986824,224329100
2011-11-25,89.847868,90.866936,89.708904,89.816986,99557000
2011-11-28,92.287459,92.781552,91.731602,92.418701,210686000
2011-11-29,92.681152,93.414570,92.341461,92.681152,199241500
2011-11-30,95.336917,96.672517,92.642564,96.494949,324439500
2011-12-01,96.386886,96.996783,96.062638,96.479530,176954800
2011-12-02,97.367349,97.660715,96.332837,96.394600,221109700
2011-12-05,97.923176,98.185666,96.842351,97.444527,225263900
2011-12-06,97.436838,98.131658,97.089430,97.475441,178842100
2011-12-07,97.151168,98.247442,96.479513,97.838272,237802500
2011-12-08,97.197492,97.413657,95.460444,95.692047,240862800
2011-12-09,96.124410,97.560371,96.039487,97.313324,209111400
2011-12-12,96.464071,96.479514,95.082158,95.892776,215826100
2011-12-13,96.394618,96.942753,94.534043,94.997261,245159800
2011-12-14,94.618935,94.981786,93.777435,93.985878,238618800
2011-12-15,94.981825,95.113067,94.178921,94.325607,199109200
2011-12-16,94.962664,95.522040,94.240130,94.465431,220481400
2011-12-19,94.830563,95.032563,93.253421,93.455421,183903000
2011-12-20,94.923811,96.446569,93.517591,96.283417,225418100
2011-12-21,96.283398,96.617473,95.366635,96.469856,194230900
2011-12-22,96.827274,97.425504,96.516512,97.324501,119465400
2011-12-23,97.635290,98.225749,97.433295,98.194672,92187200
2011-12-27,98.023687,98.528685,97.938226,98.272301,86075700
2011-12-28,98.287857,98.303393,96.904945,96.982635,119107100
2011-12-29,97.301172,98.085860,97.005945,97.984863,123507200
2011-12-30,97.907153,98.148002,97.503159,97.503159,95599000
2012-01-03,99.259007,99.740698,99.002623,99.057007,193697900
2012-01-04,98.823943,99.297864,98.443255,99.212402,127186500
2012-01-05,98.676314,99.624148,98.225700,99.476532,173895000
2012-01-06,99.600865,99.616406,98.893873,99.220177,148050000
2012-01-09,99.445480,99.585319,98.987101,99.461021,99530200
2012-01-10,100.525366,100.727360,100.183521,100.323372,115282000
2012-01-11,100.012594,100.509821,99.849448,100.377747,111540700
2012-01-12,100.665247,100.766238,99.865011,100.618622,118983700
2012-01-13,99.942679,100.261219,99.227917,100.098061,179836200
2012-01-17,101.061465,101.247930,100.144696,100.486542,132209200
2012-01-18,100.463214,101.651897,100.284526,101.597519,163395200
2012-01-19,101.947149,102.219075,101.620845,102.133614,126328900
2012-01-20,101.962700,102.514305,101.714081,102.514305,138230200
2012-01-23,102.172448,102.747372,101.760683,102.250145,129295800
2012-01-24,101.620845,102.164685,101.465464,102.133614,103083300
2012-01-25,101.978217,103.229055,101.581993,102.988213,198613200
2012-01-26,103.446592,103.640822,102.055915,102.459915,184880500
2012-01-27,101.962678,102.591980,101.892747,102.413292,135259100
2012-01-30,101.395502,102.118042,101.045892,102.063652,147311800
2012-01-31,102.568674,102.692971,101.527595,102.024834,157212000
2012-02-01,102.778430,103.438815,102.654132,102.918282,166234500
2012-02-02,103.120300,103.345612,102.716311,103.081451,113090400
2012-02-03,104.106974,104.588659,103.928286,104.526505,160598500
2012-02-06,104.091436,104.503202,103.974904,104.456589,107694500
2012-02-07,104.239033,104.899418,103.827268,104.720718,135528100
2012-02-08,104.775148,105.054839,104.347841,105.031532,139361400
2012-02-09,105.202422,105.342262,104.542038,105.163574,148602900
2012-02-10,104.231277,104.472119,103.982657,104.386658,167907500
2012-02-13,105.132503,105.287884,104.681889,105.163574,115841900
2012-02-14,104.883916,105.093687,104.301228,105.031532,165329500
2012-02-15,105.373361,105.528742,104.332282,104.542053,195195100
2012-02-16,104.549819,105.792880,104.363354,105.699654,186567800
2012-02-17,106.064809,106.150270,105.629737,105.979347,129869400
2012-02-21,106.227934,106.476554,105.699636,106.025940,134042300
2012-02-22,105.862785,106.088098,105.497633,105.684097,124455300
2012-02-23,105.629758,106.227976,105.272370,106.150291,137704300
2012-02-24,106.383339,106.593110,106.150273,106.383339,105539100
2012-02-27,105.676356,106.849498,105.505434,106.562042,145728900
2012-02-28,106.593112,106.997112,106.383341,106.872803,129355900
2012-02-29,107.028189,107.362270,106.080349,106.453278,185934700
2012-03-01,106.678609,107.206920,106.383377,107.004913,145023500
2012-03-02,106.934950,107.074802,106.437723,106.678566,120638300
2012-03-05,106.515433,106.593118,105.878355,106.243507,140765000
2012-03-06,105.155837,105.217980,104.386685,104.689682,202129900
2012-03-07,104.930491,105.590875,104.829487,105.419952,143692200
2012-03-08,106.064792,106.686328,105.847256,106.468781,116968900
2012-03-09,106.670814,107.160264,106.538739,106.880585,122836800
2012-03-12,106.865014,107.028160,106.507627,106.888321,104003500
2012-03-13,107.463250,108.869469,107.284550,108.815079,184090500
2012-03-14,108.846156,109.118070,108.364459,108.698540,145163600
2012-03-15,108.861710,109.374479,108.582019,109.327866,165118500
2012-03-16,109.526088,109.619723,109.245172,109.479271,152893500
2012-03-19,109.409018,110.243957,109.330981,109.908424,125291100
2012-03-20,109.284153,109.721131,108.964218,109.588478,121729700
2012-03-21,109.650940,109.752374,109.182742,109.409042,122388400
2012-03-22,108.605308,108.894036,108.261976,108.620918,135216700
2012-03-23,108.714558,109.096908,108.113706,108.972054,120521000
2012-03-26,109.752335,110.501450,109.713328,110.501450,120164000
2012-03-27,110.602878,110.673104,110.087863,110.158089,119868500
2012-03-28,110.103500,110.275172,108.964224,109.611893,148562100
2012-03-29,108.964249,109.627528,108.535070,109.424637,164963700
2012-03-30,109.963056,110.064502,109.284179,109.877220,135486800
2012-04-02,109.744547,110.969658,109.526057,110.680931,151741100
2012-04-03,110.524859,110.712140,109.580664,110.228333,155806700
2012-04-04,109.416834,109.510469,108.730147,109.135918,146896000
2012-04-05,108.761368,109.401226,108.667721,109.081291,137439400
2012-04-09,107.707869,109.120251,107.559606,107.856133,127555900
2012-04-10,107.645486,107.949811,105.936577,106.045822,235360300
2012-04-11,107.130440,107.325521,106.709071,106.904152,154133000
2012-04-12,107.005638,108.386800,106.927601,108.300964,154321500
2012-04-13,108.051250,108.324368,106.911974,107.013420,169246700
2012-04-16,107.559664,107.715726,106.576462,106.943214,147825300
2012-04-17,107.559663,108.745757,107.450418,108.527267,147877600
2012-04-18,108.043441,108.527237,107.981014,108.160484,123884200
2012-04-19,108.176130,108.581890,106.958829,107.466034,198666700
2012-04-20,107.942004,108.332165,107.583050,107.645477,143199600
2012-04-23,106.545215,106.833942,106.077029,106.740295,171844900
2012-04-24,106.833956,107.419198,106.748120,107.146080,137484200
2012-04-25,108.191717,108.659916,108.098082,108.613098,150252200
2012-04-26,108.378997,109.494865,108.316570,109.370010,136291600
2012-04-27,109.697725,109.861586,109.089074,109.549461,130725000
2012-04-30,109.330997,109.409034,108.847200,109.143715,115092200
2012-05-01,109.081293,110.540504,108.956450,109.822609,138832200
2012-05-02,109.182744,109.604125,108.823803,109.494881,121081000
2012-05-03,109.510453,109.596289,108.457025,108.659904,143759700
2012-05-04,108.090245,108.698896,106.841725,106.904152,193927300
2012-05-07,106.521839,107.341181,106.482833,106.982239,127765900
2012-05-08,106.342349,106.724711,105.281110,106.553040,213377700
2012-05-09,105.421592,106.599874,104.945594,105.920998,220752500
2012-05-10,106.654500,106.787165,105.897598,106.139496,150600000
2012-05-11,105.476213,106.802759,105.429396,105.819557,153032400
2012-05-14,104.805102,105.819524,104.492978,104.649040,163910000
2012-05-15,104.578828,105.195278,103.884341,104.048203,207629300
2012-05-16,104.516404,104.992401,103.626837,103.650246,207265500
2012-05-17,103.673675,103.798529,102.058401,102.113029,247992900
2012-05-18,102.510939,102.690421,101.090758,101.239021,319615900
2012-05-21,101.566782,103.018183,101.402909,102.979164,177861100
2012-05-22,103.244497,103.962392,102.487583,103.158661,197531200
2012-05-23,102.417309,103.361505,101.434108,103.213242,204958400
2012-05-24,103.494144,103.658005,102.549949,103.416107,167357600
2012-05-25,103.377104,103.665831,102.830880,103.080589,135465600
2012-05-29,103.907763,104.508603,102.354917,104.329132,152883500
2012-05-30,103.439537,104.321306,102.604599,102.815277,162370400
2012-05-31,102.776286,103.353717,101.707236,102.589005,196186000
2012-06-01,100.981553,102.612424,100.006149,100.006149,253240900
2012-06-04,100.185608,100.458726,99.210205,99.959320,202545800
2012-06-05,99.764224,100.864476,99.709602,100.716225,164149400
2012-06-06,101.418519,103.025982,101.387300,102.979164,184202800
2012-06-07,104.149644,104.196462,102.830897,103.041588,184772700
2012-06-08,102.776268,103.884325,102.448523,103.860916,143915400
2012-06-11,104.695838,104.758265,102.440707,102.542152,169756100
2012-06-12,102.838676,103.790670,102.347081,103.720444,181931800
2012-06-13,103.416147,104.063816,102.706051,103.057205,172223900
2012-06-14,103.267852,104.563190,102.986936,104.149620,230615500
2012-06-15,104.618684,105.308918,104.399063,105.214798,169444500
2012-06-18,104.775573,105.677589,104.540261,105.418747,131360900
2012-06-19,105.952151,106.869857,105.395246,106.438454,137382600
2012-06-20,106.446259,106.752161,105.316771,106.265846,206451800
2012-06-21,106.391369,106.501180,103.795120,103.881401,205272200
2012-06-22,104.422623,104.877557,104.022589,104.681465,130029200
2012-06-25,103.575490,103.614711,102.634254,103.002907,146375700
2012-06-26,103.300986,103.834361,102.697020,103.520607,141634000
2012-06-27,103.865713,104.657918,103.512751,104.453987,108088000
2012-06-28,103.763701,104.312766,102.971496,104.155884,169242100
2012-06-29,106.046253,106.885530,105.771732,106.752190,212250900
2012-07-02,107.050246,107.183587,106.297262,107.073776,129524500
2012-07-03,107.050250,107.858146,106.940439,107.779716,80450000
2012-07-05,107.379639,108.085575,106.901175,107.293358,126177500
2012-07-06,106.258014,106.493326,105.771711,106.273705,151192100
2012-07-09,106.187410,106.336442,105.654036,106.140350,103780500
2012-07-10,106.681558,106.854119,104.853985,105.214798,167884800
2012-07-11,105.269689,105.575591,104.618665,105.230469,141733400
2012-07-12,104.618675,105.285379,104.006871,104.720634,143583200
2012-07-13,104.995225,106.587487,104.979535,106.477676,129642600
2012-07-16,106.234467,106.540369,105.810903,106.226616,97525200
2012-07-17,106.650206,107.175730,105.536408,106.956108,138860300
2012-07-18,106.705121,107.960111,106.642382,107.748329,113349700
2012-07-19,107.967950,108.383663,107.622839,108.030701,129847300
2012-07-20,107.418881,107.583603,106.924739,107.042389,142904500
2012-07-23,105.473673,106.971815,104.979519,105.959976,145210900
2012-07-24,106.038411,106.085471,104.344178,105.050102,173301200
2012-07-25,105.269730,105.544251,104.516734,105.073639,129122300
2012-07-26,106.587424,107.034518,106.093270,106.807045,156526500
2012-07-27,107.371846,109.081770,106.783572,108.775856,236768900
2012-07-30,108.650367,109.293540,108.454275,108.775856,106782000
2012-07-31,108.626842,108.924893,108.015038,108.015038,120575900
2012-08-01,108.791537,108.815067,107.771859,107.920891,138293800
2012-08-02,107.105138,107.905194,106.344302,107.175728,199556600
2012-08-03,108.681721,109.528837,107.207109,109.301376,157825000
2012-08-06,109.591594,109.944557,109.466093,109.513153,86326200
2012-08-07,109.952372,110.532807,109.834722,110.062195,109545100
2012-08-08,109.693548,110.321031,109.662166,110.195541,89754700
2012-08-09,110.038632,110.509256,109.928821,110.289635,90291700
2012-08-10,109.842590,110.509306,109.662189,110.470085,99792700
2012-08-13,110.281828,110.470068,109.842573,110.415169,79426900
2012-08-14,110.823022,110.893624,110.101407,110.430840,102379400
2012-08-15,110.313199,110.744603,110.242609,110.556351,71085900
2012-08-16,110.713187,111.505403,110.438666,111.372063,112014200
2012-08-17,111.560354,111.615265,111.270143,111.521133,90813700
2012-08-20,111.364231,111.552484,111.058329,111.528954,78255700
2012-08-21,111.803470,112.234873,110.948514,111.191666,105581100
2012-08-22,110.909303,111.419147,110.650472,111.238747,133243500
2012-08-23,110.964199,110.972039,110.156304,110.328865,111466400
2012-08-24,110.054346,111.246585,109.983756,110.995583,99481200
2012-08-27,111.293614,111.442645,110.862210,111.019081,68785900
2012-08-28,110.736740,111.254425,110.572030,110.909302,75689600
2012-08-29,111.003434,111.293645,110.689680,110.995583,65421300
2012-08-30,110.517122,110.548504,109.960229,110.195541,96589900
2012-08-31,110.823006,111.238731,110.093552,110.721046,151970400
2012-09-04,110.626949,110.956394,109.913186,110.619110,120226200
2012-09-05,110.666166,110.964229,110.305365,110.524986,100660300
2012-09-06,111.191667,112.776089,111.183828,112.768250,158272500
2012-09-07,112.956509,113.254572,112.854550,113.207512,107272100
2012-09-10,113.097729,113.293821,112.525145,112.564354,86458500
2012-09-11,112.634916,113.238869,112.603534,112.878067,88760000
2012-09-12,113.254570,113.380071,112.870226,113.254570,87640900
2012-09-13,113.238886,115.333141,112.940835,114.980179,225470200
2012-09-14,115.207626,116.172392,115.113494,115.489998,169777000
2012-09-17,115.254695,115.450786,114.807601,115.097824,119427800
2012-09-18,114.901733,115.152724,114.713481,115.003693,98326600
2012-09-19,115.137050,115.435113,114.838999,115.066460,128318300
2012-09-20,114.540989,115.137102,114.227247,115.074364,154009800
2012-09-21,115.633396,115.657052,114.978896,115.026207,108737500
2012-09-24,114.458431,115.112931,114.371689,114.852707,95682000
2012-09-25,115.097164,115.317957,113.598906,113.630455,133165200
2012-09-26,113.606812,113.638349,112.723625,112.991730,146502200
2012-09-27,113.464852,114.316491,113.165198,114.056267,111830300
2012-09-28,113.622607,113.993228,113.125827,113.527985,150696100
2012-10-01,113.961651,114.884256,113.559481,113.827599,135911200
2012-10-02,114.277075,114.458439,113.417556,113.945885,113422200
2012-10-03,114.253387,114.679200,113.654091,114.411095,121283100
2012-10-04,114.844814,115.396798,114.687106,115.231209,124311600
2012-10-05,115.846271,116.043409,114.892117,115.239082,124842100
2012-10-08,114.813251,115.223289,114.584564,114.844788,78415400
2012-10-09,114.758097,114.852719,113.669890,113.709320,148872900
2012-10-10,113.693526,113.803935,112.834006,112.983833,124247500
2012-10-11,113.772365,113.937966,113.023242,113.046898,123601500
2012-10-12,113.125789,113.512172,112.431858,112.676308,124181900
2012-10-15,112.944426,113.732978,112.581698,113.614700,107689100
2012-10-16,114.150906,114.844836,114.072058,114.765976,108815500
2012-10-17,114.844835,115.381057,114.671352,115.286423,128834100
2012-10-18,114.986725,115.538709,114.600330,114.986725,148108500
2012-10-19,114.773911,114.781792,112.802528,113.070633,185645200
2012-10-22,112.881341,113.291392,112.195304,113.086372,125578600
2012-10-23,111.864093,112.021801,111.051885,111.517128,192056300
2012-10-24,111.919295,112.053360,111.028239,111.201721,120179400
2012-10-25,111.990280,112.195299,110.846881,111.525024,134457400
2012-10-26,111.422492,111.848305,110.704906,111.461922,146023500
2012-10-31,111.856198,111.998132,110.933581,111.461922,103438500
2012-11-01,111.698461,112.770893,111.595958,112.628960,100995600
2012-11-02,113.299230,113.330779,111.509224,111.627502,137702200
2012-11-05,111.461917,112.108524,111.130715,111.856194,98378500
2012-11-06,112.195284,113.173094,112.077006,112.731506,107068100
2012-11-07,111.706392,111.722154,109.656150,110.176598,264304500
2012-11-08,110.160815,110.720692,108.765073,108.851814,181517300
2012-11-09,108.520670,109.955842,108.465477,108.946495,201055300
2012-11-12,109.285534,109.459016,108.788754,109.033203,97677500
2012-11-13,108.457533,109.805963,108.315599,108.654671,123018300
2012-11-14,108.985884,109.159355,106.943524,107.187973,191505000
2012-11-15,107.227439,107.629609,106.596594,107.006645,178128400
2012-11-16,107.164314,107.747848,106.218053,107.534935,239483900
2012-11-19,108.741444,109.727135,107.566507,109.711372,151495800
2012-11-20,109.537911,109.940069,108.883411,109.758705,119807400
2012-11-21,109.853302,110.058334,109.632509,109.963699,81710800
2012-11-23,110.499886,111.501340,110.428908,111.461922,65409200
2012-11-26,110.909936,111.469814,110.547209,111.225365,100124400
2012-11-27,111.114978,111.493480,110.586649,110.657616,128646200
2012-11-28,110.208149,111.611772,109.608853,111.548698,177086500
2012-11-29,111.966611,112.376650,111.477700,112.069115,151085900
2012-11-30,112.084862,112.305655,111.706360,112.092743,136568300
2012-12-03,112.605315,112.699937,111.454023,111.540764,124656300
2012-12-04,111.532906,111.871978,111.083426,111.383080,127512200
2012-12-05,111.477677,112.100640,110.689124,111.580193,147300500
2012-12-06,111.477707,112.006036,111.312118,111.958725,103220600
2012-12-07,112.392413,112.518584,111.714257,112.297791,108726400
2012-12-10,112.140134,112.613259,112.092811,112.345154,98840700
2012-12-11,112.810385,113.638368,112.755192,113.110039,152570400
2012-12-12,113.551648,113.985355,113.007544,113.165253,145880100
2012-12-13,113.094234,113.417544,112.187403,112.471283,135715000
2012-12-14,112.226804,112.431824,111.879839,112.053322,137701700
2012-12-17,112.345126,113.433333,112.313577,113.370247,143238200
2012-12-18,113.551584,114.734413,113.385982,114.631897,177762800
2012-12-19,114.758068,114.797498,113.740840,113.780258,150895400
2012-12-20,113.851263,114.450558,113.535834,114.434784,168487000
2012-12-21,112.903698,114.428457,112.721048,113.396065,245883800
2012-12-24,113.149831,113.213364,112.919534,113.046600,53874600
2012-12-26,113.276949,113.332545,112.252506,112.570160,106947700
2012-12-27,112.601885,112.832194,111.116837,112.419235,167920600
2012-12-28,111.688638,112.308070,111.077142,111.204208,148806700
2012-12-31,110.910346,113.213363,110.815040,113.094246,243935200
2013-01-02,115.238446,116.064352,114.936667,115.992882,192059000
2013-01-03,115.937344,116.239111,115.421141,115.730858,144761800
2013-01-04,115.921376,116.429628,115.683130,116.239029,116817700
2013-01-07,115.826116,116.032589,115.492564,115.921410,110002500
2013-01-08,115.714957,115.873784,115.135222,115.587891,121265100
2013-01-09,115.842012,116.199387,115.659362,115.881721,90745600
2013-01-10,116.524977,116.810870,115.921431,116.802933,130735400
2013-01-11,116.771147,116.858504,116.429671,116.794983,113917300
2013-01-14,116.651997,116.794950,116.286685,116.715530,89567200
2013-01-15,116.175538,116.906163,116.104068,116.794983,93172600
2013-01-16,116.556746,116.961756,116.429680,116.779106,104849500
2013-01-17,117.295316,117.867101,116.858533,117.533562,133833500
2013-01-18,117.509708,117.922667,117.080863,117.795601,169906000
2013-01-22,117.795574,118.430893,117.517619,118.430893,111797300
2013-01-23,118.430926,118.724756,118.216504,118.621513,104596100
2013-01-24,118.446819,119.233028,118.335640,118.653305,146426400
2013-01-25,119.026528,119.320358,118.621506,119.320358,147211600
2013-01-28,119.352107,119.383880,118.732675,119.177406,113357700
2013-01-29,118.939184,119.796863,118.859765,119.645973,105694400
2013-01-30,119.630063,119.868309,119.066214,119.177406,137447700
2013-01-31,119.034434,119.423570,118.804138,118.883545,108975800
2013-02-01,119.638058,120.249554,119.431584,120.106613,131173000
2013-02-04,119.375975,120.130411,118.669174,118.756531,159073600
2013-02-05,119.399766,120.297142,119.352107,119.955666,113912400
2013-02-06,119.534754,120.122414,119.447398,120.043007,138762800
2013-02-07,120.082760,120.193940,119.010659,119.884224,162490000
2013-02-08,120.090656,120.622732,120.090656,120.551262,103133700
2013-02-11,120.503688,120.630742,120.225732,120.527512,73775000
2013-02-12,120.535414,120.948373,120.400411,120.726013,65392700
2013-02-13,120.972191,121.194551,120.487762,120.829239,82322600
2013-02-14,120.463927,121.083359,120.328924,120.940407,80834300
2013-02-15,121.051567,121.178634,120.352728,120.797447,215226500
2013-02-19,121.003930,121.726605,120.837166,121.702782,95105400
2013-02-20,121.615477,121.655187,120.122479,120.186012,160574800
2013-02-21,119.884229,120.249529,119.074197,119.455383,183257000
2013-02-22,120.035130,120.622803,119.511003,120.622803,106356600
2013-02-25,121.210388,121.393038,118.327637,118.327637,245824800
2013-02-26,118.899487,119.280674,118.113279,119.137733,186596200
2013-02-27,119.034479,120.972196,118.931236,120.638657,150781900
2013-02-28,120.630710,121.401033,120.241587,120.400414,126866000
2013-03-01,119.987416,120.980097,119.447403,120.797447,170634800
2013-03-04,120.519538,121.440750,120.328951,121.440750,99010200
2013-03-05,122.028398,122.854304,122.012512,122.528702,121431900
2013-03-06,122.965464,123.028997,122.425451,122.695457,94469900
2013-03-07,122.854283,123.076643,122.711343,122.917816,86101400
2013-03-08,123.457880,123.608758,122.822561,123.441994,123477800
2013-03-11,123.346694,123.918467,123.195804,123.910530,83746800
2013-03-12,123.823168,123.966120,123.259331,123.632568,105755800
2013-03-13,123.696056,123.981949,123.275160,123.807236,92550900
2013-03-14,124.132823,124.521958,123.815169,124.466362,126329900
2013-03-15,124.318081,124.469630,123.887328,124.302124,138601100
2013-03-18,123.113556,124.150539,123.001881,123.616096,126704300
2013-03-19,123.879280,124.046785,122.515246,123.328880,167567300
2013-03-20,124.054795,124.397791,123.847392,124.190399,113759300
2013-03-21,123.448575,124.150535,122.922117,123.129509,128605000
2013-03-22,123.520386,124.118645,123.424657,124.118645,111163600
2013-03-25,124.445703,124.653107,123.121567,123.600166,151322300
2013-03-26,124.110652,124.621166,123.975049,124.589264,86856600
2013-03-27,123.847417,124.629150,123.640026,124.589264,99950600
2013-03-28,124.509483,125.115726,124.238276,124.972137,102932800
2013-04-01,124.908333,125.163596,124.174471,124.477592,99194100
2013-04-02,124.924340,125.402952,124.732893,125.091858,101504300
2013-04-03,125.163599,125.259316,123.496455,123.823494,154167400
2013-04-04,123.983004,124.573290,123.711797,124.326012,131885000
2013-04-05,122.802406,123.919162,122.658830,123.767601,159666000
2013-04-08,123.855375,124.613166,123.440580,124.605194,86571200
2013-04-09,124.836591,125.490693,124.421795,125.036011,101922200
2013-04-10,125.371026,126.727076,125.339124,126.567543,135711100
2013-04-11,126.591388,127.397050,126.463756,126.982254,110142500
2013-04-12,126.575520,126.862684,125.969289,126.671249,116359900
2013-04-15,126.033056,126.136758,123.719796,123.735741,217259000
2013-04-16,124.669024,125.626247,124.365915,125.562431,147507800
2013-04-17,124.669045,124.692986,123.065717,123.727791,226834800
2013-04-18,123.935204,123.967118,122.483436,122.954063,167583200
2013-04-19,123.241183,124.078747,122.938061,124.022903,149687600
2013-04-22,124.262217,124.868448,123.440610,124.573311,106553500
2013-04-23,125.195493,125.977214,124.573305,125.857567,166141300
2013-04-24,125.897469,126.272378,125.666135,125.937355,96781200
2013-04-25,126.304280,127.046127,126.112845,126.447868,131060600
2013-04-26,126.296298,126.511675,125.817687,126.224510,95918800
2013-04-29,126.567527,127.349248,126.368108,127.070068,88572800
2013-04-30,127.046138,127.405091,126.519668,127.373177,116010700
2013-05-01,127.093988,127.157804,126.112848,126.256424,138874200
2013-05-02,126.575465,127.540660,126.455818,127.428986,96407600
2013-05-03,128.537775,129.128061,127.452933,128.721237,144202300
2013-05-06,128.816882,129.231665,128.761038,129.048203,66882100
2013-05-07,129.327498,129.742282,128.960561,129.702408,90359200
2013-05-08,129.558771,130.332519,129.486983,130.292633,97419200
2013-05-09,130.236845,130.579840,129.598700,129.925751,106738600
2013-05-10,130.013503,130.460200,129.630609,130.348526,103203000
2013-05-13,130.181002,130.667586,129.877893,130.452209,81843200
2013-05-14,130.555918,131.896023,130.555918,131.800293,119000900
2013-05-15,131.584881,132.773413,131.544995,132.510178,120718500
2013-05-16,132.238996,132.701650,131.688596,131.888016,109913600
2013-05-17,132.374647,133.244113,132.199157,133.164352,129801000
2013-05-20,133.036649,133.674793,132.901045,133.156296,85071200
2013-05-21,133.275960,133.850289,132.813305,133.347748,95804200
2013-05-22,133.483340,134.863331,131.752382,132.358612,244031800
2013-05-23,130.946770,132.342706,130.771280,131.975769,211064400
2013-05-24,131.194089,131.919979,130.803223,131.864136,151573900
2013-05-28,133.244052,133.834337,132.262912,132.653778,143679800
2013-05-29,131.951815,132.254937,131.090322,131.792282,160363400
2013-05-30,131.895988,132.885100,131.792286,132.278870,107793800
2013-05-31,131.911926,132.661745,130.125136,130.380386,176850100
2013-06-03,130.683532,131.186073,129.750250,131.098328,168390700
2013-06-04,131.170115,131.696585,129.806081,130.468155,157631500
2013-06-05,130.093247,130.356482,128.529805,128.641479,211737800
2013-06-06,128.585585,129.814015,127.827794,129.806030,200225500
2013-06-07,130.699469,131.576907,130.133113,131.457260,188337800
2013-06-10,131.864071,131.935859,131.114252,131.457260,105667100
2013-06-11,130.260760,131.249872,129.814062,130.101227,159505400
2013-06-12,130.994618,131.130221,128.904706,129.024353,177361500
2013-06-13,128.952538,131.217939,128.665374,130.986618,163587800
2013-06-14,130.843085,131.353599,129.949690,130.165054,141197500
2013-06-17,131.050461,131.792308,130.196952,131.170120,136295600
2013-06-18,131.241882,132.406496,131.233909,132.207077,114695600
2013-06-19,132.095400,132.326721,130.324555,130.380386,206149500
2013-06-20,129.112080,130.396341,126.814765,127.149788,321255900
2013-06-21,128.015013,128.111237,126.274896,127.557938,271956800
2013-06-24,126.226844,127.044772,124.879648,125.946175,222329000
2013-06-25,127.084848,128.383932,126.234838,127.157028,162262200
2013-06-26,128.199530,128.704730,127.702357,128.416046,134848000
2013-06-27,129.185826,129.763194,129.065534,129.169785,129483700
2013-06-28,128.808937,129.426390,128.191472,128.640533,160402900
2013-07-01,129.314123,130.292440,129.169787,129.394318,131954800
2013-07-02,129.201822,130.148068,128.704649,129.274002,154863700
2013-07-03,128.688679,129.723135,128.480190,129.330200,75216400
2013-07-05,130.284463,130.773622,129.346243,130.725510,122416900
2013-07-08,131.399069,131.824074,130.773590,131.471237,108092500
2013-07-09,132.297204,132.577873,131.727863,132.417496,119298000
2013-07-10,132.289142,132.914622,132.016500,132.465561,121410100
2013-07-11,134.005254,134.406203,132.457584,134.269882,135592200
2013-07-12,134.229750,134.662769,134.021260,134.325974,104212700
2013-07-15,134.694882,135.031678,134.462325,134.839218,69450600
2013-07-16,134.927381,135.007576,133.973133,134.333984,88702100
2013-07-17,134.847237,135.103838,134.502414,134.678833,92873900
2013-07-18,134.967549,135.737377,134.879340,135.416611,103620100
2013-07-19,135.135891,135.705232,134.967487,135.657120,103831700
2013-07-22,135.849600,136.114228,135.528834,135.921768,79428600
2013-07-23,136.162389,136.186445,135.560965,135.633133,80829700
2013-07-24,136.154312,136.210451,134.863255,135.135910,112914000
2013-07-25,134.895335,135.584968,134.670804,135.464676,111088600
2013-07-26,134.895396,135.649182,134.334069,135.609085,107814600
2013-07-29,135.264261,135.568986,134.807185,135.192093,79695000
2013-07-30,135.601069,135.745405,134.871338,135.192093,85209600
2013-07-31,135.472733,136.202463,135.111881,135.288300,142388700
2013-08-01,136.314704,136.972254,136.242524,136.851974,110438400
2013-08-02,136.547263,137.100575,136.362830,137.084534,91116700
2013-08-05,136.779810,137.092550,136.603391,136.884048,54072700
2013-08-06,136.619431,136.916142,135.801503,136.106216,87495000
2013-08-07,135.673218,135.865666,135.160004,135.665192,84854700
2013-08-08,136.306689,136.467067,135.464694,136.162354,102181300
2013-08-09,135.985940,136.402931,135.296307,135.769424,91757700
2013-08-12,135.087856,135.769462,135.023702,135.609085,68593300
2013-08-13,135.849617,136.242540,135.047719,136.009995,80806000
2013-08-14,135.945796,136.162312,135.280219,135.312302,79829200
2013-08-15,134.245815,134.261844,133.187303,133.419861,152931800
2013-08-16,133.163239,133.620327,132.714178,132.978806,130868200
2013-08-19,132.826432,133.283520,132.120757,132.128784,96437600
2013-08-20,132.345349,133.275555,132.201013,132.778381,89294400
2013-08-21,132.409465,133.139195,131.663705,131.960403,159530500
2013-08-22,132.233018,133.355683,132.225004,133.163223,101471400
2013-08-23,133.556117,133.780648,132.930638,133.612244,90888900
2013-08-26,133.748637,134.157613,133.026934,133.115143,89702100
2013-08-27,131.800030,133.115143,130.877851,130.974075,158619400
2013-08-28,130.917922,131.904266,130.749530,131.439163,108113000
2013-08-29,131.150517,132.345338,131.030224,131.647690,119200500
2013-08-30,131.920254,131.936296,130.845714,131.230621,134928900
2013-09-03,132.497688,132.778358,131.270785,131.824097,142375100
2013-09-04,131.856116,133.139158,131.615556,132.914627,97389400
2013-09-05,132.994875,133.435909,132.898639,133.083084,63090500
2013-09-06,133.524079,133.900973,131.896227,133.147186,159756500
2013-09-09,133.475995,134.502424,133.475995,134.422241,87559300
2013-09-10,135.232177,135.440667,134.927452,135.416611,105847200
2013-09-11,135.232160,135.841599,134.999615,135.841599,94545900
2013-09-12,135.793529,135.969948,135.296356,135.480789,83209000
2013-09-13,135.625069,135.889697,135.312329,135.785446,72727800
2013-09-16,137.252938,137.317091,136.354804,136.571320,106299200
2013-09-17,136.691552,137.212780,136.691552,137.180710,82523300
2013-09-18,137.132705,139.145479,136.787894,138.768585,203460600
2013-09-19,139.145431,139.209584,138.399659,138.535980,146616900
2013-09-20,138.864717,138.864717,137.454555,137.567368,132867100
2013-09-23,137.382048,137.510968,136.495656,136.930786,104616500
2013-09-24,136.906604,137.414266,136.350608,136.608459,106333100
2013-09-25,136.697158,136.971130,136.092803,136.213669,117306500
2013-09-26,136.439328,137.124257,136.221756,136.737473,77146900
2013-09-27,136.052444,136.294188,135.754299,136.108856,99141800
2013-09-30,134.956575,135.810729,134.690657,135.383652,143937000
2013-10-01,135.488357,136.584254,135.351371,136.455322,127160000
2013-10-02,135.657653,136.455394,135.238629,136.326462,113350000
2013-10-03,136.012159,136.133038,134.440838,135.069366,176698000
2013-10-04,135.174169,136.229774,134.996890,136.092789,96878000
2013-10-07,134.908206,135.738186,134.771220,134.916260,96295000
2013-10-08,134.892119,135.069398,133.248278,133.344971,178015000
2013-10-09,133.602825,133.925143,132.579446,133.441666,168973000
2013-10-10,134.803438,136.390879,134.755092,136.318359,195955000
2013-10-11,136.108854,137.245045,135.996041,137.196686,105040000
2013-10-14,136.350632,137.857487,136.245873,137.744675,112106000
2013-10-15,137.398201,137.913917,136.560166,136.745499,155485000
2013-10-16,137.567444,138.727808,137.502978,138.655289,161676000
2013-10-17,138.091191,139.662525,138.067018,139.581940,129389000
2013-10-18,140.097658,140.621427,139.815620,140.524734,138316000
2013-10-21,140.572992,140.814737,140.218435,140.532700,104104000
2013-10-22,140.943761,141.765675,140.556964,141.346664,126663000
2013-10-23,140.863170,140.927636,140.178242,140.669785,105484000
2013-10-24,140.951783,141.314394,140.621399,141.137115,70350000
2013-10-25,141.427181,141.822031,141.153210,141.781738,93625000
2013-10-28,141.733399,142.200768,141.580293,142.007370,84979000
2013-10-29,142.329716,142.821259,142.128265,142.764847,87401000
2013-10-30,142.934110,143.038857,141.548121,142.055771,140002000
2013-10-31,141.942969,142.539271,141.443372,141.652878,133795000
2013-11-01,141.838182,142.313605,141.193534,141.991287,142805000
2013-11-04,142.378078,142.547291,141.805949,142.490891,85677000
2013-11-05,141.934822,142.426365,141.475519,142.039581,85825000
2013-11-06,142.652034,143.030765,142.257184,142.764847,87348000
2013-11-07,143.030785,143.143597,140.822868,140.959854,157000000
2013-11-08,140.911445,142.877616,140.895338,142.861496,136713000
2013-11-11,142.724571,143.054955,142.555358,142.885742,62614000
2013-11-12,142.579553,142.917991,142.120237,142.595673,83990000
2013-11-13,141.894518,143.780103,141.894518,143.739822,103844000
2013-11-14,143.868798,144.577913,143.635120,144.457047,103435000
2013-11-15,144.690737,145.141987,144.505404,145.085587,102818000
2013-11-18,145.327318,145.448185,144.255593,144.577911,104796000
2013-11-19,144.505386,144.940516,144.013843,144.263641,93891000
2013-11-20,144.553750,144.988880,143.417559,143.812408,124909000
2013-11-21,144.215242,145.085514,144.126602,144.972702,92841000
2013-11-22,145.029177,145.714118,144.859964,145.697998,81296000
2013-11-25,145.955867,145.988094,145.343446,145.552963,79486000
2013-11-26,145.625501,146.028405,145.375703,145.593262,86994000
2013-11-27,145.746317,146.044474,145.569039,145.947769,58800000
2013-11-29,146.108969,146.455460,145.689946,145.851105,55870900
2013-12-02,145.923616,146.197588,145.246741,145.472366,99726000
2013-12-03,144.996962,145.359573,144.376487,144.843857,116563000
2013-12-04,144.320032,145.432038,143.715677,144.827682,123033000
2013-12-05,144.569816,144.835734,144.054100,144.191086,106934000
2013-12-06,145.585133,145.939690,145.166110,145.802704,127728000
2013-12-09,146.229829,146.390988,145.980030,146.173416,70124000
2013-12-10,145.834960,146.141170,145.560988,145.649628,80976000
2013-12-11,145.706055,145.730228,143.836576,144.013855,130591000
2013-12-12,143.949333,144.126611,143.240219,143.538376,115565000
2013-12-13,143.836588,143.965520,143.248352,143.522324,107808000
2013-12-16,144.199146,144.892141,144.158853,144.416718,96195000
2013-12-17,144.545661,144.569834,143.635095,143.957413,89886000
2013-12-18,144.175018,146.439334,142.885734,146.415161,234906000
2013-12-19,145.996131,146.415154,145.617413,146.245941,136531200
2013-12-20,146.391764,147.445003,146.294547,147.096619,197087000
2013-12-23,147.817707,147.971643,147.509846,147.882523,85598000
2013-12-24,147.890649,148.271435,147.882551,148.206619,45368800
2013-12-26,148.538724,149.041045,148.522529,148.960022,63365000
2013-12-27,149.154511,149.219315,148.798029,148.951965,61814000
2013-12-30,148.968188,149.089723,148.733240,148.927689,56857000
2013-12-31,149.130214,149.632523,149.016776,149.632523,86119900
2014-01-02,149.057277,149.130203,147.842004,148.198486,119636900
2014-01-03,148.449653,148.749429,147.963551,148.174194,81390600
2014-01-06,148.660322,148.717028,147.517962,147.744812,108028200
2014-01-07,148.336175,148.903300,148.222750,148.652145,86144200
2014-01-08,148.627928,148.935801,148.174228,148.684647,96582300
2014-01-09,149.162601,149.178808,148.101265,148.781815,90683400
2014-01-10,149.032984,149.251736,148.271411,149.186920,102026400
2014-01-13,148.806107,149.219295,146.918381,147.201950,149892000
2014-01-14,147.688052,148.887130,147.412593,148.806107,105016100
2014-01-15,149.154500,149.835050,148.838530,149.608200,98525800
2014-01-16,149.300317,149.608190,148.935738,149.413742,72290600
2014-01-17,149.154504,149.438060,148.522563,148.781815,107848700
2014-01-21,149.640536,149.697255,148.303741,149.219238,88621200
2014-01-22,149.470526,149.535342,149.000619,149.316589,61270900
2014-01-23,148.563031,148.587336,147.307259,148.093124,132496900
2014-01-24,147.129024,147.177633,144.884817,144.933426,208677100
2014-01-27,145.071106,145.443795,143.499352,144.220413,180843100
2014-01-28,144.325779,145.265592,144.309572,145.079254,110463200
2014-01-29,143.872114,144.657992,143.304989,143.685776,216597300
2014-01-30,144.884795,145.678769,144.422985,145.208862,118938100
2014-01-31,143.410349,145.257564,143.337436,144.358261,194677900
2014-02-03,144.188069,144.512136,140.833916,141.109375,254837100
2014-02-04,141.741342,142.462404,141.060792,142.097824,165012400
2014-02-05,141.603616,142.235557,140.736727,141.919586,164230500
2014-02-06,142.251751,143.791092,141.960085,143.791092,132877600
2014-02-07,144.463496,145.727377,143.993589,145.573441,170787200
2014-02-10,145.589696,145.889472,145.192715,145.840851,92218800
2014-02-11,145.962395,147.809609,145.865165,147.436920,117814100
2014-02-12,147.655653,148.125560,147.218161,147.509827,94717700
2014-02-13,146.513315,148.425345,146.505217,148.271408,100542200
2014-02-14,148.133579,149.365058,147.995850,149.089600,96498400
2014-02-18,149.219308,149.470475,148.789912,149.267929,80460900
2014-02-19,148.879037,149.843156,148.157976,148.279510,126524300
2014-02-20,148.482043,149.494770,147.939222,149.154495,104998100
2014-02-21,149.438075,149.794557,148.911462,148.984375,118116400
2014-02-24,149.300281,150.815317,149.235465,149.810699,114063900
2014-02-25,149.932285,150.361680,149.259832,149.754044,117085000
2014-02-26,149.972789,150.369782,149.340848,149.762146,98677200
2014-02-27,149.543359,150.588488,149.373215,150.547989,93880800
2014-02-28,150.523696,151.625544,149.924170,150.928787,150842000
2014-03-03,149.600085,150.248233,148.870927,149.867447,167748500
2014-03-04,151.333872,152.297991,151.301470,151.973923,167545900
2014-03-05,152.103582,152.370943,151.868622,152.111679,88376900
2014-03-06,152.484339,152.808407,152.135954,152.460022,82516500
2014-03-07,153.091917,153.091917,151.852328,152.524780,114513500
2014-03-10,152.289850,152.500493,151.568789,152.443787,74939200
2014-03-11,152.670648,152.889401,151.341951,151.690323,99009100
2014-03-12,150.953113,151.787599,150.612826,151.730881,104824400
2014-03-13,152.184551,152.306086,149.608179,150.029465,155014300
2014-03-14,149.762137,150.531807,149.429959,149.608200,153919600
2014-03-17,150.361703,151.317725,150.296887,150.961243,98359500
2014-03-18,151.269087,152.241303,151.107041,152.038757,101804600
2014-03-19,152.054923,152.265578,150.264428,151.228546,176267300
2014-03-20,150.896406,152.225104,150.629044,152.111679,117241000
2014-03-21,152.750480,153.816501,151.383361,151.521698,163128000
2014-03-24,152.042451,152.229624,150.235908,150.895050,121411000
2014-03-25,151.660060,152.123908,150.764934,151.611237,103852000
2014-03-26,152.205193,152.449323,150.480031,150.520721,119843000
2014-03-27,150.341783,150.821897,149.650084,150.203445,142383000
2014-03-28,150.634646,151.700667,150.545133,150.943878,101642000
2014-03-31,151.904142,152.416813,150.968326,152.180817,99745000
2014-04-01,152.677239,153.279425,152.172714,153.189911,89193000
2014-04-02,153.385195,153.906000,153.100375,153.702560,78774000
2014-04-03,153.938554,153.979244,153.027149,153.499130,77435000
2014-04-04,154.337276,154.369820,151.440300,151.684418,169381000
2014-04-07,151.318222,151.570485,149.698852,150.008072,140803000
2014-04-08,149.942975,150.870658,149.397759,150.626541,112660000
2014-04-09,151.033450,152.294765,150.594014,152.245941,100254000
2014-04-10,152.237811,152.311046,148.860709,149.047882,172959000
2014-04-11,148.217887,149.259496,147.542466,147.705215,167251000
2014-04-14,148.860736,149.218791,147.648244,148.868881,132382000
2014-04-15,149.178021,149.999912,147.705110,149.894119,157093000
2014-04-16,150.927639,151.472855,150.260351,151.464722,105197000
2014-04-17,151.261258,152.099427,151.000849,151.676270,105255000
2014-04-21,151.717014,152.254097,151.529853,152.205261,68329000
2014-04-22,152.359844,153.311939,152.278476,152.896927,85790000
2014-04-23,152.839963,152.921331,152.416805,152.538864,73869000
2014-04-24,153.287522,153.303801,152.115709,152.848099,88170000
2014-04-25,152.351695,152.441209,151.253118,151.594894,100380000
2014-04-28,152.213411,152.734215,150.512660,152.075073,135121000
2014-04-29,152.563271,153.018974,152.237773,152.782990,84098000
2014-04-30,152.530728,153.393309,152.319143,153.238693,101508000
2014-05-01,153.165506,153.670032,152.766760,153.255020,93019000
2014-05-02,153.238733,153.914154,152.807442,153.035294,98122000
2014-05-05,152.286608,153.434009,151.863450,153.328217,75883000
2014-05-06,152.986422,153.092215,151.961092,151.993637,85454000
2014-05-07,152.506312,152.962014,151.367044,152.888779,106500000
2014-05-08,152.750498,153.840931,152.237827,152.726074,93618000
2014-05-09,152.750479,153.019008,152.034368,152.953918,83679000
2014-05-12,153.637472,154.516332,152.986464,154.443085,86940000
2014-05-13,154.646511,154.955742,154.426805,154.581421,66454000
2014-05-14,154.443054,154.516301,153.629296,153.849014,72367000
2014-05-15,153.539778,153.572335,151.749513,152.498169,154956000
2014-05-16,152.587694,153.092232,151.944831,153.027130,97458000
2014-05-19,152.734130,153.710636,152.595792,153.588577,63839000
2014-05-20,153.515365,153.531644,152.229639,152.620239,111644000
2014-05-21,153.059691,153.979241,153.035279,153.906006,89093000
2014-05-22,153.946660,154.597669,153.686264,154.280304,61549000
2014-05-23,154.418662,155.004569,154.280325,154.898788,61092800
2014-05-27,155.476542,155.899699,155.387028,155.850876,72010000
2014-05-28,155.850895,156.095024,155.476561,155.736969,66723000
2014-05-29,156.095046,156.567014,155.696300,156.542603,64377000
2014-05-30,156.396082,156.892474,156.265878,156.794815,76316000
2014-06-02,157.014537,157.047094,156.217058,156.973846,64656000
2014-06-03,156.591327,156.973794,156.444856,156.892426,65047000
2014-06-04,156.623932,157.299353,156.461183,157.209839,55529000
2014-06-05,157.388896,158.397948,156.811123,158.235199,92103000
2014-06-06,158.576980,159.032682,158.503745,158.992004,78696000
2014-06-09,158.967609,159.537237,158.821126,159.154770,65119000
2014-06-10,158.959420,159.203550,158.617644,159.171005,57129000
2014-06-11,158.601367,158.780394,158.259590,158.617645,68772000
2014-06-12,158.430442,158.519956,157.144704,157.494614,106350000
2014-06-13,157.803928,158.129439,157.299402,157.974823,82017000
2014-06-16,157.779467,158.438609,157.592306,158.104965,87424000
2014-06-17,157.885277,158.658344,157.714382,158.544418,84834000
2014-06-18,158.544401,159.797583,158.194479,159.708069,105267000
2014-06-19,159.846379,159.984729,159.333721,159.887070,85929000
2014-06-20,160.285332,160.342574,160.015504,160.211746,100587000
2014-06-23,160.252617,160.301674,159.868317,160.162674,70611000
2014-06-24,159.876426,160.669554,159.017884,159.197769,96237000
2014-06-25,158.862619,160.080933,158.829919,159.917404,82782000
2014-06-26,159.941902,159.958259,158.731773,159.802902,84312000
2014-06-27,159.426745,160.162644,159.353159,160.113586,71445100
2014-06-30,160.015473,160.399773,159.876473,160.031830,70201200
2014-07-01,160.424264,161.593520,160.367034,161.102921,90470000
2014-07-02,161.119231,161.470817,161.045645,161.266403,52475000
2014-07-03,161.724374,162.133202,161.601730,162.059616,52938800
2014-07-07,161.748891,161.879707,161.258292,161.495407,61696000
2014-07-08,161.201074,161.258316,160.064532,160.457016,108143000
2014-07-09,160.857643,161.323714,160.514229,161.176529,72992000
2014-07-10,159.623001,160.963958,159.492173,160.538773,99040000
2014-07-11,160.440681,160.874039,160.080910,160.759567,64243000
2014-07-14,161.577188,161.781602,161.438187,161.569016,58658000
2014-07-15,161.667059,161.977773,160.555046,161.266403,111307000
2014-07-16,161.986001,162.108645,161.421816,161.863358,79986400
2014-07-17,161.364608,161.977851,159.794696,160.023651,145398000
2014-07-18,160.546922,161.822464,160.456979,161.658936,124330000
2014-07-21,161.152001,161.487243,160.612344,161.356415,67592000
2014-07-22,161.904259,162.353973,161.789788,162.059616,67678000
2014-07-23,162.304962,162.591147,161.977904,162.419434,65612000
2014-07-24,162.574751,162.762809,162.264038,162.427567,56888000
2014-07-25,161.969689,162.108689,161.348274,161.667160,76837000
2014-07-28,161.699800,161.969628,160.767672,161.732513,69259000
2014-07-29,162.035125,162.264068,161.013054,161.037582,80466000
2014-07-30,161.609871,161.822470,160.391570,161.062042,104222000
2014-07-31,159.941862,160.080862,157.783248,157.881363,183479000
2014-08-01,157.447968,158.429153,156.638496,157.398911,189261000
2014-08-04,157.701539,158.870795,157.031067,158.535553,91340000
2014-08-05,157.889546,158.298375,156.425934,156.998291,152690000
2014-08-06,156.262392,157.717820,156.237863,157.047348,94818000
2014-08-07,157.758780,157.914137,155.804580,156.197052,135733000
2014-08-08,156.548570,158.110285,156.131557,158.003998,117014000
2014-08-11,158.600930,159.165115,158.388343,158.461929,74544000
2014-08-12,158.306549,158.748078,157.758720,158.241135,73632000
2014-08-13,158.862557,159.492157,158.592742,159.312271,69047000
2014-08-14,159.573943,160.064529,159.426758,160.064529,57371000
2014-08-15,160.645073,160.792245,158.878930,160.031830,139951000
2014-08-18,160.914902,161.446374,160.824959,161.372787,75424000
2014-08-19,161.765206,162.337564,161.438149,162.214920,59135000
2014-08-20,161.994127,162.844496,161.961426,162.648254,72763000
2014-08-21,162.787331,163.335160,162.656503,163.122574,67791000
2014-08-22,162.991738,163.277923,162.501152,162.869095,76107000
2014-08-25,163.645904,164.013847,162.836419,163.694962,63855000
2014-08-26,163.801193,164.201850,163.760308,163.801193,47298000
2014-08-27,163.882966,163.997450,163.482322,163.735794,47874000
2014-08-28,163.196115,163.752128,163.032586,163.645828,58330000
2014-08-29,163.899324,164.128267,163.384209,164.111923,65907000
2014-09-02,164.324554,164.349083,163.416954,164.030197,72426000
2014-09-03,164.659758,164.684287,163.711273,163.940216,57462000
2014-09-04,164.218240,164.823311,163.253411,163.703125,85236000
2014-09-05,163.670381,164.504394,163.048966,164.438980,102177000
2014-09-08,164.283653,164.520780,163.531410,164.013824,64146000
2014-09-09,163.866600,163.981071,162.640115,162.975357,88591000
2014-09-10,163.065311,163.694910,162.525667,163.588623,67251000
2014-09-11,162.934517,163.801232,162.811861,163.776703,66774400
2014-09-12,163.613166,163.629510,162.353967,162.820038,117409300
2014-09-15,162.844557,162.975385,162.206786,162.697372,76401000
2014-09-16,162.394874,164.218246,162.304932,163.923889,116201000
2014-09-17,164.161040,164.905099,163.327027,164.144684,151266000
2014-09-18,164.643404,165.044060,164.430817,165.019531,94990000
2014-09-19,165.544468,165.856622,164.534040,164.870850,121649000
2014-09-22,164.583380,164.608024,163.252575,163.597595,125553000
2014-09-23,163.006046,163.687875,162.611739,162.661026,111393000
2014-09-24,162.685660,164.041107,162.258500,163.934311,107276000
2014-09-25,163.507191,163.515414,161.231703,161.289200,150300000
2014-09-26,161.584967,162.973269,161.354954,162.570740,103547000
2014-09-29,161.174154,162.562455,161.050937,162.274933,95112000
2014-09-30,162.398198,162.899301,161.510999,161.847809,131302000
2014-10-01,161.584918,161.642427,159.292997,159.654449,177798000
2014-10-02,159.514787,160.237692,158.011491,159.679092,157285000
2014-10-03,160.747006,161.782077,160.254126,161.437057,121569000
2014-10-06,162.110709,162.324302,160.664910,161.248154,104778000
2014-10-07,160.418440,160.779893,158.726195,158.759048,147913000
2014-10-08,158.849404,161.765658,158.019715,161.535645,186461000
2014-10-09,161.281001,161.502804,158.200454,158.331894,210705000
2014-10-10,158.290769,159.079382,156.483518,156.524582,221909000
2014-10-13,156.458929,157.025739,153.863052,153.953415,230939000
2014-10-14,154.783070,155.933149,153.649425,154.191605,215847000
2014-10-15,152.105107,154.183448,149.443509,153.148376,380715000
2014-10-16,150.379938,154.093027,150.240289,153.016891,270391000
2014-10-17,154.783066,155.875635,154.125880,154.824142,214625000
2014-10-20,154.544831,156.450655,154.495544,156.327438,130011000
2014-10-21,157.461107,159.531237,157.296813,159.424454,154949000
2014-10-22,159.703762,160.114502,158.225097,158.290817,151822000
2014-10-23,159.876249,161.174187,159.580516,160.130905,154944000
2014-10-24,160.393820,161.412458,159.769500,161.363159,117927000
2014-10-27,160.788069,161.379535,160.213036,161.141312,82954000
2014-10-28,161.683521,162.997880,161.609578,162.989670,106736000
2014-10-29,163.104693,163.572930,161.667105,162.743240,142557000
2014-10-30,162.307789,164.254690,162.159916,163.786453,113330000
2014-10-31,165.758043,165.790909,164.928354,165.659470,146903000
2014-11-03,165.873125,166.308508,165.372022,165.749908,93600000
2014-11-04,165.306247,165.610203,164.345118,165.174820,93343000
2014-11-05,166.382387,166.423464,165.486978,166.218094,91709000
2014-11-06,166.259179,166.973862,165.643070,166.883499,107089000
2014-11-07,166.899901,167.253143,166.439875,167.039551,89540000
2014-11-10,167.072367,167.614533,166.866997,167.565247,66319000
2014-11-11,167.630980,167.836349,167.294170,167.729553,54499400
2014-11-12,167.047802,167.778918,167.014935,167.548904,90120300
2014-11-13,167.713165,168.263554,166.932762,167.737808,85357900
2014-11-14,167.663909,167.984285,167.351743,167.778915,80417500
2014-11-17,167.458491,168.058167,167.294185,167.885651,80441000
2014-11-18,167.943154,169.158939,167.943154,168.854996,76068100
2014-11-19,168.657853,168.855013,167.828164,168.583923,82373000
2014-11-20,167.795356,168.986511,167.729636,168.879715,72840300
2014-11-21,170.571905,170.736198,169.208247,169.783279,142327300
2014-11-24,170.185790,170.366516,169.972210,170.259720,65880800
2014-11-25,170.489735,170.695105,169.881849,170.136505,79108300
2014-11-26,170.284362,170.670458,170.070782,170.571884,62167800
2014-11-28,170.448731,170.760885,169.972272,170.210495,57890100
2014-12-01,169.553273,169.668280,168.715373,169.027527,103968400
2014-12-02,169.068579,170.325441,169.043936,170.120071,74507200
2014-12-03,170.292613,170.990863,170.128320,170.777283,68952000
2014-12-04,170.489778,171.089466,169.799738,170.588364,91316600
2014-12-05,170.760818,171.253711,170.497952,170.867615,91025500
2014-12-08,170.473379,170.966259,169.167218,169.725830,108588200
2014-12-09,167.885668,169.717575,167.507794,169.610779,125180100
2014-12-10,169.150730,169.208227,166.702713,166.891663,159856400
2014-12-11,167.483152,169.380766,167.343502,167.737808,159012800
2014-12-12,166.464536,167.433887,164.994093,165.026947,202330200
2014-12-15,165.922350,166.374166,163.293619,163.893295,189965800
2014-12-16,163.129308,166.267351,162.537842,162.578918,259543800
2014-12-17,163.014303,166.218067,162.891074,165.766251,253910100
2014-12-18,168.189576,174.950343,167.515957,169.865387,257633900
2014-12-19,170.513845,171.257264,169.836521,170.588196,245084600
2014-12-22,170.778240,171.372971,170.538702,171.372971,148318900
2014-12-23,171.951126,172.000685,171.315093,171.604202,122167900
2014-12-24,171.827231,172.091548,171.579424,171.620728,42963400
2014-12-26,172.066732,172.512786,172.017174,172.174118,57326700
2014-12-29,171.992404,172.611914,171.926322,172.405411,79643900
2014-12-30,171.984169,172.116322,171.405950,171.480301,73540800
2014-12-31,171.802444,171.967644,169.654805,169.778702,130333800
2015-01-02,170.472527,170.885534,168.655289,169.687805,121465900
2015-01-05,168.647066,168.812266,166.317716,166.623337,169632600
2015-01-06,166.928980,167.449373,164.260962,165.053940,209151400
2015-01-07,166.375567,167.449386,165.929525,167.110718,125346700
2015-01-08,168.514931,170.290867,168.498420,170.076096,147217800
2015-01-09,170.489057,170.505581,168.101881,168.713135,158567300
2015-01-12,168.845301,169.002245,166.788524,167.391510,144396100
2015-01-13,168.605776,169.729155,165.623869,166.920715,214553300
2015-01-14,164.913467,166.111196,164.021385,165.912949,192991100
2015-01-15,166.549007,166.862883,164.277471,164.393112,176613900
2015-01-16,164.186629,166.705971,164.004905,166.549026,211879600
2015-01-20,167.185016,167.449346,165.343011,166.904175,130991100
2015-01-21,166.441602,168.225793,165.979037,167.746704,122942700
2015-01-22,168.498384,170.373424,167.127200,170.241272,174356000
2015-01-23,169.985216,170.241291,169.175727,169.307892,117516800
2015-01-26,169.093165,169.795269,168.382793,169.704407,92009700
2015-01-27,167.655846,168.605755,166.639853,167.465866,134044600
2015-01-28,168.647053,168.746171,165.128243,165.318222,168514300
2015-01-29,165.516463,167.102406,164.112231,166.846344,173585400
2015-01-30,165.673419,166.995032,164.483958,164.748276,197729700
2015-02-02,165.243903,166.879406,163.434933,166.788544,163107000
2015-02-03,167.680624,169.208753,167.308921,169.200485,124212900
2015-02-04,168.440557,169.646541,168.101888,168.556198,134306700
2015-02-05,169.217041,170.406501,169.142702,170.257812,97953200
2015-02-06,170.621210,171.182905,169.266549,169.786942,125672000
2015-02-09,169.142695,169.861322,168.622303,169.027054,87219000
2015-02-10,170.059573,171.083821,169.068347,170.827759,96164200
2015-02-11,170.662562,171.356410,170.018273,170.926880,91087800
2015-02-12,171.719856,172.628475,170.959925,172.570648,97545900
2015-02-13,172.694513,173.330534,172.438439,173.280975,93670400
2015-02-17,172.967129,173.727072,172.719335,173.553604,76968200
2015-02-18,173.181872,173.644437,172.917542,173.570099,80652900
2015-02-19,172.975392,173.809661,172.834971,173.446213,91462500
2015-02-20,173.033224,174.561353,172.413714,174.487015,140896400
2015-02-23,174.239177,174.462204,173.859205,174.462204,74411100
2015-02-24,174.387843,175.156042,174.090478,174.957794,72472300
2015-02-25,174.833922,175.313012,174.470475,174.809143,73061700
2015-02-26,174.718241,174.875186,173.999602,174.602600,72697900
2015-02-27,174.503504,174.767835,173.958345,174.007904,108076000
2015-03-02,174.107040,175.164336,174.057481,175.106522,87491400
2015-03-03,174.676912,175.156001,173.528754,174.387802,110325800
2015-03-04,173.793161,173.867512,172.686307,173.652740,114497200
2015-03-05,173.974865,174.123554,173.338844,173.842712,76873000
2015-03-06,172.983679,173.413210,171.067335,171.397736,188128000
2015-03-09,171.595969,172.463273,171.439025,172.108093,89818900
2015-03-10,170.745174,170.827768,169.274859,169.316162,157121300
2015-03-11,169.572238,169.745706,168.837087,168.919693,110145700
2015-03-12,169.547433,171.133376,169.497874,171.067307,93993500
2015-03-13,170.794642,171.752808,168.985673,170.018188,162410900
2015-03-16,170.745200,172.380703,170.043084,172.289841,136099200
2015-03-17,171.554607,172.157593,170.968132,171.777634,94510400
2015-03-18,171.306846,174.511781,170.670813,173.842712,228808500
2015-03-19,173.429685,173.850947,172.661486,173.049713,117917300
2015-03-20,173.996513,175.083419,173.813978,174.577301,177715100
2015-03-23,174.585487,175.157982,174.237015,174.237015,71784500
2015-03-24,174.112586,174.568911,173.191618,173.257996,77805300
2015-03-25,173.465435,173.697750,170.677641,170.719116,159521700
2015-03-26,170.055341,171.225208,169.358383,170.312546,153067200
2015-03-27,170.196443,170.876790,170.005602,170.702560,118939000
2015-03-30,171.731342,173.083757,171.714757,172.785065,96180400
2015-03-31,171.963616,172.660574,171.216891,171.274963,126768700
2015-04-01,171.241822,171.266712,169.681982,170.669327,137303600
2015-04-02,170.602935,171.731327,170.420399,171.283295,86900900
2015-04-06,170.395562,172.951040,170.262819,172.436630,114368200
2015-04-07,172.461467,173.208193,171.947057,171.980240,81236300
2015-04-08,172.204224,173.000729,171.814265,172.560989,89351900
2015-04-09,172.395050,173.556625,171.905531,173.324310,85548900
2015-04-10,173.573273,174.311705,173.374153,174.270218,72722900
2015-04-13,174.129160,174.759740,173.432215,173.481995,74436600
2015-04-14,173.282911,173.996454,172.660636,173.813919,75099900
2015-04-15,174.278503,175.099898,174.195528,174.593781,99529300
2015-04-16,174.261896,175.050109,174.062764,174.543991,68934900
2015-04-17,173.357556,173.598163,171.756228,172.536148,191113200
2015-04-20,173.457094,174.444439,173.374132,174.112564,92189500
2015-04-21,174.792878,174.950523,173.606413,173.905106,72559800
2015-04-22,174.245282,174.942240,173.324315,174.759705,78264600
2015-04-23,174.361443,175.846613,174.245285,175.199448,102585900
2015-04-24,175.614338,175.871543,175.158001,175.606033,61327400
2015-04-27,176.170261,176.294711,174.685091,174.875931,79358100
2015-04-28,174.851051,175.481619,173.681171,175.431839,86863500
2015-04-29,174.543996,175.307318,173.905136,174.709946,125684900
2015-04-30,174.137478,174.527438,172.262347,172.959305,161304900
2015-05-01,173.739171,174.875869,173.639611,174.834381,103399700
2015-05-04,175.257562,175.913032,175.149710,175.332245,70927200
2015-05-05,175.091575,175.448353,173.183263,173.324310,113326200
2015-05-06,173.871957,174.178942,171.548794,172.610809,135060200
2015-05-07,172.511287,173.722655,172.179412,173.299500,88244900
2015-05-08,174.967161,175.780264,174.884186,175.581131,155877300
2015-05-11,175.539697,175.805195,174.668509,174.743179,75708100
2015-05-12,173.913428,174.759726,173.092021,174.220413,119727600
2015-05-13,174.626994,175.249269,174.021317,174.253632,94667900
2015-05-14,175.265869,176.161946,174.992066,176.070679,95934000
2015-05-15,176.261505,176.402553,175.780278,176.261505,76510100
2015-05-18,176.095570,177.058012,176.029192,176.809113,74549700
2015-05-19,176.925219,177.199022,176.468882,176.750977,72114600
2015-05-20,176.850582,177.373297,176.311282,176.626572,76857500
2015-05-21,176.485534,177.348416,176.319583,177.140991,64764600
2015-05-22,176.759309,177.174159,176.651457,176.717834,57433500
2015-05-26,176.228282,176.651437,174.402945,174.817795,124308600
2015-05-27,175.274171,176.709549,174.867613,176.477234,93214000
2015-05-28,176.170257,176.385974,175.589469,176.278122,74974600
2015-05-29,176.211725,176.253199,174.917394,175.182892,124919600
2015-06-01,175.846673,176.178548,174.751463,175.539688,93338800
2015-06-02,175.083338,176.054085,174.461063,175.365433,91531000
2015-06-03,175.896456,176.452353,175.340558,175.830078,87820900
2015-06-04,175.124769,175.780226,174.029559,174.344849,151882800
2015-06-05,174.195528,174.718243,173.390718,174.046188,121704700
2015-06-08,173.938331,174.087684,172.901206,172.975876,89063300
2015-06-09,172.950974,173.490286,172.320406,172.950974,105034700
2015-06-10,173.714325,175.406921,173.656253,175.025253,134551300
2015-06-11,175.464969,175.971087,175.232654,175.589432,73876400
2015-06-12,174.768031,175.464976,173.971513,174.245316,135382400
2015-06-15,173.108621,173.780676,172.403371,173.498581,124384200
2015-06-16,173.349248,174.527433,173.175018,174.444458,85308200
2015-06-17,174.726532,175.332222,173.706004,174.726532,126708600
2015-06-18,175.323934,177.008224,174.759744,176.543594,165867900
2015-06-19,176.301854,176.376888,175.384739,175.759918,130478700
2015-06-22,176.677002,177.243937,176.451890,176.660324,70696000
2015-06-23,176.868779,177.118902,176.393556,176.785400,68476800
2015-06-24,176.518578,176.893757,175.476408,175.501419,92307300
2015-06-25,176.001641,176.126696,174.892771,174.967804,97107400
2015-06-26,175.326323,175.568113,174.384210,174.934479,104174800
2015-06-29,173.458767,174.942816,171.191004,171.266037,202621300
2015-06-30,172.800085,172.850120,171.149291,171.624527,182925100
2015-07-01,173.191939,173.442062,172.216469,173.000183,135979900
2015-07-02,173.475444,173.642189,172.424929,172.841797,104373700
2015-07-06,171.557837,173.125252,171.357736,172.349884,117975400
2015-07-07,172.550019,173.558832,170.173866,173.433777,173820200
2015-07-08,172.099778,172.383245,170.290572,170.524017,164020100
2015-07-09,172.616683,172.875152,170.724112,170.832489,144113100
2015-07-10,172.825139,173.400419,170.874200,172.983551,129456900
2015-07-13,174.242509,175.001199,174.200820,174.892822,106069400
2015-07-14,174.851095,175.959965,174.792727,175.651474,81709600
2015-07-15,175.693230,176.151787,175.117950,175.593185,97914100
2015-07-16,176.643669,177.002182,176.401891,177.002182,106683300
2015-07-17,176.993825,177.210605,176.585303,177.152237,89030000
2015-07-20,177.377328,177.735828,176.927116,177.243927,70446800
2015-07-21,177.110513,177.368982,176.243434,176.543579,77965000
2015-07-22,175.859930,176.560278,175.826586,176.226776,88667900
2015-07-23,176.360168,176.460212,174.876119,175.234619,90509100
2015-07-24,175.334664,175.393019,173.083579,173.417068,117755000
2015-07-27,172.533302,173.041881,171.966355,172.408234,132361100
2015-07-28,173.241980,174.667674,172.416589,174.525940,123544800
2015-07-29,174.651036,175.951662,174.509302,175.726562,105791300
2015-07-30,175.217981,175.934994,174.601011,175.768250,91304400
2015-07-31,176.268455,176.293466,175.217952,175.501419,103266900
2015-08-03,175.468053,175.526408,173.958981,174.909439,113965700
2015-08-04,174.834462,175.293019,174.084104,174.567673,81820800
2015-08-05,175.459725,176.176738,174.859434,175.142914,85786800
2015-08-06,175.326299,175.434689,173.125237,173.708862,116030800
2015-08-07,173.550487,173.700553,172.474960,173.375397,117858000
2015-08-10,174.484273,175.643165,174.484273,175.559799,80270700
2015-08-11,174.225770,174.642638,173.216944,173.975647,126081400
2015-08-12,172.675083,174.367566,171.216045,174.184143,172123700
2015-08-13,174.025716,174.709386,173.425425,173.967361,89383300
2015-08-14,173.775610,174.676046,173.633876,174.601013,72786500
2015-08-17,174.009047,175.576462,173.550489,175.576462,79072600
2015-08-18,175.301286,175.651453,174.834396,175.067841,71692700
2015-08-19,174.325821,175.092856,172.875128,173.683853,172946000
2015-08-20,172.174828,173.658877,169.998777,170.057144,194327900
2015-08-21,168.189538,170.032100,164.679517,164.937973,346588500
2015-08-24,156.317161,164.646175,152.073435,157.992966,507244300
2015-08-25,162.936972,162.953650,155.841885,156.133698,369833100
2015-08-26,160.144030,162.403448,157.050864,162.128326,339257000
2015-08-27,164.262659,166.263620,162.753599,166.138565,274143900
2015-08-28,165.496568,166.613771,165.013000,166.146881,160414400
2015-08-31,165.171442,166.021856,164.254327,164.804596,163298800
2015-09-01,161.011049,162.386721,159.018421,159.885513,256000400
2015-09-02,162.261660,162.962008,160.427444,162.920319,160269300
2015-09-03,163.628948,165.121342,162.545102,163.037003,152087800
2015-09-04,160.785963,161.628031,159.752126,160.569183,207081000
2015-09-08,163.362203,164.754541,162.720223,164.604462,116025700
2015-09-09,166.180216,166.305271,162.036548,162.403381,149347700
2015-09-10,162.211674,164.429415,161.953218,163.287201,158611100
2015-09-11,162.895339,164.095921,162.186658,164.029221,119691200
2015-09-14,164.204307,164.254329,162.937025,163.420593,79452000
2015-09-15,163.920840,165.905136,163.378917,165.463257,113806200
2015-09-16,165.763439,167.089077,165.421604,166.897308,99581600
2015-09-17,166.763870,169.156688,166.146901,166.522079,276046600
2015-09-18,164.018764,166.507821,163.390211,163.800858,223657500
2015-09-21,164.630574,165.669773,163.599751,164.647339,105726200
2015-09-22,162.485067,162.971149,161.378808,162.510208,153890900
2015-09-23,162.677869,163.147187,161.672187,162.250458,92790600
2015-09-24,161.035235,162.124729,159.702706,161.663788,159378800
2015-09-25,163.122105,163.423811,160.750363,161.621964,155054800
2015-09-28,160.725126,160.834079,157.255516,157.565598,178515900
2015-09-29,157.783509,159.015474,156.660485,157.657791,159045600
2015-09-30,159.543510,160.767099,158.764110,160.599487,163452000
2015-10-01,160.976557,161.320169,159.082523,161.018463,131079000
2015-10-02,159.040691,163.448939,158.495937,163.423798,211003300
2015-10-05,164.647301,166.558100,164.538348,166.331818,126320800
2015-10-06,166.197763,166.759269,165.099893,165.761963,110274500
2015-10-07,166.692220,167.471632,165.502161,167.119644,124307300
2015-10-08,166.734096,168.913084,166.432390,168.628143,153055200
2015-10-09,168.770605,169.206392,168.100146,168.728699,107069200
2015-10-12,168.804127,169.089068,168.376716,168.887939,56395600
2015-10-13,168.158816,169.424311,167.655982,167.823593,88038700
2015-10-14,167.764925,168.343196,166.725726,167.019043,99106200
2015-10-15,167.681179,169.591979,167.312426,169.583603,134142200
2015-10-16,169.985815,170.371321,169.223168,170.354568,114580100
2015-10-19,169.709283,170.438400,169.399201,170.438400,76523900
2015-10-20,170.002611,170.832293,169.751187,170.220505,78448500
2015-10-21,170.639535,170.790382,168.996911,169.164536,102038000
2015-10-22,170.111539,172.231856,169.164528,172.022339,174911700
2015-10-23,173.690081,174.276727,172.893916,173.907974,144442300
2015-10-26,173.731969,173.790627,173.111792,173.480545,69033000
2015-10-27,172.810104,173.480563,172.466492,173.145340,77905800
2015-10-28,173.480542,175.139918,172.818472,175.114777,135906700
2015-10-29,174.611997,175.383020,174.494667,175.014267,90525500
2015-10-30,175.207003,175.525474,174.100757,174.259979,131076900
2015-11-02,174.586826,176.514377,174.461108,176.321625,86270800
2015-11-03,175.969674,177.386015,175.743391,176.832886,95246100
2015-11-04,177.126203,177.251909,175.760144,176.296509,96224500
2015-11-05,176.355203,176.816145,175.232192,176.120544,78408700
2015-11-06,175.776925,176.263007,174.704195,176.028336,110471500
2015-11-09,175.416535,175.567394,173.438688,174.385712,131008700
2015-11-10,173.908003,174.821509,173.639827,174.787979,75874600
2015-11-11,175.056092,175.106374,174.033646,174.100693,67846000
2015-11-12,173.061565,173.530882,171.653612,171.670364,121315200
2015-11-13,171.259732,171.527908,169.659014,169.742813,153577100
2015-11-16,169.558398,172.382691,169.441056,172.324020,117645200
2015-11-17,172.634103,173.514067,171.703845,172.198303,121123700
2015-11-18,172.676069,175.072951,172.634176,174.930481,121342500
2015-11-19,174.813104,175.198622,174.486257,174.779587,88220500
2015-11-20,175.533818,176.095324,175.039360,175.416489,94011500
2015-11-23,175.475193,175.978027,174.754452,175.215393,64931200
2015-11-24,174.209704,175.852328,173.824199,175.450058,98874400
2015-11-25,175.575758,175.776900,175.165099,175.424911,51980100
2015-11-27,175.517100,175.827194,175.039406,175.626053,37317800
2015-11-30,175.785234,175.902563,174.787928,174.896881,112822700
2015-12-01,175.525452,176.681994,175.248888,176.564651,97858400
2015-12-02,176.514366,176.832837,174.511378,174.762802,108441300
2015-12-03,175.014184,175.282360,171.594857,172.315598,166224200
2015-12-04,172.315687,175.969676,172.315687,175.676346,192913900
2015-12-07,175.349401,175.768436,173.648120,174.611908,102027100
2015-12-08,173.053170,174.561686,172.458134,173.438675,103372400
2015-12-09,172.801736,174.888523,171.117206,172.089371,162401500
2015-12-10,172.156379,173.840896,171.921721,172.533508,116128900
2015-12-11,170.421585,171.083655,168.879526,169.189621,211173300
2015-12-14,169.348877,170.170182,167.572159,170.044464,182385200
2015-12-15,171.553025,172.734707,170.019355,171.829590,154069600
2015-12-16,172.952611,174.645517,171.636847,174.343811,197017000
2015-12-17,174.653913,174.720961,171.670384,171.687149,173092500
2015-12-18,170.946904,171.081784,168.468311,168.628494,251393500
2015-12-21,169.800371,170.196610,168.687528,170.019562,99094300
2015-12-22,170.904748,171.857408,169.918371,171.562332,111026200
2015-12-23,172.565514,173.728938,172.472777,173.686783,110987200
2015-12-24,173.433891,173.948157,173.180971,173.400162,48539600
2015-12-28,172.708877,173.046095,171.933265,173.003952,65899900
2015-12-29,174.099944,175.179058,174.066228,174.850266,92640700
2015-12-30,174.605731,174.690042,173.467598,173.610916,63317700
2015-12-31,172.936560,173.577280,171.874298,171.874298,114877900
2016-01-04,169.024738,169.479984,167.422920,169.471558,222353500
2016-01-05,169.791895,170.213424,168.653775,169.758179,110845800
2016-01-06,167.212159,168.662220,166.588305,167.616837,152112600
2016-01-07,164.674573,166.453426,163.207647,163.595459,213436100
2016-01-08,164.556517,165.112938,161.513076,161.799713,209817200
2016-01-11,162.718647,163.055878,160.029302,161.959900,187941300
2016-01-12,163.401540,164.016969,161.142137,163.266647,172330500
2016-01-13,163.932670,164.278327,158.815313,159.194687,221168900
2016-01-14,159.801666,162.929405,158.208287,161.808136,240795600
2016-01-15,157.457957,159.135635,156.404135,158.334732,324846400
2016-01-19,160.147351,160.273804,156.977443,158.545532,195244400
2016-01-20,155.991056,158.073411,152.610397,156.513748,286547800
2016-01-21,156.985854,159.228379,155.662247,157.390518,195772900
2016-01-22,159.995578,160.821772,159.236831,160.619446,168319600
2016-01-25,160.113578,160.307477,157.997507,158.191406,130371700
2016-01-26,158.848998,160.627851,158.511780,160.349640,141036800
2016-01-27,159.826985,161.496237,157.702475,158.604553,185681700
2016-01-28,160.147330,160.349655,157.786764,159.430725,143798800
2016-01-29,160.197933,163.452138,160.079905,163.317245,210529300
2016-02-01,162.313973,164.042245,161.732261,163.258194,136061600
2016-02-02,161.833456,161.841882,159.793244,160.315948,182564900
2016-02-03,161.369745,161.681672,157.736167,161.277008,205054900
2016-02-04,160.779617,162.499449,160.147323,161.529938,139531800
2016-02-05,161.015662,161.588936,157.820465,158.452759,180788300
2016-02-08,156.614915,156.909978,154.111031,156.319839,191526700
2016-02-09,154.583184,157.601334,154.448292,156.328308,184513100
2016-02-10,157.154506,158.781603,156.066954,156.193420,148214100
2016-02-11,153.723242,155.207033,152.669420,154.161636,219058900
2016-02-12,155.932121,157.356879,155.089062,157.340027,127632400
2016-02-16,159.144060,160.020835,158.182975,159.995544,120250700
2016-02-17,161.158978,162.979987,161.032512,162.609039,136009500
2016-02-18,162.878803,162.937824,161.631081,161.943008,102343000
2016-02-19,161.167448,162.018932,160.560445,161.867188,114793000
2016-02-22,163.443690,164.354195,163.376244,164.210876,103640300
2016-02-23,163.553279,163.823064,162.018907,162.136948,111455300
2016-02-24,160.712207,163.157071,159.607803,162.878860,150812200
2016-02-25,163.325645,164.860017,162.566897,164.851578,110728300
2016-02-26,165.719918,165.812642,164.312000,164.472183,129833700
2016-02-29,164.489070,165.433291,162.988428,163.182327,125918100
2016-03-01,164.404764,167.102560,163.932654,167.018250,141799700
2016-03-02,166.706321,167.819151,166.293218,167.768570,102415000
2016-03-03,167.591546,168.443043,167.018272,168.426178,95172200
2016-03-04,168.620053,169.749761,167.793860,168.974136,129293600
2016-03-07,168.055201,169.513701,167.979329,169.109024,100219000
2016-03-08,168.038366,168.544193,167.102571,167.262741,123974900
2016-03-09,168.072048,168.434557,167.287998,168.088913,94801200
2016-03-10,168.577912,169.513707,166.402820,168.223816,156838700
2016-03-11,169.673829,170.980571,168.206916,170.938416,137964500
2016-03-14,170.432678,171.174560,170.103886,170.719315,73612000
2016-03-15,169.758226,170.744603,169.496880,170.441101,93169100
2016-03-16,169.960531,171.832122,169.918376,171.427444,129303200
2016-03-17,171.343179,173.020857,170.946941,172.515030,134278500
2016-03-18,173.014971,173.531890,172.701435,173.192932,138372400
2016-03-21,172.930224,173.667463,172.701420,173.438660,72926700
2016-03-22,172.667516,173.913204,172.506520,173.345444,97471900
2016-03-23,172.964107,173.150537,172.031955,172.201447,81052500
2016-03-24,171.176047,172.159041,170.955726,172.125137,84360900
2016-03-28,172.540419,172.752271,171.777759,172.226883,62408200
2016-03-29,171.820112,173.930159,171.515046,173.819992,92922900
2016-03-30,174.819884,175.302899,174.218220,174.582611,86365300
2016-03-31,174.489439,174.913142,173.997942,174.158951,94584100
2016-04-01,173.167494,175.531752,172.853945,175.345322,114423500
2016-04-04,175.269101,175.472483,174.472536,174.777603,63497000
2016-04-05,173.438719,174.786092,172.777743,173.031967,99662200
2016-04-06,173.031918,174.980956,172.853957,174.921631,91839800
2016-04-07,173.836953,174.192862,172.099767,172.828537,113859000
2016-04-08,174.006420,174.438605,172.760731,173.294601,95040600
2016-04-11,173.930185,174.625064,172.794663,172.887878,83757500
2016-04-12,173.057291,174.777525,172.616636,174.497879,115350600
2016-04-13,175.413077,176.345229,175.277489,176.260483,96336400
2016-04-14,176.319852,176.768977,175.921570,176.268997,65212900
2016-04-15,176.268951,176.404539,175.752032,176.074051,75761600
2016-04-18,176.074121,177.345231,175.413145,177.311340,82531000
2016-04-19,177.735030,178.124830,177.057103,177.870605,88316100
2016-04-20,177.912951,178.734936,177.438405,178.040070,81100300
2016-04-21,178.057032,178.167199,176.811343,177.082520,85695000
2016-04-22,176.726610,177.353683,176.184271,177.082520,99251700
2016-04-25,176.480853,176.819823,175.870720,176.777451,66166500
2016-04-26,177.141846,177.548610,176.565616,177.040161,75864200
2016-04-27,176.658758,177.794280,176.302849,177.404480,77329400
2016-04-28,176.650338,177.751955,175.379228,175.794449,97216200
2016-04-29,175.175825,175.523265,173.743706,174.845337,142424100
2016-05-02,175.345313,176.413040,174.913140,176.235092,62188000
2016-05-03,175.006376,175.243649,173.955587,174.701309,106422100
2016-05-04,173.709807,174.438577,173.226779,173.726746,92243800
2016-05-05,174.192838,174.548747,173.269168,173.692871,67619200
2016-05-06,172.921778,174.370849,172.769251,174.328476,89315000
2016-05-09,174.201356,174.904692,174.023395,174.472519,74374900
2016-05-10,175.175882,176.658843,175.108088,176.641891,77472200
2016-05-11,176.184303,176.718160,174.989456,174.989456,81727000
2016-05-12,175.658856,175.828347,174.031837,175.040253,89586300
2016-05-13,174.743734,175.294543,173.192978,173.514984,96474600
2016-05-16,173.684457,175.701276,173.625132,175.226730,77486800
2016-05-17,174.955511,175.243626,173.065786,173.591187,114924900
2016-05-18,173.243747,174.819923,172.557350,173.642029,120062100
2016-05-19,172.921723,173.328475,171.837044,173.040359,115430500
2016-05-20,173.650502,174.650448,173.599660,174.133530,104990400
2016-05-23,174.150467,174.430113,173.709825,173.896255,58682600
2016-05-24,174.709742,176.463879,174.684320,176.150330,93537800
2016-05-25,176.828281,177.760433,176.150354,177.345200,76621400
2016-05-26,177.480833,177.709637,177.082551,177.396088,55280700
2016-05-27,177.557027,178.167161,177.506185,178.158691,64211200
2016-05-31,178.429866,178.540033,177.260441,177.819733,109879400
2016-06-01,177.209633,178.362106,177.014733,178.184158,69936200
2016-06-02,177.785910,178.743471,177.311364,178.726532,63044700
2016-06-03,178.167191,178.540051,176.989296,178.192612,101757100
2016-06-06,178.548513,179.455244,178.387504,179.099335,64887000
2016-06-07,179.251877,179.938274,179.226456,179.378983,60974800
2016-06-08,179.514529,180.090772,179.387424,179.963654,66170900
2016-06-09,179.234883,179.836547,178.963720,179.717911,73786900
2016-06-10,178.345152,178.684109,177.472311,178.014664,113829200
2016-06-13,177.413035,178.268910,176.557159,176.641891,117751200
2016-06-14,176.260482,176.887567,175.345282,176.294373,125059300
2016-06-15,176.294402,177.412985,175.862230,176.048660,109124500
2016-06-16,176.048678,176.743558,174.218277,176.574066,149533100
2016-06-17,176.470162,176.495715,175.260589,175.916489,117055700
2016-06-20,177.875653,178.548579,176.964206,177.049393,82789600
2016-06-21,177.432688,177.960808,176.989741,177.551941,72461700
2016-06-22,177.730831,178.454878,177.117525,177.262344,95560500
2016-06-23,178.718972,179.621892,178.258999,179.570786,102731400
2016-06-24,173.454750,179.604843,172.679597,173.122543,333444400
2016-06-27,171.717058,171.725584,169.212724,170.021957,230775800
2016-06-28,171.623320,173.113993,171.316667,173.088440,159382400
2016-06-29,174.485430,176.265716,174.383216,176.035736,137328600
2016-06-30,176.504244,178.488958,175.950558,178.437851,165021900
2016-07-01,178.437807,179.298147,178.275960,178.812607,106055300
2016-07-05,177.986356,178.097096,176.930116,177.526382,109803700
2016-07-06,177.032321,178.710394,176.376421,178.591141,96021500
2016-07-07,178.770067,179.434480,177.713827,178.480453,85593800
2016-07-08,179.775229,181.385156,179.545236,181.138123,133971000
2016-07-11,181.598074,182.347673,181.393634,181.776947,73633900
2016-07-12,182.739500,183.395399,181.802500,183.097260,101275600
2016-07-13,183.514617,183.523130,182.586144,183.071671,87324100
2016-07-14,184.332394,184.562387,183.702060,184.093887,91230900
2016-07-15,184.656052,184.851966,183.403886,183.846832,107155400
2016-07-18,183.966051,184.502697,183.710505,184.340851,58725900
2016-07-19,183.923541,184.187601,183.676521,184.153534,54345700
2016-07-20,184.153478,185.158612,184.153478,184.920105,58159500
2016-07-21,184.809418,185.030884,183.778718,184.221664,67777300
2016-07-22,184.340906,185.099019,184.076846,185.047913,62787500
2016-07-25,184.843504,184.894611,183.966138,184.545364,55873100
2016-07-26,184.443093,184.988253,183.787193,184.630493,70080500
2016-07-27,185.005299,185.073445,183.667946,184.434586,84083900
2016-07-28,184.238658,184.937151,183.778684,184.647537,65035700
2016-07-29,184.383507,185.303454,184.102407,184.945694,79519400
2016-08-01,185.005312,185.397138,184.340898,184.792358,73311400
2016-08-02,184.545293,184.698627,182.773534,183.608307,92295500
2016-08-03,183.548722,184.204622,183.250595,184.144989,53993600
2016-08-04,184.255664,184.656017,182.500932,184.340851,46585500
2016-08-05,184.340902,185.891196,184.340902,185.848602,71892200
2016-08-08,186.035981,186.138207,185.473794,185.737854,39906500
2016-08-09,185.806022,186.342656,185.524922,185.848602,51251700
2016-08-10,185.959355,186.036015,185.039395,185.388641,57941100
2016-08-11,185.916741,186.495980,185.652681,186.248947,72504300
2016-08-12,185.942293,186.300066,185.686759,186.087112,61313500
2016-08-15,186.453389,186.972995,186.444875,186.623749,49813500
2016-08-16,186.206400,186.274533,185.661240,185.661240,53213600
2016-08-17,185.695301,186.146761,184.860527,186.010468,75134300
2016-08-18,185.984910,186.461923,185.874183,186.427856,52989300
2016-08-19,185.959360,186.334160,185.473833,186.155273,75443000
2016-08-22,185.916751,186.376737,185.550477,186.146744,61368800
2016-08-23,186.760022,187.058161,186.461882,186.521515,53399200
2016-08-24,186.376709,186.470409,185.150097,185.567490,71728900
2016-08-25,185.184196,185.857136,185.030876,185.439743,69224800
2016-08-26,185.627131,186.649304,184.204605,185.090485,122506300
2016-08-29,185.218302,186.266028,185.184222,186.001968,70502200
2016-08-30,185.916764,186.197864,185.141624,185.695297,58114500
2016-08-31,185.363058,185.482311,184.391992,185.167145,85269500
2016-09-01,185.158665,185.465318,184.017238,185.175705,97844200
2016-09-02,186.027507,186.436374,185.439754,186.010468,79293900
2016-09-06,186.291547,186.649307,185.576027,186.572647,56702100
2016-09-07,186.410796,186.734490,185.950823,186.555603,76554900
2016-09-08,186.223430,186.496017,185.823077,186.129730,74102900
2016-09-09,184.817906,184.869013,181.649160,181.674713,221589100
2016-09-12,180.916651,184.681664,180.848504,184.281311,168110900
2016-09-13,183.003576,183.267636,181.010336,181.632156,182828800
2016-09-14,181.683249,182.884309,181.010322,181.563995,134185500
2016-09-15,181.402142,183.761655,181.223255,183.378342,134427900
2016-09-16,182.763622,182.943412,181.984567,182.669449,155236400
2016-09-19,183.320201,183.962288,182.378468,182.703796,80250500
2016-09-20,183.559855,183.713950,182.678057,182.712296,69665300
2016-09-21,183.414363,184.946806,182.729468,184.767029,110284400
2016-09-22,185.777165,186.230905,185.528897,185.931259,76678700
2016-09-23,185.537513,185.674495,184.818379,184.912552,73630900
2016-09-26,184.082061,184.261838,183.217375,183.414291,89827300
2016-09-27,183.251618,184.647078,182.883481,184.552917,78494800
2016-09-28,184.775527,185.623087,183.816681,185.468979,87411000
2016-09-29,185.263521,185.665897,183.243087,183.791000,128070600
2016-09-30,184.621373,185.879865,184.373105,185.177856,117202900
2016-10-03,184.766918,184.955251,184.099136,184.732666,83512100
2016-10-04,184.844033,185.066618,183.200291,183.791000,119948100
2016-10-05,184.415932,185.032337,184.347441,184.604279,72816000
2016-10-06,184.381655,184.955251,183.842311,184.732666,62927400
2016-10-07,185.006676,185.177897,183.371491,184.099182,89788300
2016-10-10,185.058014,185.520311,184.912476,185.058014,51855000
2016-10-11,184.629958,184.698449,181.993119,182.720810,130367400
2016-10-12,182.857828,183.482803,182.361280,182.960571,73866100
2016-10-13,181.633576,182.857816,180.820269,182.361267,101357000
2016-10-14,183.337227,183.799537,182.378382,182.455429,93346200
2016-10-17,182.429750,182.686587,181.642125,181.821915,58275700
2016-10-18,183.414312,183.474233,182.583878,182.960571,76869700
2016-10-19,183.225931,183.756719,182.866364,183.448517,66519200
2016-10-20,183.097525,183.662565,182.446881,183.106094,73639800
2016-10-21,183.106123,183.277344,182.147264,183.191727,89089100
2016-10-24,184.064922,184.338886,183.619738,183.970749,60146600
2016-10-25,183.790954,184.047791,183.191675,183.354340,66542300
2016-10-26,182.532527,183.568420,182.292802,182.986267,75705500
2016-10-27,183.705418,183.739657,182.421244,182.498291,77220200
2016-10-28,182.472537,183.148863,181.248298,181.958862,140623200
2016-10-31,182.292768,182.515367,181.804789,181.967453,61272500
2016-11-01,182.292805,182.344182,179.441949,180.649063,122781800
2016-11-02,180.340854,180.726117,179.125171,179.561798,103330800
2016-11-03,179.775789,179.989818,178.465933,178.739883,88939300
2016-11-04,178.851217,179.690207,178.397476,178.543015,109122100
2016-11-07,178.543044,182.515423,178.543044,182.481171,109794900
2016-11-08,182.087371,183.868095,181.821977,183.303055,106772100
2016-11-09,181.813395,185.862834,181.787713,185.246429,258429000
2016-11-10,186.033977,186.898649,184.253254,185.708649,172113300
2016-11-11,184.989533,185.520321,184.338889,185.280609,100552700
2016-11-14,185.802856,186.008328,184.681346,185.426163,94580000
2016-11-15,185.811428,186.873016,185.605968,186.873016,91652600
2016-11-16,186.256625,186.753173,186.136769,186.522018,65617700
2016-11-17,186.676099,187.540772,186.564800,187.480850,69797200
2016-11-18,187.549333,187.720553,186.881550,187.061340,86265800
2016-11-21,187.634948,188.499620,187.489410,188.473938,72402600
2016-11-22,188.782091,189.021803,188.114322,188.842026,67429000
2016-11-23,188.328404,188.996174,188.131501,188.944809,56620200
2016-11-25,189.287268,189.681074,189.210208,189.646835,37872300
2016-11-28,189.338590,189.612540,188.653694,188.756424,76572500
2016-11-29,188.790703,189.578328,188.491057,189.124588,69886700
2016-11-30,189.741028,189.903693,188.610949,188.670883,113291800
2016-12-01,188.970502,188.970502,187.617837,187.977417,79040500
2016-12-02,188.063023,188.559571,187.712012,188.071579,74840300
2016-12-05,188.901999,189.544086,188.705096,189.201645,67837800
2016-12-06,189.389971,189.835155,188.910548,189.800903,59877400
2016-12-07,189.646852,192.343613,189.526996,192.283691,110738100
2016-12-08,192.257981,193.225383,191.992574,192.754517,99714400
2016-12-09,192.977119,193.935964,192.942867,193.918839,88005800
2016-12-12,193.824625,194.304061,193.276711,193.696213,102016100
2016-12-13,194.355481,195.485547,194.338355,194.988998,110477500
2016-12-14,194.689343,195.391351,192.942859,193.379486,142501800
2016-12-15,193.619204,195.031790,193.388049,194.175674,124972600
2016-12-16,194.631227,194.691514,193.477273,193.795898,156420200
2016-12-19,193.976741,194.639839,193.830345,194.217865,90341100
2016-12-20,194.751796,195.113496,194.519292,194.967087,89838800
2016-12-21,194.837930,195.010160,194.424576,194.424576,67909000
2016-12-22,194.278156,194.398718,193.692559,194.088699,56219100
2016-12-23,194.131726,194.381471,193.942283,194.372864,36697800
2016-12-27,194.639873,195.251291,194.622646,194.855164,42672500
2016-12-28,195.113469,195.130682,193.132794,193.244736,64095000
2016-12-29,193.313633,193.666712,192.762490,193.201691,48696100
2016-12-30,193.528952,193.615073,191.806627,192.495560,108998300
2017-01-03,193.795912,194.476237,192.796974,193.968155,91366500
2017-01-04,194.295410,195.268527,194.286803,195.122131,78744400
2017-01-05,194.855145,195.122103,194.174819,194.967087,78379000
2017-01-06,195.079015,196.129633,194.536479,195.664612,71559900
2017-01-09,195.406289,195.544078,194.984314,195.018768,46939700
2017-01-10,195.035982,195.871310,194.631235,195.018768,63771900
2017-01-11,194.932636,195.569901,194.269537,195.569901,74650000
2017-01-12,195.053222,195.268513,193.727038,195.079056,72113200
2017-01-13,195.251293,195.828270,195.216852,195.526871,62717900
2017-01-17,194.889528,195.294275,194.450340,194.837860,61240800
2017-01-18,195.087674,195.311585,194.536531,195.268524,54793300
2017-01-19,195.345979,195.483768,194.114524,194.545105,66608800
2017-01-20,195.225449,195.750759,194.596804,195.259903,129168600
2017-01-23,195.259881,195.320155,193.993972,194.751785,75061600
2017-01-24,194.967053,196.413812,194.855111,196.000458,95555300
2017-01-25,196.947741,197.696960,196.784118,197.696960,84437700
2017-01-26,197.550539,197.817511,197.214687,197.490265,59970700
2017-01-27,197.567803,197.714199,196.999433,197.180283,59711100
2017-01-30,196.491329,196.517163,194.975689,195.957413,79737300
2017-01-31,195.466544,196.000473,194.898187,195.940186,75880800
2017-02-01,195.940214,196.853044,195.432132,196.017715,79117700
2017-02-02,196.017714,196.431081,195.328795,196.146896,69657600
2017-02-03,197.051152,197.679797,196.741133,197.498947,80563200
2017-02-06,197.094161,197.490301,196.809976,197.145828,57790100
2017-02-07,197.533332,197.774457,196.964962,197.154419,57931200
2017-02-08,197.154521,197.542041,196.611984,197.412872,51566200
2017-02-09,197.412803,198.885383,197.412803,198.583984,65955200
2017-02-10,198.928442,199.591541,198.601196,199.367630,66015900
2017-02-13,199.858448,200.711003,199.832614,200.452652,55182100
2017-02-14,200.271846,201.262191,199.927387,201.253571,71109000
2017-02-15,201.038305,202.493671,200.986637,202.304214,86785800
2017-02-16,202.329991,202.510841,201.382721,202.131927,84722400
2017-02-17,201.468853,202.450577,201.451626,202.450577,77204100
2017-02-21,202.820937,203.828495,202.812317,203.656265,88946100
2017-02-22,203.251460,203.699254,203.087837,203.475357,62115200
2017-02-23,203.992103,204.009317,202.855363,203.613190,74615900
2017-02-24,202.769204,203.914538,202.726143,203.871490,82381600
2017-02-27,203.785362,204.362339,203.535631,204.190109,56515400
2017-02-28,203.811237,204.052362,203.251487,203.639008,96961900
2017-03-01,205.292472,206.954522,205.275245,206.489487,149158200
2017-03-02,206.299980,206.308600,205.137419,205.189087,70246000
2017-03-03,205.102947,205.481860,204.724033,205.318237,81974300
2017-03-06,204.526014,205.059930,204.104039,204.706863,55391500
2017-03-07,204.405432,204.758512,203.888730,204.095413,65103700
2017-03-08,204.388182,204.646533,203.578687,203.716476,78168800
2017-03-09,203.837034,204.302069,203.010326,203.974823,90683900
2017-03-10,204.930791,204.973852,203.742383,204.689667,81991700
2017-03-13,204.629361,204.836045,204.302128,204.792984,57256800
2017-03-14,204.250447,204.302128,203.397905,204.009323,59880800
2017-03-15,204.577674,206.196663,204.345156,205.774689,96081800
2017-03-16,205.912455,205.989957,205.042686,205.369919,78344000
2017-03-17,205.632013,205.822294,205.009277,205.009277,89002100
2017-03-20,205.009265,205.294686,204.395187,204.784393,52537000
2017-03-21,205.389822,205.510909,202.025329,202.155060,131809300
2017-03-22,202.189639,202.916159,201.566904,202.630737,97569200
2017-03-23,202.630747,203.547548,202.042616,202.414520,100410300
2017-03-24,202.717289,203.288118,201.489120,202.267532,112504900
2017-03-27,200.598209,202.319381,200.321445,202.059906,87454500
2017-03-28,201.757239,203.954101,201.644796,203.530304,93483900
2017-03-29,203.244846,203.954064,203.019962,203.720535,61950400
2017-03-30,203.660044,204.568201,203.487065,204.369263,56737900
2017-03-31,204.031915,204.559509,203.841634,203.893539,73733100
2017-04-03,203.945418,204.144343,202.310741,203.538910,85546500
2017-04-04,203.253503,203.755152,202.872941,203.668655,56466200
2017-04-05,204.343278,205.320629,202.855634,203.063217,108800600
2017-04-06,203.201625,204.153016,202.760513,203.634079,69135800
2017-04-07,203.383220,204.118397,202.942121,203.426468,74412300
2017-04-10,203.564864,204.343276,203.019967,203.547562,67615300
2017-04-11,203.167001,203.409174,201.817746,203.305389,88045300
2017-04-12,203.028611,203.218892,202.189649,202.414520,81864400
2017-04-13,202.077266,202.812443,201.099915,201.099915,92880400
2017-04-17,201.618820,202.881592,201.419894,202.881592,68405400
2017-04-18,202.146438,202.812421,201.592897,202.276169,83225800
2017-04-19,202.838369,203.210274,201.679382,201.904266,68699900
2017-04-20,202.518318,203.988673,202.198307,203.547562,92572200
2017-04-21,203.469677,203.521569,202.500984,202.898834,110389800
2017-04-24,205.139000,205.337939,202.872944,205.130356,119209900
2017-04-25,205.770388,206.669887,205.683892,206.323929,76698300
2017-04-26,206.289339,207.171550,206.150964,206.194199,84702500
2017-04-27,206.514205,206.669882,205.830920,206.367172,57410300
2017-04-28,206.626668,206.652614,205.787706,205.917450,63532800
2017-05-01,206.436386,206.860196,206.021234,206.436386,66882500
2017-05-02,206.574804,206.695890,206.107759,206.514267,57375700
2017-05-03,206.514198,206.609338,205.588739,206.263367,73137700
2017-05-04,206.566058,206.643897,205.657902,206.505508,61462700
2017-05-05,206.877474,207.335875,206.436363,207.318573,62001300
2017-05-08,207.361789,207.508822,206.860141,207.283951,48385700
2017-05-09,207.543476,207.742401,206.747748,207.093719,51363200
2017-05-10,207.050424,207.465576,206.842841,207.465576,54293800
2017-05-11,207.015832,207.206113,205.960643,207.041779,62358300
2017-05-12,206.790941,207.085007,206.427681,206.695801,53912700
2017-05-15,207.119679,207.958642,207.102377,207.837555,61918900
2017-05-16,208.131548,208.157494,207.257995,207.647202,51241800
2017-05-17,207.647244,207.647244,203.902188,203.962738,172174100
2017-05-18,203.884881,205.632000,203.625406,204.784393,107047700
2017-05-19,205.268772,206.782362,205.216880,206.116379,115011400
2017-05-22,206.626696,207.327283,206.557515,207.162949,61010600
2017-05-23,207.534826,207.785657,207.154265,207.621323,48341700
2017-05-24,207.854819,208.209421,207.517492,208.105637,46927700
2017-05-25,208.615888,209.377012,208.408319,209.100235,64071700
2017-05-26,208.909961,209.221328,208.832122,209.057007,46629900
2017-05-30,208.736993,209.126199,208.581316,208.875381,35201900
2017-05-31,209.169460,209.204063,208.131572,208.823502,91796000
2017-06-01,209.281909,210.501433,208.996487,210.484131,68962000
2017-06-02,210.536011,211.340383,210.241945,211.184692,88666100
2017-06-05,211.011736,211.297157,210.830099,211.029037,44698800
2017-06-06,210.466830,211.020371,210.276549,210.354401,50375400
2017-06-07,210.691760,210.968524,210.025777,210.743652,54144300
2017-06-08,210.838722,211.323069,210.319772,210.847366,65950700
2017-06-09,211.115506,211.911220,209.264602,210.527374,132256400
2017-06-12,210.285206,210.536023,209.636524,210.484131,86108100
2017-06-13,211.020408,211.565305,210.674450,211.513412,60067000
2017-06-14,211.781524,211.790168,210.423611,211.245285,78602300
2017-06-15,209.895970,210.959817,209.619206,210.838730,66464900
2017-06-16,210.997802,211.049948,210.006999,210.884811,84553100
2017-06-19,211.710501,212.701304,211.614896,212.640472,65123800
2017-06-20,212.284066,212.292752,211.188972,211.206345,56906400
2017-06-21,211.597499,211.710476,210.684913,211.154236,55977600
2017-06-22,211.162928,211.658324,210.884802,211.058624,44148100
2017-06-23,211.119491,211.640958,210.737073,211.310699,66986800
2017-06-26,211.979905,212.397095,211.241156,211.449738,56700500
2017-06-27,211.232460,211.527973,209.728875,209.746262,82247700
2017-06-28,210.763156,211.823492,210.528488,211.623596,70042600
2017-06-29,211.771306,211.823451,208.555541,209.763626,106949700
2017-06-30,210.571916,210.945647,209.963531,210.154739,86820700
2017-07-03,211.093421,211.527985,210.511108,210.511108,39153800
2017-07-05,210.876126,211.206385,210.067831,210.997803,54427600
2017-07-06,210.233016,210.354693,208.885867,209.068390,65400800
2017-07-07,209.641971,210.571929,209.077031,210.424179,57972300
2017-07-10,210.424133,211.023832,210.119933,210.650101,36663300
2017-07-11,210.650165,210.806615,209.329102,210.493729,50354600
2017-07-12,211.458443,212.240652,211.458443,212.075516,59610400
2017-07-13,212.084239,212.544875,211.858258,212.431885,39471600
2017-07-14,212.431880,213.779029,212.336276,213.422684,60262700
2017-07-17,213.344446,213.726863,213.222769,213.396591,33531900
2017-07-18,212.988056,213.561682,212.649097,213.509537,42742500
2017-07-19,213.822459,214.674199,213.813759,214.665512,51034300
2017-07-20,214.917529,215.039207,214.213539,214.761093,47135200
2017-07-21,214.187498,214.595989,213.961517,214.569916,82340800
2017-07-24,214.491645,214.656781,214.048395,214.517731,46622300
2017-07-25,215.265153,215.369457,214.813217,215.039185,54915600
2017-07-26,215.326055,215.360814,214.787201,215.047928,47575400
2017-07-27,215.508552,215.543311,213.526932,214.848007,70766600
2017-07-28,214.370027,214.726372,213.918091,214.596008,50088400
2017-07-31,214.995741,215.091346,214.265679,214.474274,65838700
2017-08-01,215.074024,215.108783,214.430866,214.952347,55050400
2017-08-02,215.082698,215.195689,214.126654,215.056625,47211200
2017-08-03,214.943636,214.969709,214.361323,214.639450,40856000
2017-08-04,215.126153,215.360807,214.648130,215.030548,60191800
2017-08-07,215.100100,215.430359,214.995796,215.430359,31995000
2017-08-08,215.117428,216.334213,214.526429,214.900146,61719400
2017-08-09,214.213608,214.943671,213.857263,214.891525,62632600
2017-08-10,214.057042,214.187419,211.806009,211.858154,120479500
2017-08-11,212.084207,212.762125,211.849540,212.171112,74869900
2017-08-14,213.448762,214.491711,213.414003,214.274429,73291900
2017-08-15,214.656812,214.674198,213.944135,214.248322,55242700
2017-08-16,214.769820,215.169624,214.196194,214.622070,56715500
2017-08-17,214.013619,214.326505,211.275864,211.275864,128490400
2017-08-18,211.110756,212.231936,210.502370,210.945633,136748000
2017-08-21,210.884856,211.371565,210.180866,211.110825,65469700
2017-08-22,211.693097,213.474796,211.675711,213.318359,63140100
2017-08-23,212.353678,212.979450,212.205928,212.553574,50203800
2017-08-24,212.935933,213.092370,211.849526,212.058121,50741700
2017-08-25,212.849073,213.466159,212.405824,212.553574,64445900
2017-08-28,213.083678,213.109751,212.145020,212.562210,40565600
2017-08-29,211.249859,213.066330,211.136869,212.805603,51135700
2017-08-30,212.788219,214.083222,212.605697,213.813782,62030800
2017-08-31,214.430821,215.343406,213.848508,215.100052,103803900
2017-09-01,215.473798,215.830143,215.256516,215.404266,62007000
2017-09-05,214.900142,215.126123,212.892462,213.857193,91398800
2017-09-06,214.535135,214.917553,214.004967,214.587280,57916900
2017-09-07,214.891460,214.908846,214.152697,214.561188,58034700
2017-09-08,214.274416,214.769825,214.065835,214.309189,63832800
2017-09-11,215.578081,216.673189,215.560708,216.594971,71364800
2017-09-12,216.960026,217.359817,216.777504,217.325058,56896000
2017-09-13,217.038278,217.464155,216.925287,217.429382,59228000
2017-09-14,217.107761,217.559711,216.933939,217.359802,95446300
2017-09-15,217.215746,217.739802,217.110937,217.652466,95432400
2017-09-18,218.019278,218.464727,217.731041,218.115356,46235200
2017-09-19,218.359897,218.421044,218.010526,218.333694,47108100
2017-09-20,218.421066,218.525874,217.416602,218.412323,59574100
2017-09-21,218.255093,218.342429,217.652417,217.827103,48211400
2017-09-22,217.530163,218.036760,217.503961,217.870804,51214000
2017-09-25,217.617451,217.966835,216.682877,217.425293,57064400
2017-09-26,217.853317,218.097879,217.320518,217.556351,54082000
2017-09-27,218.255112,218.787911,217.372929,218.403595,81001400
2017-09-28,218.124062,218.744210,218.036726,218.665604,44778800
2017-09-29,218.656843,219.512824,218.473429,219.434204,85578000
2017-10-02,219.661305,220.386261,219.486606,220.386261,59023000
2017-10-03,220.386259,220.884112,220.307639,220.857910,66810200
2017-10-04,220.709447,221.364527,220.595896,221.119965,55953600
2017-10-05,221.451869,222.447589,221.154902,222.430130,63522800
2017-10-06,221.984646,222.465040,221.722625,222.176804,80646000
2017-10-09,222.403913,222.465047,221.547933,221.809967,35803100
2017-10-10,222.377698,222.770743,221.836156,222.395157,43057400
2017-10-11,222.299105,222.744568,222.133163,222.744568,47674300
2017-10-12,222.430116,222.779486,222.176811,222.412643,47065100
2017-10-13,222.849366,222.962918,222.412647,222.683411,54800400
2017-10-16,222.910560,223.172581,222.569919,222.980423,38221700
2017-10-17,222.927989,223.181294,222.709629,223.137619,31561000
2017-10-18,223.513185,223.556860,223.163815,223.355972,40888300
2017-10-19,222.578635,223.452075,222.159388,223.417130,61903800
2017-10-20,224.211921,224.596236,223.399615,224.570007,89176400
2017-10-23,224.893244,224.919446,223.618003,223.696609,63915300
2017-10-24,224.124621,224.325495,223.731562,224.089676,66935900
2017-10-25,223.757784,223.871335,221.853692,222.980423,103715300
2017-10-26,223.591782,223.862533,223.146319,223.268600,69798000
2017-10-27,224.011044,225.251340,223.277358,225.094101,85562500
2017-10-30,224.011038,224.998029,223.958634,224.255600,54285700
2017-10-31,224.631213,224.858316,224.308045,224.605011,60304800
2017-11-01,225.382370,225.722998,224.535133,224.901962,54202700
2017-11-02,224.832106,225.129072,223.766509,224.989319,56449500
2017-11-03,225.146519,225.784140,224.736002,225.740479,59589700
2017-11-06,225.609436,226.220854,225.539573,226.089844,49652600
2017-11-07,226.194654,226.526565,225.426023,225.932632,57502200
2017-11-08,225.757922,226.413002,225.478415,226.316910,50469600
2017-11-09,225.111595,225.688068,223.914960,225.495911,95085500
2017-11-10,225.111569,225.600693,224.797117,225.425995,59984700
2017-11-13,224.744752,225.862753,224.709807,225.635651,50228600
2017-11-14,224.832080,225.216396,224.054706,225.111588,61315200
2017-11-15,224.142076,224.666145,223.277379,223.984863,80811500
2017-11-16,224.928127,226.255772,224.884466,225.888916,67777000
2017-11-17,225.539596,225.862764,225.146537,225.225143,75756800
2017-11-20,225.469709,225.801594,225.225120,225.609436,48075500
2017-11-21,226.378087,227.269013,225.574538,227.085571,69176800
2017-11-22,227.094291,227.225302,226.718718,226.884674,45033400
2017-11-24,227.373819,227.513572,227.234065,227.408737,27856500
2017-11-27,227.452394,227.749360,227.094281,227.295181,52274900
2017-11-28,227.758114,229.627261,227.662022,229.601059,98971700
2017-11-29,229.732068,230.264880,229.015868,229.461304,77512100
2017-11-30,230.378415,232.378573,230.299809,231.470215,127894400
2017-12-01,231.251870,231.732251,227.758112,230.989822,164390900
2017-12-04,232.605661,233.033637,230.657881,230.710312,94040600
2017-12-05,229.880554,231.592488,229.749544,229.880554,77994500
2017-12-06,229.976614,230.352213,229.461288,229.924210,75898600
2017-12-07,230.649139,230.963565,229.662149,230.649139,77218600
2017-12-08,231.601227,231.915653,230.614237,231.906937,76563900
2017-12-11,232.605652,232.666799,231.880709,232.605652,83077500
2017-12-12,233.391808,233.487900,232.640663,233.016235,85195800
2017-12-13,233.260754,233.697474,232.902641,232.989990,102905400
2017-12-14,233.286976,233.400527,231.985560,232.037964,100666700
2017-12-15,233.039669,234.435533,232.986997,233.970245,144610300
2017-12-18,235.366062,235.805014,235.260717,235.453857,83653600
2017-12-19,235.699689,235.743573,234.479390,234.549637,82382900
2017-12-20,235.515350,235.568023,234.128274,234.426758,76751500
2017-12-21,235.050014,235.620673,234.663734,234.909546,67032300
2017-12-22,234.927092,234.962215,234.312548,234.848083,78720900
2017-12-26,234.444250,234.786645,234.303809,234.567169,45244400
2017-12-27,234.734023,235.041295,234.409203,234.681351,57751000
2017-12-28,235.181775,235.208111,234.795495,235.164200,45116100
2017-12-29,235.743593,235.761141,234.084368,234.277481,96007400
2018-01-02,235.137871,235.989439,234.751591,235.954315,86655700
2018-01-03,236.121057,237.595957,236.121057,237.446701,90070400
2018-01-04,238.087684,238.930465,237.508264,238.447601,80636400
2018-01-05,239.237634,240.159422,238.746010,240.036530,83524000
2018-01-08,239.939913,240.633465,239.650217,240.475449,57319200
2018-01-09,240.896886,241.643110,240.615951,241.019806,57254000
2018-01-10,240.264843,240.914510,239.597654,240.651123,69574300
2018-01-11,241.204166,242.406891,241.037363,242.406891,62361500
2018-01-12,242.670311,244.153945,242.371800,243.987167,90816100
2018-01-16,245.242492,245.892132,242.459524,243.153076,106555100
2018-01-17,244.083642,245.856998,243.153066,245.470718,113258800
2018-01-18,245.356651,245.778028,244.566516,245.058167,100728000
2018-01-19,245.637530,246.173065,245.058137,246.173065,140920100
2018-01-22,245.962480,248.174789,245.909781,248.174789,91322400
2018-01-23,248.218553,248.991113,247.893733,248.701416,97084700
2018-01-24,249.342386,249.939382,247.428561,248.604950,134816100
2018-01-25,249.465293,249.561850,247.920173,248.710281,84587300
2018-01-26,249.544217,251.633633,249.289617,251.589722,107743100
2018-01-29,251.019133,251.458085,249.763737,249.921753,90118300
2018-01-30,248.095713,249.974414,246.884201,247.358276,131796400
2018-01-31,248.209846,248.710231,246.410127,247.481171,108364800
2018-02-01,246.752513,248.499534,246.410117,247.200226,90102500
2018-02-02,245.883446,246.015153,241.783648,241.818771,173174800
2018-02-05,240.062927,242.169892,231.160965,231.705261,294681800
2018-02-06,228.202369,236.770721,227.113777,236.270309,355026800
2018-02-07,235.717266,239.105963,234.909582,234.988617,167376100
2018-02-08,235.287087,235.427555,226.139315,226.174438,246449500
2018-02-09,228.957371,231.424279,222.039496,229.571915,283565300
2018-02-12,231.617441,234.409196,229.712404,232.943085,143736000
2018-02-13,231.740393,234.066834,231.160973,233.522537,81223600
2018-02-14,232.038831,237.034108,232.030044,236.674164,120735700
2018-02-15,238.412436,239.702956,235.954288,239.694168,111200300
2018-02-16,239.070818,241.704530,239.026907,239.764343,160420100
2018-02-20,238.816283,240.256059,237.473090,238.263199,86369700
2018-02-21,238.702131,241.177827,236.981446,237.078003,98883700
2018-02-22,237.999874,239.711771,236.718141,237.385330,110511300
2018-02-23,238.605587,241.169052,238.131511,241.169052,92766400
2018-02-26,242.240056,244.066112,241.651875,243.969528,86491400
2018-02-27,244.153852,244.864979,240.861712,240.923172,99099200
2018-02-28,242.020665,242.468405,238.166679,238.482712,121907800
2018-03-01,238.271986,239.817106,233.522521,235.014969,176855100
2018-03-02,233.346856,236.788251,232.486527,236.226379,139083200
2018-03-05,235.041236,239.571224,234.935865,238.956680,97307400
2018-03-06,239.931144,240.010179,238.069992,239.562439,79213200
2018-03-07,237.402890,239.825888,237.209750,239.474731,87063500
2018-03-08,240.150621,240.756377,239.158612,240.633484,66901200
2018-03-09,242.038210,244.821152,241.722151,244.821152,113625300
2018-03-12,245.110835,245.734139,244.127560,244.513840,71924800
2018-03-13,245.672712,246.173123,242.327899,242.933655,91968900
2018-03-14,243.890560,244.074912,241.133955,241.687012,105895100
2018-03-15,242.196190,242.837043,240.923218,241.423630,83433000
2018-03-16,241.949825,242.734302,241.632526,241.685410,100343700
2018-03-19,240.936251,241.861731,236.767123,238.415375,109208400
2018-03-20,238.811993,239.455440,238.142105,238.820816,59757300
2018-03-21,238.776711,240.865672,238.150910,238.362442,78709600
2018-03-22,236.141281,236.987437,232.130803,232.404068,148785900
2018-03-23,232.844769,233.170890,227.256541,227.450455,183534800
2018-03-26,231.046649,233.955324,228.649185,233.673264,141956100
2018-03-27,234.607653,235.136484,228.146827,229.698135,129941400
2018-03-28,229.830343,231.496240,227.917649,229.019424,146452300
2018-03-29,230.156427,233.805520,229.028211,231.945709,111601600
2018-04-02,231.416873,231.928112,224.471291,226.939270,186286300
2018-04-03,228.173283,230.323951,226.384001,229.847977,119956900
2018-04-04,226.304674,233.012270,226.172466,232.307144,123715300
2018-04-05,234.061167,235.021939,232.977037,234.140518,82652600
2018-04-06,232.183736,233.673311,227.406426,228.922470,179521200
2018-04-09,230.376826,233.435356,229.116402,230.050705,105442900
2018-04-10,232.932949,234.493080,231.795936,233.708603,103529000
2018-04-11,232.227779,234.140473,232.157277,232.483398,91140200
2018-04-12,233.805505,235.339168,233.629211,234.396042,68890500
2018-04-13,235.700622,235.815210,232.703798,233.708603,85079200
2018-04-16,235.339224,236.396939,234.519510,235.630081,63405300
2018-04-17,237.392920,238.750315,236.881708,238.150955,64682000
2018-04-18,238.591564,239.129217,237.868793,238.327148,57303900
2018-04-19,237.674912,237.877648,235.973777,237.005051,77655900
2018-04-20,236.934511,237.154866,234.113957,234.995377,99953100
2018-04-23,235.568418,236.123717,233.884902,234.960236,65558000
2018-04-24,235.982598,236.202953,230.297428,231.795853,112885500
2018-04-25,231.734151,232.809484,229.918428,232.368774,103840900
2018-04-26,233.391239,235.559525,232.950529,234.730988,67731900
2018-04-27,235.339197,235.638877,234.017067,234.951370,57053600
2018-04-30,235.568360,236.123659,233.073926,233.144455,82182300
2018-05-01,232.580401,233.664558,231.029093,233.558792,74203400
2018-05-02,233.364851,234.175743,231.602011,231.989838,86368900
2018-05-03,231.161294,232.130834,228.331915,231.478592,136311500
2018-05-04,230.508997,235.154098,230.182876,234.475388,91222100
2018-05-07,235.242235,236.238217,234.554702,235.268677,55304900
2018-05-08,234.898468,235.630035,233.708546,235.268677,67499200
2018-05-09,235.938609,237.868922,235.418574,237.542801,59666100
2018-05-10,238.283152,240.090079,238.177386,239.763931,72063900
2018-05-11,239.887347,240.759944,239.376108,240.495529,59871500
2018-05-14,240.927406,241.579648,240.063604,240.610107,54790600
2018-05-15,239.384921,239.402539,238.009907,238.953033,87036100
2018-05-16,238.988314,240.416211,238.961846,239.957855,53942600
2018-05-17,239.693436,240.830476,238.979488,239.755142,56536400
2018-05-18,239.411351,239.772736,238.803169,239.155731,64368000
2018-05-21,240.636574,241.491553,240.248747,240.953873,58025900
2018-05-22,241.473797,241.729416,239.957753,240.283875,52966400
2018-05-23,239.014752,240.971506,238.856076,240.945038,64694200
2018-05-24,240.548386,240.821624,238.670957,240.451416,76043800
2018-05-25,239.878525,240.504326,239.376109,239.878525,56374800
2018-05-29,238.256760,239.014796,236.009149,237.119720,115908600
2018-05-30,238.424091,240.724584,238.353590,240.283875,69678400
2018-05-31,239.878507,240.178187,238.212637,238.811996,93519900
2018-06-01,240.107633,241.456204,240.037104,241.156525,71258400
2018-06-04,241.976232,242.557972,241.738258,242.302353,45385200
2018-06-05,242.434581,242.857672,241.667750,242.478668,51135000
2018-06-06,243.086923,244.611763,242.469918,244.505997,62732200
2018-06-07,244.990746,245.281603,243.571646,244.479507,72969400
2018-06-08,244.021201,245.255184,243.853729,245.202301,72139700
2018-06-11,245.422676,246.242391,245.308087,245.528442,58892500
2018-06-12,245.942585,246.207001,245.202196,245.845642,72329000
2018-06-13,246.083730,246.339349,244.858543,245.061279,79070600
2018-06-14,245.924973,246.207007,245.087614,245.678177,77097600
2018-06-15,244.895573,245.701270,243.788851,245.364822,120041600
2018-06-18,243.912823,244.984150,243.434738,244.860184,52917600
2018-06-19,242.593655,244.143067,242.177526,243.921722,97531500
2018-06-20,244.603417,245.001848,244.001366,244.337814,53785500
2018-06-21,244.328912,244.346637,242.310251,242.806061,71061400
2018-06-22,244.063308,244.178412,243.027404,243.248749,54898500
2018-06-25,242.097810,242.257171,238.255272,239.937485,137854200
2018-06-26,240.504142,241.318675,239.751565,240.468719,68547400
2018-06-27,241.053062,242.478508,238.326082,238.476608,105110700
2018-06-28,238.423447,240.601469,237.715129,239.840057,76650500
2018-06-29,240.929139,242.292629,240.070321,240.185425,97592500
2018-07-02,238.618281,240.858287,238.379212,240.698898,63554800
2018-07-03,241.593165,241.690570,239.424004,239.848969,42187100
2018-07-05,240.973357,241.867571,239.902030,241.805588,56925900
2018-07-06,241.832215,244.222720,241.451481,243.850876,66493700
2018-07-09,244.851365,246.099751,244.807107,246.046631,50550400
2018-07-10,246.498180,247.029413,246.205990,246.932007,51966800
2018-07-11,245.382576,246.170576,244.824783,245.125809,77054700
2018-07-12,246.383009,247.401189,245.780959,247.348068,60124700
2018-07-13,247.171034,247.843903,246.719482,247.542877,48216000
2018-07-16,247.587148,247.728784,246.878829,247.321518,48201000
2018-07-17,246.551235,248.711559,246.498114,248.321991,52315500
2018-07-18,248.401656,248.950586,247.958967,248.844345,44593500
2018-07-19,248.180349,248.561055,247.427772,247.905884,61412100
2018-07-20,247.702239,248.330877,247.463197,247.622559,82337700
2018-07-23,247.418883,248.286536,247.073572,248.082916,47047600
2018-07-24,249.490687,250.172419,248.463646,249.331299,68026900
2018-07-25,249.083464,251.775022,249.039206,251.456299,78882900
2018-07-26,250.739113,251.544784,250.641708,250.863052,57919500
2018-07-27,251.190644,251.288049,248.242346,249.163147,76768700
2018-07-30,249.242867,249.402229,247.339282,247.861679,63742500
2018-07-31,248.623033,249.694333,248.242327,249.083420,68570500
2018-08-01,249.287027,249.791699,248.020943,248.667252,53853300
2018-08-02,247.365808,250.190139,247.162161,250.021942,63426400
2018-08-03,250.145901,251.146382,249.968814,251.093262,53935400
2018-08-06,251.128706,252.323945,250.739137,252.014084,39400900
2018-08-07,252.678132,253.227062,252.545303,252.846329,43196600
2018-08-08,252.678126,253.138513,252.279695,252.740082,42114600
2018-08-09,252.801981,253.191549,252.261913,252.394714,35717000
2018-08-10,250.960411,251.500479,249.995325,250.703644,77076000
2018-08-13,250.978192,251.589105,249.473038,249.765228,65732900
2018-08-14,250.491157,251.597880,250.101589,251.358810,43842000
2018-08-15,250.013059,250.154723,248.047519,249.481827,102925400
2018-08-16,250.916105,252.368138,250.880682,251.500458,69967900
2018-08-17,251.296794,252.828507,250.889528,252.385818,65618500
2018-08-20,252.837375,253.191521,252.385824,252.925919,39807500
2018-08-21,253.439484,254.377983,252.961373,253.519165,67272000
2018-08-22,253.111900,253.891037,252.846271,253.368668,44993300
2018-08-23,253.191634,254.050452,252.713522,253.032272,49204900
2018-08-24,253.607754,254.696779,253.554633,254.555115,57487400
2018-08-27,255.750351,256.671152,255.590989,256.564911,57072400
2018-08-28,257.025264,257.131532,256.228429,256.688843,46943500
2018-08-29,256.901241,258.300126,256.662199,258.069946,61485500
2018-08-30,257.592046,257.963890,256.432202,257.025391,61229500
2018-08-31,256.618020,257.476838,256.131073,257.034149,66140800
2018-09-04,256.617991,256.945577,255.590949,256.591431,57594400
2018-09-05,256.237235,256.440882,254.891471,255.900787,72452400
2018-09-06,256.007085,256.308111,254.103528,255.130569,65909900
2018-09-07,254.085744,255.608595,253.846675,254.634674,73524800
2018-09-10,255.643990,255.909619,254.882578,255.077362,50210900
2018-09-11,254.431196,256.361314,254.085912,255.918625,50530500
2018-09-12,255.927348,256.582519,255.192496,255.980469,59810800
2018-09-13,257.042921,257.680395,256.759594,257.494446,51034200
2018-09-14,257.698119,257.884041,256.759620,257.538757,55079900
2018-09-17,257.485570,257.520966,255.900736,256.175201,68244000
2018-09-18,256.387922,258.158679,256.361362,257.565491,61930400
2018-09-19,257.618499,258.255973,257.494533,257.839844,49080600
2018-09-20,259.097030,260.248010,257.857479,259.929260,100360600
2018-09-21,260.670194,260.785819,259.531781,259.691864,105479700
2018-09-24,259.113773,259.256078,258.251067,258.829163,53409600
2018-09-25,259.282709,259.389431,258.348865,258.588989,44370000
2018-09-26,258.731191,259.914062,257.397112,257.815125,79739700
2018-09-27,258.286618,259.620697,258.010910,258.535645,59249500
2018-09-28,257.912994,259.060310,257.877439,258.562256,70091400
2018-10-01,259.798546,260.527849,258.793562,259.460602,62078900
2018-10-02,259.309509,260.021008,258.935982,259.309509,47258200
2018-10-03,260.358885,260.776898,259.095972,259.451721,64694600
2018-10-04,258.971412,259.024773,255.840783,257.423889,111545900
2018-10-05,257.646256,258.162088,254.560085,255.983109,105951700
2018-10-08,255.298264,256.338858,253.919726,255.983109,87742200
2018-10-09,255.600622,256.907993,255.049180,255.609497,74339000
2018-10-10,255.102606,255.173772,247.142617,247.516144,214731000
2018-10-11,246.431102,248.049791,240.454426,242.064240,274840500
2018-10-12,246.155378,246.439988,242.242084,245.426102,183186500
2018-10-15,245.070289,246.395493,243.958557,244.047501,102263700
2018-10-16,246.004179,249.757389,245.532805,249.383835,118255800
2018-10-17,249.419381,250.050838,246.857945,249.428284,110626000
2018-10-18,248.494437,249.090337,244.554463,245.826279,134557500
2018-10-19,246.475581,248.405534,244.999197,245.692917,139901600
2018-10-22,246.359942,246.680108,244.056436,244.590073,82415800
2018-10-23,240.979076,244.465453,238.897889,243.344818,146352700
2018-10-24,243.095872,243.478329,235.420494,235.971909,177806700
2018-10-25,237.804087,241.744062,236.781299,240.205414,138061500
2018-10-26,236.505520,241.023589,233.277045,235.980759,201574600
2018-10-29,239.066986,240.356607,231.106996,234.673416,160749100
2018-10-30,234.504493,238.462246,234.015314,238.150955,157116000
2018-10-31,240.712373,243.007005,240.241000,240.694595,128296300
2018-11-01,241.557236,243.451632,240.472184,243.255966,99495000
2018-11-02,244.358909,244.785824,239.769672,241.815277,122634100
2018-11-05,242.304349,243.700692,241.334922,243.149277,65622500
2018-11-06,243.087028,244.847995,243.024764,244.687912,60085900
2018-11-07,246.857893,250.006326,246.430978,249.926285,102752100
2018-11-08,249.125966,250.113199,248.334426,249.472839,65584900
2018-11-09,248.165353,248.352117,245.630598,247.035843,98812600
2018-11-12,246.528942,246.769067,241.904124,242.419983,99673600
2018-11-13,242.882406,244.874621,241.245939,241.966339,98176600
2018-11-14,243.834018,244.234225,238.755632,240.312057,125335900
2018-11-15,239.049127,243.282612,237.474924,242.820114,135101400
2018-11-16,241.726249,244.358824,241.210390,243.451660,126668000
2018-11-19,242.846783,243.140295,238.417659,239.333725,103061700
2018-11-20,236.007417,237.466022,234.041881,234.904587,136021300
2018-11-21,236.452144,237.599459,235.696187,235.705063,75563700
2018-11-23,234.068626,235.527233,233.970807,234.130890,42807900
2018-11-26,236.381022,238.133113,235.989689,237.910767,79981400
2018-11-27,236.879094,238.711227,236.274318,238.711227,75502400
2018-11-28,239.778531,244.207657,238.648993,244.207657,127629600
2018-11-29,243.433860,245.070327,242.295447,243.674011,82346400
2018-11-30,243.522850,245.719635,243.202684,245.159317,98204200
2018-12-03,249.277110,249.383832,246.813521,248.405502,103176300
2018-12-04,247.578409,248.005324,240.045307,240.356598,177986000
2018-12-06,236.505580,240.107583,233.410506,239.991959,204185400
2018-12-07,239.653920,241.219248,233.579426,234.415451,161018900
2018-12-10,234.237633,235.829642,230.013049,234.860214,151445900
2018-12-11,238.053014,238.239777,233.446001,234.913483,121504400
2018-12-12,237.884095,239.244855,236.016379,236.096420,97976700
2018-12-13,237.039207,237.901913,234.904686,236.016418,96662700
2018-12-14,233.872949,234.824598,231.106971,231.658386,116961100
2018-12-17,230.706700,231.818432,225.486009,227.113586,165492300
2018-12-18,228.750132,229.417172,225.263726,226.864624,134515100
2018-12-19,226.944651,230.706750,221.768431,223.467148,214992800
2018-12-20,222.221979,223.787294,217.588272,219.829529,252053400
2018-12-21,220.728602,223.385505,214.681234,215.325333,255345600
2018-12-24,213.840356,215.450603,209.573220,209.635834,147311600
2018-12-26,211.093994,220.227646,209.116967,220.227646,218485400
2018-12-27,216.998178,222.115160,213.768745,221.918365,186267300
2018-12-28,223.269239,224.897367,220.469200,221.632156,153100200
2018-12-31,223.251315,223.814905,221.381647,223.573364,144299400
2019-01-02,220.048677,224.727338,220.021840,223.805908,126925200
2019-01-03,222.061548,222.365716,217.982267,218.465347,144140700
2019-01-04,221.488959,226.427042,221.113237,225.782944,142628800
2019-01-07,226.051345,228.967670,225.156765,227.563187,103139100
2019-01-08,229.745948,230.184283,227.223227,229.701202,102512600
2019-01-09,230.407954,231.615642,229.182384,230.774734,95006600
2019-01-10,229.244981,231.839257,228.565092,231.588776,96823900
2019-01-11,230.515298,231.705105,229.933827,231.678268,73858100
2019-01-14,229.781766,231.069963,229.379221,230.264847,70908200
2019-01-15,230.640553,233.216947,230.631599,232.903839,85208300
2019-01-16,233.333244,234.353078,233.127508,233.467453,77636700
2019-01-17,232.599684,236.097494,232.554939,235.238678,96118400
2019-01-18,237.045730,238.834889,235.274452,238.369690,127900300
2019-01-22,236.902673,237.117364,233.539044,235.149277,115531200
2019-01-23,236.178050,236.875821,233.181202,235.641296,86030300
2019-01-24,235.462371,236.348024,234.451492,235.766525,59204100
2019-01-25,237.609338,238.584454,235.864924,237.761429,96883400
2019-01-28,235.623325,236.016915,234.191992,235.954315,85613700
2019-01-29,236.097541,236.661103,234.809344,235.641296,66136300
2019-01-30,237.153118,240.212566,236.392720,239.371658,92473700
2019-01-31,239.308994,241.956942,239.094277,241.473862,104012100
2019-02-01,241.670658,242.609983,240.802915,241.590149,85782500
2019-02-04,241.634893,243.352498,240.963959,243.289871,60744800
2019-02-05,243.719327,244.613907,243.218365,244.309753,79552800
2019-02-06,244.032432,244.524439,243.254151,243.987686,58347800
2019-02-07,242.377457,242.923138,240.006826,241.661804,95482000
2019-02-08,240.418322,242.055391,239.595297,241.957001,75788900
2019-02-11,242.610043,242.869451,241.563372,242.091171,68021400
2019-02-12,243.701397,245.579993,243.629816,245.204285,72270200
2019-02-13,246.036249,246.841365,245.615795,246.000458,65277200
2019-02-14,244.917959,246.581891,244.103888,245.454712,83234400
2019-02-15,247.226074,248.165399,247.020338,248.129608,97088700
2019-02-19,247.333436,249.212032,247.324481,248.559006,59120800
2019-02-20,248.523198,249.516196,248.022236,249.059952,76610800
2019-02-21,248.424828,248.782655,247.217140,248.174347,64214700
2019-02-22,248.791569,249.909794,248.156425,249.713013,78114600
2019-02-25,251.135302,251.654146,249.972332,250.052841,69030700
2019-02-26,249.704051,250.750694,249.498288,249.874023,56844100
2019-02-27,249.158343,250.115550,248.228000,249.766678,56921600
2019-02-28,249.552010,249.990373,248.979493,249.301529,69268300
2019-03-01,250.875838,251.269455,249.426623,250.857956,78880500
2019-03-04,251.913597,252.155123,247.655389,249.945511,106494600
2019-03-05,250.070820,250.267629,249.059941,249.605621,59114600
2019-03-06,249.721861,249.730815,247.771684,248.093719,75039800
2019-03-07,247.646486,247.789622,245.177464,246.018372,94885100
2019-03-08,244.166585,245.696309,243.701414,245.526337,85795800
2019-03-11,246.242005,249.247779,246.215168,249.086761,65098900
2019-03-12,249.641430,250.544964,249.453576,250.026093,79667500
2019-03-13,250.911751,252.611447,250.750705,251.681076,80639200
2019-03-14,251.707813,252.128266,251.081623,251.519958,67518400
2019-03-15,252.070829,253.571343,251.882121,252.762680,81309000
2019-03-18,252.978294,253.975665,252.753664,253.679138,62199800
2019-03-19,254.739544,255.503265,252.852646,253.742172,90268100
2019-03-20,253.526459,254.730473,251.873185,252.978348,84609200
2019-03-21,252.160658,256.239919,252.115716,255.835602,79550400
2019-03-22,254.478900,255.000030,250.848871,250.911774,122659300
2019-03-25,250.570353,251.756407,249.465191,250.723114,85575200
2019-03-26,252.475183,253.544424,251.190306,252.591995,68125900
2019-03-27,252.582965,253.167025,249.725678,251.271133,72224700
2019-03-28,251.900179,252.672893,250.750074,252.223633,56238500
2019-03-29,253.733162,254.137480,252.610012,253.814026,82186800
2019-04-01,255.808670,257.120502,255.539098,256.823975,77617900
2019-04-02,257.012671,257.183392,256.159066,256.949768,40070400
2019-04-03,258.162789,258.558140,256.752105,257.354126,68243200
2019-04-04,257.677646,258.288633,256.985795,258.037048,48997500
2019-04-05,258.701887,259.339828,258.414354,259.285919,58621700
2019-04-08,258.863631,259.591430,258.207702,259.483612,53566300
2019-04-09,258.522144,258.845598,257.605664,258.153748,66142300
2019-04-10,258.567115,259.124220,258.153803,259.034363,52601500
2019-04-11,259.519511,259.528505,258.396361,258.962433,55093100
2019-04-12,260.570772,260.993078,259.007356,260.714539,69727800
2019-04-15,260.786505,260.885357,259.744219,260.543915,49596700
2019-04-16,261.424377,261.478286,260.121512,260.714539,52153200
2019-04-17,261.828727,261.855682,259.663291,260.076630,58268300
2019-04-18,260.660673,260.858348,259.366802,260.588776,68708500
2019-04-22,259.825157,260.966268,259.735299,260.813507,40160100
2019-04-23,261.181844,263.392224,260.948248,263.158600,52246600
2019-04-24,263.077693,263.410141,262.430757,262.574524,50392900
2019-04-25,262.475684,263.068710,261.226755,262.412781,57770900
2019-04-26,262.457676,263.706605,261.684935,263.634735,50916400
2019-04-29,263.724672,264.569283,263.634815,264.048126,57197700
2019-04-30,263.706708,264.470455,262.296052,264.182922,81111700
2019-05-01,264.811840,265.018510,262.188150,262.197144,71671900
2019-05-02,262.080302,262.996810,260.139496,261.631042,65030200
2019-05-03,263.104632,264.470373,261.738864,264.191833,56543700
2019-05-06,259.897012,263.545003,259.582524,263.104736,107198100
2019-05-07,260.705592,261.298619,256.806018,258.710876,144729900
2019-05-08,258.351532,260.058715,257.758505,258.351532,91568300
2019-05-09,256.284886,258.171756,254.550722,257.569763,103471100
2019-05-10,256.635277,259.618370,253.652185,258.863617,112429300
2019-05-13,253.759977,254.721373,251.522644,252.358261,127290500
2019-05-14,253.373617,256.168028,253.247839,254.640533,77003200
2019-05-15,253.014305,256.770113,252.807636,256.132172,73956400
2019-05-16,256.832980,259.860989,256.761111,258.504242,76749600
2019-05-17,256.203999,259.312871,256.186011,256.832947,100353000
2019-05-20,255.233620,256.940803,254.389009,255.134796,62877600
2019-05-21,256.823953,257.812330,256.572368,257.434967,46847100
2019-05-22,256.482560,257.596716,256.168073,256.644287,49482500
2019-05-23,254.424873,254.469788,252.097710,253.508392,98733800
2019-05-24,254.946098,255.359437,253.463546,254.083527,55268100
2019-05-28,254.362049,255.314478,251.702437,251.720398,70029400
2019-05-29,250.606240,251.010557,248.629485,250.031174,104972900
2019-05-30,250.785905,251.621549,249.617840,250.714035,62523800
2019-05-31,248.171262,248.997885,247.308663,247.335617,86862800
2019-06-03,247.371592,248.485748,245.376876,246.706696,96428000
2019-06-04,248.997917,252.196647,248.548657,252.061874,77231900
2019-06-05,253.679198,254.272224,251.873191,254.245270,71169700
2019-06-06,254.541797,256.572434,253.894862,255.898544,69430400
2019-06-07,256.913864,259.537555,256.743143,258.459320,74272200
2019-06-10,260.004758,261.307623,259.555498,259.645355,60799100
2019-06-11,261.460393,261.828790,258.935553,259.582489,58641300
2019-06-12,259.348898,259.905976,258.612104,259.124268,47096300
2019-06-13,260.031724,260.552881,259.330879,260.193451,48945200
2019-06-14,259.905914,260.507907,259.142167,259.905914,52324700
2019-06-17,260.139472,260.768447,259.833979,260.004700,39205700
2019-06-18,261.819899,263.778668,261.460469,262.727386,85434800
2019-06-19,262.862119,263.850497,261.891729,263.320374,78674400
2019-06-20,265.997875,266.240466,263.383178,265.836121,116570000
2019-06-21,265.567118,266.822121,265.233053,265.449738,83309500
2019-06-24,265.657397,265.973386,264.971191,265.124695,47582700
2019-06-25,265.178914,265.206000,262.416072,262.524414,82028700
2019-06-26,263.418211,263.923827,262.154170,262.262512,51584900
2019-06-27,263.020984,263.698152,262.641786,263.192535,40355200
2019-06-28,264.167618,265.043423,263.652992,264.546844,59350900
2019-07-01,267.869455,268.086167,265.747657,266.948517,78705600
2019-07-02,266.903422,267.697970,266.063741,267.643799,61504500
2019-07-03,268.320922,269.801675,268.176456,269.783600,40898900
2019-07-05,268.555716,269.639195,267.264589,269.476654,51677300
2019-07-08,268.167431,269.296044,267.454140,267.995880,45841800
2019-07-09,266.840223,268.627928,266.786052,268.329987,41101300
2019-07-10,269.395467,270.560204,268.862765,269.612152,58448500
2019-07-11,270.253209,270.487942,269.241976,270.244171,50826100
2019-07-12,270.731556,271.526104,270.424577,271.453857,40326000
2019-07-15,271.887323,271.887323,271.038604,271.544220,33900000
2019-07-16,271.453967,271.661642,270.361478,270.668457,36650100
2019-07-17,270.641356,270.803870,268.826538,268.826538,36036300
2019-07-18,268.329943,270.189895,267.887536,269.810669,51392600
2019-07-19,270.903242,270.930327,268.140399,268.311951,58678600
2019-07-22,268.709132,269.512717,268.194505,268.970978,43638100
2019-07-23,270.090546,270.894104,269.259875,270.894104,44564500
2019-07-24,270.135703,272.167206,270.045408,272.167206,47213200
2019-07-25,271.715784,271.769956,270.063480,270.867065,55394100
2019-07-26,271.553181,272.880430,271.426763,272.681793,45084100
2019-07-29,272.564468,272.681848,271.634492,272.185242,38126500
2019-07-30,270.785782,271.923432,270.406556,271.517120,45849000
2019-07-31,271.760918,271.950545,266.533203,268.546631,104245200
2019-08-01,268.700146,271.652588,265.413613,266.208160,142646600
2019-08-02,265.314392,265.558163,262.650854,264.203827,116749700
2019-08-05,260.113632,260.221974,254.362226,256.258301,178745400
2019-08-06,258.145358,260.068519,256.673643,259.851807,120711700
2019-08-07,256.782015,260.772803,254.651207,260.005341,140572300
2019-08-08,261.495128,265.106689,260.944378,265.106689,87713900
2019-08-09,264.167609,264.763520,261.522147,263.300842,93730000
2019-08-12,261.802029,263.291792,259.147530,260.095581,65527600
2019-08-13,259.797634,265.585163,259.454531,264.140533,94299800
2019-08-14,260.095569,260.700490,256.204115,256.330505,135622100
2019-08-15,257.215335,257.901540,254.967147,257.007660,99556600
2019-08-16,258.660050,261.233266,257.061917,260.799896,83018300
2019-08-19,263.815504,264.619062,263.138337,263.941895,53571800
2019-08-20,263.436221,263.968923,261.792982,261.919373,51596400
2019-08-21,264.077318,264.420393,263.391112,264.050232,49524700
2019-08-22,264.754471,265.386477,262.199276,263.968933,51666400
2019-08-23,262.668719,264.330033,255.942179,257.188171,149161500
2019-08-26,259.373229,260.032349,257.847342,260.032349,72423800
2019-08-27,261.422814,261.793002,258.253661,259.012085,66668900
2019-08-28,258.353050,260.998512,257.549465,260.835999,59696700
2019-08-29,263.391130,264.691294,262.388908,264.167603,57899400
2019-08-30,265.648338,265.666385,263.120256,264.050232,62901200
2019-09-03,262.352872,263.264772,261.179098,262.506348,69101400
2019-09-04,264.673275,265.503918,263.923860,265.485870,46887300
2019-09-05,267.968889,269.810765,265.449816,268.898865,83258100
2019-09-06,269.214907,269.747609,268.537739,269.106537,49584300
2019-09-09,270.090663,270.180930,268.302930,269.241943,51260300
2019-09-10,268.483407,269.241859,267.228404,269.178650,57947100
2019-09-11,269.485630,271.174030,268.835548,271.092773,68821100
2019-09-12,271.995707,273.088196,271.237282,272.031830,72908700
2019-09-13,272.474162,272.826302,271.480978,271.851166,62104800
2019-09-16,270.722635,271.896409,270.370522,271.011566,58191200
2019-09-17,270.812942,271.788051,270.641391,271.697784,41475500
2019-09-18,271.309452,271.968572,269.277949,271.860229,73375800
2019-09-19,272.248536,273.241721,271.508159,271.842224,76560500
2019-09-20,272.444473,272.725687,269.768663,270.557800,89565000
2019-09-23,269.895630,271.210878,269.641655,270.494293,43476800
2019-09-24,271.582734,271.972763,267.410254,268.371735,94869400
2019-09-25,268.453445,270.403618,266.974933,269.959167,71854000
2019-09-26,269.968181,270.176787,267.990797,269.396729,56179700
2019-09-27,270.149614,270.258484,266.394401,267.945465,84746600
2019-09-30,268.462413,269.895555,268.417071,269.188049,51662400
2019-10-01,270.067913,270.720997,265.768460,265.986145,88242400
2019-10-02,264.407978,264.417057,259.999680,261.287689,122539500
2019-10-03,261.060904,263.455555,258.348804,263.428345,85278800
2019-10-04,264.081388,267.247018,264.026939,266.993042,65091200
2019-10-07,266.194862,267.818507,265.559909,265.841095,59610500
2019-10-08,263.990688,264.725404,261.677669,261.713959,95708100
2019-10-09,263.727619,265.133550,263.101745,264.199280,62359400
2019-10-10,264.117604,266.865994,263.954340,265.986145,55296300
2019-10-11,268.734634,270.975073,268.616739,268.743713,98720400
2019-10-14,268.426116,269.097359,268.099588,268.444275,40394800
2019-10-15,269.487485,271.845846,269.369563,271.102051,46754500
2019-10-16,270.639476,271.356061,270.231316,270.666687,48928200
2019-10-17,271.827601,272.335552,270.775409,271.464783,45736600
2019-10-18,270.929604,271.573608,269.423882,270.276520,64304000
2019-10-21,271.591853,272.308410,271.156454,272.108856,39048600
2019-10-22,272.643972,272.934238,271.129198,271.219910,48594700
2019-10-23,270.965951,272.063485,270.757317,272.009064,34352200
2019-10-24,272.943372,273.088505,271.628124,272.453552,35453100
2019-10-25,271.882129,274.113516,271.827708,273.569275,45205400
2019-10-28,274.784708,275.610136,274.757498,275.111237,42147000
2019-10-29,274.839127,275.954821,274.712126,275.029602,44284900
2019-10-30,275.229106,276.245009,273.922938,275.873138,49643900
2019-10-31,275.864092,275.864092,273.687154,275.138428,69053800
2019-11-01,276.580672,277.732628,276.417381,277.687286,71141500
2019-11-04,279.238316,279.374369,278.431020,278.802917,60606900
2019-11-05,279.002519,279.301864,278.204302,278.494568,42933200
2019-11-06,278.494544,278.830151,277.614695,278.558044,46487100
2019-11-07,279.891425,280.871038,279.065998,279.537659,54272300
2019-11-08,279.193020,280.281503,278.494594,280.227081,49032100
2019-11-11,278.848336,279.864238,278.712254,279.691895,35797300
2019-11-12,280.054729,281.179475,279.510488,280.281494,46484600
2019-11-13,279.292728,280.771240,279.065963,280.372131,53917700
2019-11-14,280.090988,280.861994,279.456035,280.780334,51219900
2019-11-15,282.113771,282.857567,281.424425,282.812225,62023600
2019-11-18,282.576393,283.256688,282.122863,283.020844,49228000
2019-11-19,283.619382,283.628461,282.295082,282.939087,67804700
2019-11-20,282.349572,282.866603,280.335898,281.886963,79406200
2019-11-21,281.995842,282.104684,280.635252,281.433441,54664700
2019-11-22,282.177157,282.313210,281.052412,282.059235,44850200
2019-11-25,282.984441,284.245239,282.984441,284.245239,48647200
2019-11-26,284.281507,285.070644,283.964031,284.889221,37569000
2019-11-27,285.370075,286.159241,285.152390,286.159241,44444600
2019-11-29,285.596833,285.841757,284.871196,285.097961,36592700
2019-12-02,285.351927,285.415427,282.249798,282.676117,75767800
2019-12-03,279.963986,280.861994,278.585265,280.780334,73941700
2019-12-04,281.823440,283.111450,281.478753,282.512787,49080000
2019-12-05,283.211346,283.229477,281.714675,283.020844,40709000
2019-12-06,284.925632,286.005035,284.916552,285.605927,48927000
2019-12-09,285.215929,285.887144,284.635397,284.707977,34838500
2019-12-10,284.653497,285.315633,283.737358,284.390442,52649800
2019-12-11,284.843987,285.451730,284.308825,285.197754,53429100
2019-12-12,285.206872,288.436003,284.971055,287.655945,96389600
2019-12-13,287.420029,289.052753,286.649022,287.828217,81503900
2019-12-16,289.551597,290.395156,287.764688,289.805573,82749700
2019-12-17,290.186587,290.485904,289.787478,289.869110,61097700
2019-12-18,290.259166,290.485931,289.832847,289.887268,48133000
2019-12-19,290.077790,291.148142,289.823814,291.075562,85310500
2019-12-20,292.105526,293.481929,291.130221,292.351654,147142100
2019-12-23,293.135445,293.190134,292.652341,292.798187,52990000
2019-12-24,293.026098,293.071663,292.506526,292.807343,20270000
2019-12-26,293.190221,294.375213,293.181125,294.366089,30911200
2019-12-27,295.095232,295.149921,293.764422,294.293091,42528800
2019-12-30,294.375188,294.511911,292.187520,292.670624,49729100
2019-12-31,292.169253,293.627689,291.822871,293.381561,57077300
2020-01-02,294.912966,296.143523,293.992323,296.125275,59151200
2020-01-03,292.743566,295.004144,292.688877,293.882965,77709700
2020-01-06,292.132872,295.086214,292.014370,295.004181,55653900
2020-01-07,294.438973,294.912981,293.727989,294.174652,40496400
2020-01-08,294.366120,296.954832,294.120020,295.742523,68296000
2020-01-09,297.301106,297.820679,296.717721,297.747742,48473300
2020-01-10,298.331116,298.486058,296.426044,296.890900,53029300
2020-01-13,297.510802,298.941866,297.082387,298.932770,47086800
2020-01-14,298.495271,299.543513,297.921009,298.477051,62832800
2020-01-15,298.385908,299.908130,298.303874,299.151581,72056600
2020-01-16,300.527899,301.639954,300.300019,301.639954,54050300
2020-01-17,302.351008,302.788520,301.576211,302.578888,95846000
2020-01-21,301.621726,302.788470,301.548817,301.986328,77742400
2020-01-22,302.843097,303.490296,301.867793,302.022736,48914900
2020-01-23,301.375679,302.779427,300.263624,302.369232,51963000
2020-01-24,303.025587,303.107621,298.395052,299.680298,87578400
2020-01-27,294.448111,296.353183,294.110853,294.876526,84062500
2020-01-28,296.298487,298.841634,294.967677,297.966583,63834000
2020-01-29,299.324681,299.552560,297.519863,297.720398,53888900
2020-01-30,295.660334,298.896244,294.912910,298.686584,75491800
2020-01-31,298.066881,298.221852,292.351664,293.263184,113845600
2020-02-03,294.739851,297.301219,294.621349,295.441711,69083000
2020-02-04,299.042063,300.810412,298.723026,299.944458,62573200
2020-02-05,302.870471,303.617924,301.412063,303.408264,65951100
2020-02-06,304.365417,304.620641,303.353616,304.429230,50359700
2020-02-07,303.371839,304.438301,302.259785,302.806702,64139400
2020-02-10,301.922596,305.131135,301.886128,305.067322,42070000
2020-02-11,306.416370,307.200264,305.067311,305.596008,54864500
2020-02-12,307.027029,307.774481,306.662427,307.564850,43992700
2020-02-13,306.142921,308.202964,305.869476,307.236755,54501900
2020-02-14,307.646940,307.847475,306.452852,307.728973,64582200
2020-02-18,306.735347,307.792713,305.550356,306.935883,57226200
2020-02-19,307.902087,309.077927,307.619519,308.403412,48814700
2020-02-20,307.856494,308.676883,304.155728,307.136414,74163400
2020-02-21,305.787364,306.097277,303.153060,303.973450,113788200
2020-02-24,294.548385,304.046401,292.816476,293.892090,161088400
2020-02-25,295.277572,295.888275,284.111460,284.986511,218913200
2020-02-26,286.381128,289.963392,283.209059,283.938263,194773800
2020-02-27,278.432783,283.993058,271.186218,271.186218,284353500
2020-02-28,263.155698,271.532565,260.275293,270.046783,384975800
2020-03-02,271.824181,281.805329,268.405983,281.741516,238703600
2020-03-03,282.115270,286.071261,271.240850,273.674591,300139100
2020-03-04,279.034286,285.396701,276.491140,285.177917,176613400
2020-03-05,277.995167,281.176360,273.464915,275.698120,186366800
2020-03-06,267.211917,272.343776,264.550296,271.140564,228667200
2020-03-09,250.941293,259.044714,249.255004,249.965988,309417300
2020-03-10,259.454849,262.991520,249.300511,262.900391,276444100
2020-03-11,255.863437,256.993712,246.912312,250.084381,255316300
2020-03-12,233.348977,243.065778,225.765129,226.157089,392220700
2020-03-13,239.811656,247.459318,226.530825,245.490433,329566100
2020-03-16,219.840284,234.169373,216.358287,218.627975,297240000
2020-03-17,223.358714,233.503944,216.093917,230.432114,262070500
2020-03-18,215.346451,226.394061,207.844650,218.764648,327597100
2020-03-19,218.081013,225.491670,211.673033,219.229523,289322000
2020-03-20,222.370731,224.149479,209.506916,209.781982,347158800
2020-03-23,209.222727,210.588869,200.118107,204.418274,326025200
2020-03-24,214.934856,223.810256,214.366395,222.939209,235494500
2020-03-25,224.516235,235.042020,219.821818,226.276642,299430300
2020-03-26,228.779705,240.955845,228.348770,239.488861,257632800
2020-03-27,232.218019,239.131282,230.182546,232.355545,224341200
2020-03-30,234.446075,240.616669,232.456448,239.901505,171369500
2020-03-31,238.902066,241.441812,234.922814,236.325638,194881100
2020-04-01,227.367741,236.243140,223.626871,225.689850,189554600
2020-04-02,224.809627,231.677044,224.259494,230.897705,177660400
2020-04-03,229.916660,232.263883,224.837155,227.560287,135561200
2020-04-06,236.408197,244.806816,227.541974,242.844681,188061200
2020-04-07,251.417445,252.169292,242.872152,243.092194,201427200
2020-04-08,245.687022,253.058741,243.202286,251.252487,153774500
2020-04-09,254.507363,257.826490,252.572761,255.075851,189999200
2020-04-13,254.104016,254.443257,248.850286,252.747025,114839100
2020-04-14,257.624774,261.218925,252.609442,260.201202,134143400
2020-04-15,254.498200,260.338717,252.563570,254.672409,121775000
2020-04-16,255.946895,256.753753,252.838688,255.901062,131798300
2020-04-17,261.658963,263.419355,258.926653,262.814240,146684800
2020-04-20,259.119258,262.951835,257.964009,258.184052,100109300
2020-04-21,253.728044,254.929154,249.409522,250.344757,126385700
2020-04-22,255.213402,257.643127,253.893094,255.901062,92951600
2020-04-23,257.175448,260.338692,255.580087,255.882645,104709700
2020-04-24,257.395570,260.118703,255.350919,259.449371,85063200
2020-04-27,261.420706,264.308871,260.962266,263.190277,77896600
2020-04-28,266.830222,267.178640,261.677364,261.979950,105270000
2020-04-29,267.297875,270.369427,266.270975,268.838226,118745600
2020-04-30,267.462827,268.939017,264.602168,266.335083,122901700
2020-05-01,261.594858,266.500169,258.119878,259.284332,125180000
2020-05-04,257.404727,260.302070,255.928565,259.999512,80873200
2020-05-05,262.814340,265.207382,260.127862,262.401733,79569900
2020-05-06,264.097967,264.483041,260.192051,260.622986,73632600
2020-05-07,263.832011,265.693274,263.263550,263.767822,75250400
2020-05-08,266.894409,268.599820,265.766638,268.132202,76452400
2020-05-11,266.206762,269.562544,265.785006,268.187225,79514200
2020-05-12,269.369910,269.782489,262.704182,262.841736,95870800
2020-05-13,262.282511,263.318590,255.772662,258.193237,144721100
2020-05-14,255.763568,261.411521,250.298945,261.283173,121977900
2020-05-15,258.899251,262.530086,257.954866,262.484253,111146300
2020-05-18,268.691475,272.083939,268.370589,270.479401,119703800
2020-05-19,269.883441,271.588823,267.682936,267.701263,95189300
2020-05-20,271.231270,273.110862,271.002050,272.248993,85861700
2020-05-21,272.120689,272.927548,269.278357,270.369446,78293900
2020-05-22,270.085193,271.057083,268.847400,270.882874,63958200
2020-05-26,276.833388,277.071785,270.901177,274.220276,88951400
2020-05-27,277.007581,278.337068,272.193965,278.300385,104817400
2020-05-28,279.327338,281.335307,277.117655,277.786987,90405200
2020-05-29,277.319370,279.611569,274.577909,279.024780,119090800
2020-06-01,278.382956,280.757671,277.869506,280.152527,55758300
2020-06-02,281.069344,282.518029,279.739886,282.472168,74267200
2020-06-03,284.452666,287.184977,284.177614,286.231415,92567600
2020-06-04,285.250333,286.983249,283.389069,285.479553,75794400
2020-06-05,290.861663,294.565835,290.797474,292.796265,150524700
2020-06-08,293.603108,296.527956,293.062153,296.335419,73641200
2020-06-09,293.676503,296.408815,292.814634,294.125793,77479200
2020-06-10,294.703357,295.592731,291.769332,292.484497,95000800
2020-06-11,285.571192,286.203841,275.072942,275.623047,209243600
2020-06-12,282.618881,283.389057,273.780179,278.923859,194678900
2020-06-15,273.248382,282.655573,272.074777,281.527802,135782700
2020-06-16,289.257118,289.403822,282.096292,286.946564,137627500
2020-06-17,287.964260,288.257668,285.021057,285.754578,83398900
2020-06-18,284.241788,286.341422,283.783348,285.864655,80828700
2020-06-19,289.323611,289.516995,282.287814,284.230957,135549600
2020-06-22,283.632343,286.450338,282.490419,286.054352,74649400
2020-06-23,288.697304,289.627436,286.965981,287.371185,68471200
2020-06-24,285.335997,285.953021,278.208131,280.040741,132813500
2020-06-25,279.469787,283.310011,277.452983,283.042938,89468000
2020-06-26,281.947082,282.158902,275.740130,276.320282,127961000
2020-06-29,277.572814,280.519723,275.288936,280.381592,79773300
2020-06-30,279.948663,285.667560,279.792123,283.973053,113394800
2020-07-01,285.087368,287.223895,284.626911,285.962219,72396500
2020-07-02,289.388036,290.732591,286.873959,287.537018,69344200
2020-07-06,291.349615,292.556011,290.603677,291.975830,61713800
2020-07-07,290.437915,292.408657,288.586869,288.964447,82910000
2020-07-08,289.728840,291.285188,287.969919,291.174683,54638600
2020-07-09,291.782439,292.021886,286.109605,289.516998,83354200
2020-07-10,289.452547,292.740218,288.025141,292.473145,57550400
2020-07-13,294.812288,297.188234,289.286802,289.940643,102997500
2020-07-14,288.522316,294.471440,287.325139,293.697876,93657000
2020-07-15,296.911889,297.492069,294.020205,296.396179,87196500
2020-07-16,294.499099,295.871252,293.854448,295.420013,54622500
2020-07-17,296.423869,297.059302,294.453100,296.276520,62774900
2020-07-20,296.009443,299.416837,295.263505,298.670898,56308800
2020-07-21,300.632424,301.074444,298.320920,299.306305,57292200
2020-07-22,298.947171,301.323145,298.836666,301.010010,57792900
2020-07-23,300.650782,301.350686,296.055431,297.418365,75738000
2020-07-24,295.567370,296.525100,294.001805,295.502899,73766600
2020-07-27,296.193648,297.832874,295.401647,297.657898,48293000
2020-07-28,296.930383,298.044709,295.475351,295.770050,57495000
2020-07-29,296.644881,299.969396,296.608036,299.407623,48454200
2020-07-30,296.442305,298.753809,294.361058,298.339386,61861700
2020-07-31,300.125937,300.798215,295.917352,300.696899,84986800
2020-08-03,302.354584,303.551761,301.811248,302.787415,53077900
2020-08-04,301.930887,303.956909,301.930887,303.956909,41917900
2020-08-05,305.255387,306.102640,304.988314,305.844757,42697700
2020-08-06,305.264608,308.008914,304.942282,307.889191,43679400
2020-08-07,306.922303,308.395772,306.019797,308.110291,57308300
2020-08-10,308.561453,309.215294,306.627528,309.031128,44282100
2020-08-11,310.209913,310.845346,305.752692,306.480194,69601100
2020-08-12,308.911376,311.526769,308.883750,310.753204,53774400
2020-08-13,309.988926,311.499239,309.270614,310.191528,41816100
2020-08-14,309.804789,310.734921,309.077259,310.200775,47260400
2020-08-17,311.213722,311.582083,310.209929,311.186096,35481000
2020-08-18,311.582107,312.282011,309.988916,311.858398,38733900
2020-08-19,312.235979,312.751689,309.998164,310.559937,68054200
2020-08-20,308.837683,312.005629,308.708770,311.526764,42207800
2020-08-21,311.195304,312.852938,310.854542,312.631927,55106600
2020-08-24,315.063118,315.873526,312.604293,315.799866,48588700
2020-08-25,316.361602,316.987817,315.201241,316.904938,38463400
2020-08-26,317.494387,320.349198,316.951051,320.082153,50790200
2020-08-27,320.947799,322.227855,319.124379,320.782013,58034100
2020-08-28,321.804268,322.983037,320.616281,322.854095,48588900
2020-08-31,322.642268,323.517119,321.454281,321.684509,66099200
2020-09-01,322.513327,324.815612,321.620039,324.714325,54908700
2020-09-02,326.620521,330.377837,325.478569,329.410889,69540000
2020-09-03,327.725748,328.195424,315.496008,318.074585,148011100
2020-09-04,318.755960,320.321497,308.386460,315.477509,139156300
2020-09-08,310.081018,315.542061,306.553929,306.857819,114465300
2020-09-09,310.854583,315.376275,309.988921,312.917450,91462300
2020-09-10,314.786882,315.440723,306.526281,307.484039,90569500
2020-09-11,309.261382,310.320427,304.822569,307.640564,84680200
2020-09-14,310.799339,313.460795,307.787960,311.692627,65605700
2020-09-15,314.142185,314.971002,311.701769,313.267334,52920900
2020-09-16,314.501370,315.928776,311.747818,312.024109,82096000
2020-09-17,307.180132,310.992731,306.655205,309.279816,91523300
2020-09-18,310.083293,310.194241,303.241254,305.719177,105877900
2020-09-21,301.142387,302.464559,297.471722,302.316620,99450800
2020-09-22,303.795998,305.950304,301.290310,305.395538,63612100
2020-09-23,305.950291,306.227688,297.813818,298.313110,93112200
2020-09-24,297.000219,302.159478,295.687273,299.108307,76681300
2020-09-25,298.257653,304.729858,297.388555,303.943970,71069400
2020-09-28,308.095385,309.704181,307.106056,308.992249,64584600
2020-09-29,308.788845,309.528514,306.616028,307.309479,51304000
2020-09-30,307.975228,312.783163,307.781070,309.639526,104081100
2020-10-01,312.228243,313.199062,309.750321,311.627258,88698700
2020-10-02,306.690040,311.599667,306.218485,308.668671,89431100
2020-10-05,310.721240,314.327176,310.675021,314.142273,45713100
2020-10-06,314.281035,316.370642,309.167995,309.676514,90128900
2020-10-07,312.625936,315.871293,312.598199,315.066895,56999600
2020-10-08,316.999351,317.923951,316.083977,317.859222,45242500
2020-10-09,319.504981,321.160024,318.885514,320.697723,59528600
2020-10-12,323.231072,327.327045,322.741035,325.856934,80388500
2020-10-13,325.718293,325.893970,322.768815,323.730408,73255500
2020-10-14,324.303577,325.394599,320.965784,321.696198,57727900
2020-10-15,317.794371,321.779397,317.258116,321.298615,60357700
2020-10-16,322.648620,324.303663,320.928877,321.104553,89501900
2020-10-19,322.361989,322.990711,315.325793,316.222656,68425600
2020-10-20,317.563305,320.725451,316.805154,317.489349,60051900
2020-10-21,317.443074,319.606664,316.583202,316.888336,63575000
2020-10-22,317.100971,319.209059,314.965146,318.626556,55399300
2020-10-23,319.847028,319.902502,317.258158,319.708344,49143900
2020-10-26,316.333536,317.119452,310.314379,313.800140,91473000
2020-10-27,314.142307,314.475150,312.505746,312.718414,65994100
2020-10-28,307.059890,312.746178,301.540023,302.030060,127094300
2020-10-29,302.261170,308.261819,300.578391,305.099701,90597700
2020-10-30,303.527894,304.831584,298.276169,301.919098,120287300
2020-11-02,305.303131,307.300244,302.566293,305.303131,86068300
2020-11-03,308.530011,312.746188,305.386374,310.693573,93294200
2020-11-04,315.159348,321.705536,313.985115,317.637299,126959700
2020-11-05,322.907553,325.635136,322.556200,323.832153,82039700
2020-11-06,323.545510,325.006395,321.437422,323.758179,74973000
2020-11-09,336.526881,336.905970,327.364085,327.826385,172304200
2020-11-10,326.837064,328.399642,324.081773,327.345612,85552000
2020-11-11,329.527653,330.600193,328.288692,329.777313,58649000
2020-11-12,328.769424,329.823482,324.775171,326.578125,67546200
2020-11-13,328.482821,331.839126,327.965047,331.099457,62892200
2020-11-16,333.762310,335.426580,332.477102,335.232422,74541100
2020-11-17,332.828459,334.631441,331.321355,333.429443,66111000
2020-11-18,333.697623,334.243134,329.379726,329.416718,70591300
2020-11-19,328.788027,331.173485,327.447345,330.803650,59940900
2020-11-20,330.544664,330.748078,328.464313,328.538269,70417300
2020-11-23,330.341239,331.765131,328.112948,330.507660,63230600
2020-11-24,333.050378,336.378946,332.199761,335.833435,62415900
2020-11-25,335.750176,335.777913,334.224591,335.315613,45330900
2020-11-27,336.406647,336.721008,335.241642,336.249481,28514100
2020-11-30,335.472766,335.740908,332.088753,334.760834,83872700
2020-12-01,338.006218,339.957112,337.414461,338.422272,74231400
2020-12-02,337.312783,339.291413,336.739535,339.134247,45927000
2020-12-03,339.032554,340.428710,337.941532,339.041809,62882000
2020-12-04,339.624263,341.963501,339.531797,341.963501,50749900
2020-12-07,341.196044,341.750810,339.994075,341.260773,48944300
2020-12-08,339.994117,342.823392,339.947898,342.259399,42458900
2020-12-09,342.915805,343.072972,338.357532,339.189667,74098300
2020-12-10,337.821264,340.123510,336.952137,339.078735,57735400
2020-12-11,337.386717,339.087979,335.870387,338.681152,57698600
2020-12-14,340.844807,341.917319,336.989210,337.164886,69216200
2020-12-15,339.698206,341.723083,338.329816,341.723083,63865300
2020-12-16,341.935784,343.174745,341.057402,342.259399,58420500
2020-12-17,343.895910,344.376692,343.073002,344.173279,64119500
2020-12-18,344.461139,344.628270,340.793388,342.799042,136542300
2020-12-21,338.889924,351.415944,336.160008,341.573395,96386700
2020-12-22,341.898367,342.009788,339.874153,340.997681,47949000
2020-12-23,341.963364,343.207607,340.979112,341.304108,46201400
2020-12-24,341.777657,342.659783,341.192699,342.631927,26457900
2020-12-28,345.176145,345.965411,344.554038,345.575439,39000400
2020-12-29,347.098217,347.274642,344.331152,344.916138,53680500
2020-12-30,345.733198,346.438899,345.018231,345.408203,49455300
2020-12-31,345.213204,347.887408,344.702517,347.163147,78520700
2021-01-04,348.490971,348.620981,338.750578,342.436890,110210800
2021-01-05,341.796329,345.881908,341.749885,344.795502,66426200
2021-01-06,343.291154,350.041670,342.743317,346.856750,107997700
2021-01-07,349.224598,352.753046,349.048173,352.010223,68766800
2021-01-08,353.393825,354.229507,350.153222,354.015961,71677200
2021-01-11,350.849484,353.384385,350.728769,351.629456,51034700
2021-01-12,351.815245,352.715904,349.466007,351.703796,52547700
2021-01-13,351.629447,353.644366,350.849475,352.650848,45303600
2021-01-14,353.393692,353.895112,351.081632,351.415894,49989100
2021-01-15,349.800252,350.598784,346.996066,348.853149,107160000
2021-01-19,351.304501,352.130916,349.828122,351.592346,51233300
2021-01-20,353.876513,357.293568,353.486541,356.457886,61836100
2021-01-21,357.015033,357.442183,355.863651,356.782898,47840100
2021-01-22,354.935095,356.680758,354.554389,355.520081,52860500
2021-01-25,356.253690,357.275063,351.415966,356.922241,70402000
2021-01-26,357.869254,358.277814,356.132885,356.365021,42665300
2021-01-27,353.050129,353.142989,345.426810,347.655304,123351100
2021-01-28,349.465937,354.637921,349.029549,350.645203,94198100
2021-01-29,348.788148,349.753839,341.954066,343.625458,126765100
2021-02-01,347.014627,350.375944,343.913301,349.345276,75817600
2021-02-02,352.520872,355.835772,349.428840,354.285095,64450700
2021-02-03,355.111496,356.281468,353.291562,354.563660,52427100
2021-02-04,355.594306,358.639922,354.675059,358.593506,47142600
2021-02-05,360.459949,360.710645,358.547155,360.004944,48669800
2021-02-08,361.453386,362.651213,360.599144,362.604797,38365200
2021-02-09,361.769093,362.957653,361.360560,362.363373,35551100
2021-02-10,364.099738,364.248308,359.809880,362.205505,59154400
2021-02-11,363.282776,363.700631,360.367168,362.790649,42913300
2021-02-12,361.992033,364.824074,361.917733,364.582672,50593300
2021-02-16,365.808320,366.003334,363.551970,364.266937,50972400
2021-02-17,362.521296,364.601221,361.509161,364.350525,52290600
2021-02-18,361.750609,363.542688,360.032801,362.799866,59712800
2021-02-19,364.053413,364.341259,361.713469,362.159180,83241000
2021-02-22,359.401421,361.778486,359.104281,359.373566,67414200
2021-02-23,357.172942,361.156395,353.031653,359.809998,107284100
2021-02-24,358.723511,364.201930,357.739259,363.774780,72433900
2021-02-25,362.512034,363.876991,353.570171,355.009399,146670500
2021-02-26,356.884985,358.027073,351.202314,353.180084,152701600
2021-03-01,358.036369,362.985512,353.375101,361.741241,105348800
2021-03-02,361.964103,362.196238,358.417067,358.918488,79595300
2021-03-03,358.222183,359.187846,354.062305,354.164459,119940200
2021-03-04,353.978768,356.560114,345.306190,349.781769,183433000
2021-03-05,353.273002,357.265748,346.011826,356.216492,152039600
2021-03-08,357.172908,359.977095,354.164442,354.442993,123149200
2021-03-09,358.277919,362.047797,357.776498,359.503601,113633600
2021-03-10,361.843396,363.431194,360.432023,361.741241,109899400
2021-03-11,364.201995,367.377592,363.746990,365.409088,86245000
2021-03-12,364.053334,366.040399,363.245508,365.901123,64653600
2021-03-15,366.151869,368.343243,364.016234,368.083252,73427200
2021-03-16,368.696131,369.401803,366.848313,367.619019,73722500
2021-03-17,366.337629,369.671091,365.195512,368.872559,97959300
2021-03-18,366.291180,368.371104,362.827708,363.505554,115349100
2021-03-19,363.205605,364.779982,360.662373,362.832977,113624500
2021-03-22,363.345344,367.108947,363.289451,365.730194,73778600
2021-03-23,365.096681,366.540623,362.069036,362.851562,90686600
2021-03-24,364.248969,365.879239,360.960482,361.007050,97588600
2021-03-25,359.572383,363.829695,357.634674,363.037872,116128600
2021-03-26,364.183733,369.288818,363.587535,368.888245,114409100
2021-03-29,367.416346,369.605572,365.935132,368.701935,108107600
2021-03-30,367.434997,368.394526,366.130758,367.723785,76262200
2021-03-31,368.292006,370.770020,368.264060,369.214264,112734200
2021-04-01,371.142717,373.257429,370.937767,373.201508,99682900
2021-04-05,375.856490,379.098409,375.781976,378.558075,91684800
2021-04-06,377.999086,379.377810,377.663701,378.334442,62021000
2021-04-07,378.166846,379.117051,377.710379,378.772369,55836300
2021-04-08,380.020712,380.626236,379.089129,380.570343,57863100
2021-04-09,380.449152,383.504743,380.328042,383.337036,61104600
2021-04-12,382.740848,383.746945,382.135325,383.476807,56704900
2021-04-13,383.374410,385.237577,382.992458,384.613403,56551000
2021-04-14,384.585365,385.638058,382.759471,383.299805,61659900
2021-04-15,385.433173,387.687617,385.386606,387.417450,60229800
2021-04-16,388.702925,389.317773,387.286929,388.712250,82037300
2021-04-19,387.780700,388.227841,385.479689,386.802521,78498500
2021-04-20,385.591526,386.690788,382.498664,383.970581,81851800
2021-04-21,383.355713,387.808679,383.215953,387.603729,66793000
2021-04-22,387.436014,388.265108,383.001670,384.063660,97582800
2021-04-23,384.622653,389.634574,384.548139,388.227875,73209200
2021-04-26,388.879977,389.606610,388.293075,389.038330,52182400
2021-04-27,389.336481,389.532134,387.817996,388.954529,51303100
2021-04-28,389.224787,390.342698,388.377043,388.842834,51238900
2021-04-29,391.562960,391.935588,387.948414,391.320740,78544300
2021-04-30,389.056981,389.904724,387.855231,388.749542,85527000
2021-05-03,390.733872,391.115825,389.094305,389.588043,68128300
2021-05-04,387.603794,388.097532,383.504834,387.184570,101591200
2021-05-05,388.824180,389.057075,386.746739,387.305695,60162200
2021-05-06,387.380120,390.528875,385.377222,390.398468,74321400
2021-05-07,391.162395,393.891927,390.482329,393.239807,67733800
2021-05-10,393.593842,393.817412,389.224715,389.345825,81852400
2021-05-11,384.836959,386.858478,382.004938,385.871002,116888000
2021-05-12,383.094823,384.361762,376.359469,377.673004,134811000
2021-05-13,379.219466,384.138222,379.172869,382.209839,106394000
2021-05-14,384.939397,388.926571,384.911450,388.078827,82201600
2021-05-17,386.970349,387.901932,385.079208,387.091431,65129200
2021-05-18,387.352214,387.594435,383.597936,383.756317,59810200
2021-05-19,379.079772,382.927186,377.598530,382.750183,106467100
2021-05-20,383.625909,388.125471,383.504827,386.867828,78022200
2021-05-21,388.349035,389.588056,386.094620,386.551086,76578700
2021-05-24,388.786856,391.562983,388.544635,390.491669,51376700
2021-05-25,391.572310,391.926317,389.047728,389.625305,57451400
2021-05-26,390.212140,390.901502,389.178097,390.398468,43088600
2021-05-27,391.423222,391.935581,390.323932,390.603424,56707700
2021-05-28,392.168428,392.429270,391.069167,391.302063,58520200
2021-06-01,393.658921,393.798652,390.519491,390.957336,54216600
2021-06-02,391.609598,392.410774,390.603501,391.572327,49097100
2021-06-03,389.261948,391.255520,387.799356,390.118988,58138800
2021-06-04,391.963517,393.985064,390.184190,393.686951,55938800
2021-06-07,393.677681,393.854684,392.373471,393.305054,51555000
2021-06-08,394.162056,394.255220,391.562960,393.388855,47134300
2021-06-09,394.227262,394.301804,392.578370,392.801941,48436300
2021-06-10,394.022376,395.578132,392.708840,394.627899,51020100
2021-06-11,395.177477,395.391723,393.891888,395.279938,45570800
2021-06-14,395.391779,396.267469,394.152786,396.165009,42358500
2021-06-15,396.314045,396.351288,394.562664,395.438354,51508500
2021-06-16,395.578045,395.801616,391.190298,393.230438,80386100
2021-06-17,392.820573,394.078187,390.631348,393.100037,90949700
2021-06-18,389.825160,390.516778,387.591408,387.797028,118676300
2021-06-21,389.554125,393.535662,388.741001,393.348724,72822000
2021-06-22,393.339353,396.283434,392.619669,395.451599,57700300
2021-06-23,395.526404,396.330173,394.890862,394.974976,49445400
2021-06-24,397.115228,397.732060,396.862860,397.311493,45110300
2021-06-25,398.059229,399.171442,397.732103,398.722809,58129500
2021-06-28,399.246203,399.694807,398.049877,399.526581,53159600
2021-06-29,399.909834,400.545376,399.208861,399.741608,35970500
2021-06-30,399.283622,400.750999,399.255584,400.078064,64827900
2021-07-01,400.835100,402.452021,400.769669,402.293121,53441000
2021-07-02,403.452060,405.723206,402.377212,405.368042,57697700
2021-07-06,405.424080,405.639056,401.900533,404.629639,68710400
2021-07-07,405.311969,406.340068,403.302518,406.059662,63549500
2021-07-08,400.751036,403.508208,399.573392,402.751160,97595200
2021-07-09,404.255787,407.349412,402.554752,407.050323,76238600
2021-07-12,406.966197,408.760700,406.536274,408.508331,52889600
2021-07-13,407.723319,409.218733,406.854119,407.115814,52911300
2021-07-14,408.807442,409.293468,406.480220,407.723267,64130400
2021-07-15,406.386764,407.059699,404.433389,406.330688,55126400
2021-07-16,407.508415,407.555136,402.751148,403.143677,75874700
2021-07-19,398.330222,403.208995,394.386080,397.189972,147987000
2021-07-20,397.853670,404.153101,397.059228,402.881989,99608200
2021-07-21,404.078273,406.284016,402.835226,406.143799,64724400
2021-07-22,406.321358,407.237306,405.340007,406.994293,47878500
2021-07-23,408.919639,411.517911,408.237376,411.181458,63766600
2021-07-26,410.592677,412.200243,410.545957,412.190887,43719200
2021-07-27,411.153387,411.181425,407.489622,410.312225,67397100
2021-07-28,410.938393,411.517860,408.723323,410.143951,52472400
2021-07-29,411.069240,412.919790,411.059884,411.844971,47435300
2021-07-30,409.284126,411.293576,409.153264,409.844910,68951200
2021-08-02,411.555312,412.106740,408.629913,408.985077,58783300
2021-08-03,409.779445,412.433793,407.592413,412.312286,58053900
2021-08-04,411.031873,412.284274,410.050522,410.284180,46732200
2021-08-05,411.443138,412.966590,411.125366,412.882477,38969700
2021-08-06,413.200237,413.985323,412.919830,413.564728,46930000
2021-08-09,413.536809,413.854580,412.461989,413.228394,41222600
2021-08-10,413.676940,414.452699,412.994677,413.742371,43339300
2021-08-11,414.807840,414.863916,413.686272,414.770447,44034300
2021-08-12,414.620959,416.153767,413.723721,416.013550,38909400
2021-08-13,416.462125,416.789251,415.976127,416.770569,39470300
2021-08-16,415.471421,417.882756,413.919931,417.751923,73740000
2021-08-17,415.200337,415.873272,412.031953,415.013428,92673900
2021-08-18,414.004034,415.564879,410.228146,410.471130,89351900
2021-08-19,407.751308,412.302983,407.611119,411.106628,92812200
2021-08-20,411.452498,414.704995,410.966472,414.377869,72008700
2021-08-23,416.060280,418.929603,414.452714,418.023010,54973000
2021-08-24,418.686523,419.219270,418.172488,418.686523,38744700
2021-08-25,418.873446,420.079099,418.499571,419.565063,40529700
2021-08-26,419.284708,419.518366,416.994880,417.088348,57829600
2021-08-27,417.892106,421.191351,417.836030,420.817505,77235100
2021-08-30,421.490416,423.453147,421.247403,422.668060,48357400
2021-08-31,422.574647,422.911100,421.443752,422.041901,59300200
2021-09-01,422.976503,423.490538,422.032517,422.266174,48721400
2021-09-02,423.686845,424.369107,422.369012,423.565338,42501000
2021-09-03,422.434362,423.976497,422.032449,423.462433,47170500
2021-09-07,423.116653,423.210121,421.275429,421.948364,51671500
2021-09-08,421.415735,422.144746,419.518407,421.434418,56181900
2021-09-09,421.238151,422.985906,419.387572,419.630585,57970400
2021-09-10,421.555837,421.976404,416.200393,416.321899,89948200
2021-09-13,419.312725,419.574421,415.078821,417.387360,83738600
2021-09-14,418.826692,419.032312,414.247008,415.134918,78197100
2021-09-15,415.555542,419.097801,414.452684,418.602448,78792200
2021-09-16,418.079001,419.050997,414.994703,417.938812,77786700
2021-09-17,417.168196,417.590110,413.511435,413.867737,118425000
2021-09-20,407.754337,409.329540,402.109817,406.966736,166445500
2021-09-21,409.301413,410.595339,406.057238,406.582306,92526100
2021-09-22,408.851363,412.583121,406.694837,410.548462,102350100
2021-09-23,412.414312,417.139950,412.179906,415.536591,76396000
2021-09-24,413.905195,416.933735,413.689531,416.221130,62094800
2021-09-27,415.189776,416.352422,414.336533,415.030396,61371100
2021-09-28,412.264278,412.592452,405.935310,406.666656,130436300
2021-09-29,408.045030,409.779642,406.788616,407.351196,82329200
2021-09-30,408.823211,409.526430,402.034816,402.372375,140506000
2021-10-01,404.097598,408.832592,400.581505,407.154236,129240100
2021-10-04,405.991657,406.891769,399.765813,401.903625,128570000
2021-10-05,403.403736,408.326266,402.606777,406.085358,90682500
2021-10-06,402.494299,407.979411,400.872226,407.773132,113032200
2021-10-07,411.045466,414.130232,410.867315,411.298615,72437500
2021-10-08,412.067438,412.451868,409.920269,410.548462,74557400
2021-10-11,409.892168,412.798811,407.510592,407.576233,65233300
2021-10-12,408.495085,408.898257,405.785335,406.572937,71181200
2021-10-13,407.594929,408.851343,404.622674,408.035614,72974000
2021-10-14,411.692388,415.049102,411.223576,414.899078,70236800
2021-10-15,417.008763,418.424586,416.389927,418.058899,66260200
2021-10-18,416.277325,419.634009,415.620976,419.296478,62213200
2021-10-19,420.918595,422.596923,420.309116,422.531311,46996800
2021-10-20,422.990729,424.490934,422.878218,424.190887,49571600
2021-10-21,423.590879,425.522384,423.159579,425.297363,41305400
2021-10-22,424.866014,426.309964,422.915738,424.856628,58845100
2021-10-25,425.944328,427.463276,424.172231,427.135101,45214500
2021-10-26,428.682145,429.891660,427.144426,427.519470,56075100
2021-10-27,427.978967,428.644673,425.550493,425.625519,72438000
2021-10-28,427.050647,429.807267,427.041290,429.732269,51437900
2021-10-29,427.435071,430.894909,427.144410,430.604248,70162400
2021-11-01,431.588764,431.963837,429.619775,431.345001,48433600
2021-11-02,431.513756,433.398391,431.382474,433.088959,48908400
2021-11-03,432.526433,436.136296,432.085749,435.733124,52509800
2021-11-04,436.333163,437.870882,435.986246,437.786499,52847100
2021-11-05,440.008700,441.293242,437.795918,439.305481,66390600
2021-11-08,440.402501,440.899441,438.996063,439.680511,50405200
2021-11-09,440.046137,440.280543,436.820705,438.227142,51149100
2021-11-10,436.539458,438.227201,433.220286,434.701721,69429700
2021-11-11,436.192467,436.267493,434.823543,434.842285,34848500
2021-11-12,436.108166,438.677249,435.161155,438.124054,53466700
2021-11-15,439.408625,439.568006,437.148945,438.274078,46980500
2021-11-16,438.011552,441.143216,437.936554,440.008698,48857500
2021-11-17,439.746133,439.924284,438.320953,438.939789,47858300
2021-11-18,439.971208,440.693198,437.252101,440.430664,50625600
2021-11-19,440.318007,441.565064,439.277257,439.642944,57315600
2021-11-22,441.518226,444.002926,438.199025,438.405304,72762000
2021-11-23,438.077136,439.839875,435.479925,438.986633,73206500
2021-11-24,436.989484,440.280557,436.173755,440.158661,61858800
2021-11-26,433.501558,434.964251,429.216605,430.341766,112669600
2021-11-29,435.123604,437.458281,432.929565,435.620544,86268800
2021-11-30,433.182778,435.086156,426.900679,427.144470,148559600
2021-12-01,432.845242,435.686245,422.203192,422.400085,131939200
2021-12-02,422.615747,430.435536,422.221932,428.869690,127637800
2021-12-03,430.529252,431.588744,420.918597,425.137909,137331600
2021-12-06,427.678918,432.048254,425.269215,430.173004,98977500
2021-12-07,435.442441,439.633626,430.041711,439.071045,95484700
2021-12-08,439.464873,440.683774,437.711490,440.233704,72238800
2021-12-09,438.949127,440.336822,437.064520,437.261414,61272600
2021-12-10,439.961769,441.527587,437.411428,441.377563,77159800
2021-12-13,440.861910,441.208827,437.186408,437.467712,87724700
2021-12-14,434.204768,436.689468,431.541916,434.457916,97264100
2021-12-15,434.514197,441.490101,432.001340,441.246338,116899300
2021-12-16,443.093424,443.374700,435.808060,437.355164,116568600
2021-12-17,434.281207,437.282741,430.997409,432.700470,135511600
2021-12-20,427.628936,428.494566,424.486270,428.099396,107134800
2021-12-21,431.514834,435.843067,429.350732,435.701935,69806300
2021-12-22,435.447974,440.171377,435.250360,440.058472,58890200
2021-12-23,441.055742,444.292505,440.952255,442.796448,56439700
2021-12-27,444.170198,449.110023,444.123164,449.062988,56808600
2021-12-28,449.495924,450.521522,447.933994,448.696136,47274600
2021-12-29,448.799560,450.286199,447.802188,449.270020,54503000
2021-12-30,449.693493,450.700283,447.567035,448.028076,55329000
2021-12-31,447.538742,448.686636,446.626049,446.898895,65237400
2022-01-03,448.159751,449.618193,445.854516,449.486450,72668200
2022-01-04,450.907285,451.622393,447.482326,449.335938,71178700
2022-01-05,448.968909,449.740470,440.613544,440.707642,104538900
2022-01-06,440.246606,443.003491,437.931924,440.293640,86858900
2022-01-07,440.303103,441.479252,437.198053,438.552979,85111600
2022-01-10,435.363283,438.223656,429.623670,438.007263,119362000
2022-01-11,437.743821,442.090863,434.751676,441.996765,74303100
2022-01-12,443.728042,445.242937,441.234612,443.191711,67605400
2022-01-13,444.292557,444.941793,436.059515,437.085114,91173100
2022-01-14,433.942503,437.612082,432.728709,437.263947,95890900
2022-01-18,432.578129,432.785132,428.409864,429.520142,109709100
2022-01-19,431.063249,432.455791,424.787306,425.060181,109357600
2022-01-20,426.942024,431.637201,418.238523,420.355591,122379700
2022-01-21,419.235914,421.588212,412.075533,412.103760,202271200
2022-01-24,406.505275,414.361956,395.901128,413.853851,251783900
2022-01-25,407.474478,413.741004,401.913642,408.801178,167997300
2022-01-26,414.681886,417.805745,403.522570,407.775543,186391100
2022-01-27,412.367203,415.500451,404.077708,405.761932,149878300
2022-01-28,407.116835,415.886207,402.543982,415.839172,164457400
2022-01-31,415.171137,423.677054,413.825630,423.328918,152251400
2022-02-01,424.053457,426.829180,420.534428,426.189362,123155400
2022-02-02,428.588640,431.053843,426.283376,430.329346,117361000
2022-02-03,424.307481,426.208128,419.377046,420.214478,118024400
2022-02-04,419.979234,426.029336,417.608099,422.190399,118454400
2022-02-07,422.952578,424.345120,419.508811,420.835510,84472900
2022-02-08,420.336804,425.220176,418.916007,424.298065,81012000
2022-02-09,428.325179,430.828027,428.127594,430.508118,92589900
2022-02-10,424.674389,430.668038,420.778999,422.773743,140103700
2022-02-11,422.858463,424.928468,413.007039,414.437225,153214600
2022-02-14,413.929126,415.509863,409.619700,413.082275,123006300
2022-02-15,417.514015,419.913347,416.996492,419.743988,88482700
2022-02-16,417.702211,421.588211,415.829791,420.214478,84863600
2022-02-17,417.034101,420.186186,410.635864,411.238037,102259100
2022-02-18,411.492113,412.743551,406.307669,408.575287,132642900
2022-02-22,406.373521,409.770225,400.699752,404.190582,124391800
2022-02-23,407.098079,407.662637,396.456286,397.020844,132578000
2022-02-24,386.736555,403.428479,386.379030,402.995636,213942900
2022-02-25,404.228234,411.972008,402.581626,411.887329,121804500
2022-02-28,406.505263,412.310746,405.253853,410.833496,145615000
2022-03-01,409.337434,411.341596,401.875924,404.576385,137785900
2022-03-02,406.825242,413.741004,406.072518,412.019135,117726500
2022-03-03,414.446649,415.048823,408.170706,409.967865,105501700
2022-03-04,406.241795,407.766079,402.600443,406.636993,113978200
2022-03-07,406.053624,406.759313,394.583817,394.649689,137896600
2022-03-08,394.828455,401.970027,390.594319,391.657562,164772700
2022-03-09,400.022297,404.134108,397.839358,402.158173,116990800
2022-03-10,397.557144,401.236141,395.600045,400.342285,93972700
2022-03-11,402.826248,403.437840,394.743757,395.251862,95636300
2022-03-14,396.023440,399.467178,391.224747,392.363251,95729200
2022-03-15,394.969551,401.621855,393.699333,400.991455,106219100
2022-03-16,404.491731,409.939632,399.702427,409.883179,144954800
2022-03-17,407.973145,415.011230,407.596783,415.011230,102676900
2022-03-18,413.402891,419.877635,412.666696,419.556732,106345500
2022-03-21,419.386812,421.387752,415.932346,419.434021,88349800
2022-03-22,420.821408,425.276344,420.821408,424.341949,74650400
2022-03-23,421.812562,423.303820,418.792255,418.877197,79426100
2022-03-24,420.897027,425.200945,419.783300,425.191498,64736900
2022-03-25,425.823897,427.541697,423.247197,427.267975,77101300
2022-03-28,426.673300,430.307098,424.785616,430.307098,68529800
2022-03-29,434.186202,436.121096,431.505694,435.630280,86581500
2022-03-30,434.488347,435.300066,430.835682,432.940460,79666900
2022-03-31,432.175899,432.997038,425.823831,426.276886,121699900
2022-04-01,427.853069,427.994639,423.917263,427.484985,89048800
2022-04-04,427.683271,431.250993,426.862132,431.147156,59601000
2022-04-05,429.655842,432.119257,424.559100,425.701141,74214500
2022-04-06,421.793643,423.719060,418.565690,421.444397,106898000
2022-04-07,420.566613,425.380213,418.622300,423.568024,78097200
2022-04-08,422.812986,425.323610,420.896988,422.435455,79272700
2022-04-11,419.169668,420.009701,414.714761,415.214996,89770500
2022-04-12,418.197496,420.717567,412.128599,413.676514,84363600
2022-04-13,413.431097,419.169643,413.251765,418.414581,74070400
2022-04-14,418.641224,419.754980,413.100874,413.204712,97869500
2022-04-18,412.279682,415.054580,411.147060,413.374542,66002500
2022-04-19,413.270707,420.764816,413.100823,420.047516,77821000
2022-04-20,421.821965,422.435457,418.575146,419.736053,65224400
2022-04-21,423.350948,424.738397,412.553392,413.459473,85417300
2022-04-22,412.374124,413.478403,401.548252,402.114563,132471800
2022-04-25,399.877638,404.615716,395.318865,404.445831,119647700
2022-04-26,401.916262,402.114489,392.704382,392.732697,103996300
2022-04-27,393.808753,399.169799,391.704003,393.837067,122030000
2022-04-28,398.575157,405.512404,394.148535,403.785156,105449100
2022-04-29,399.802135,401.954094,388.117363,388.863007,145491100
2022-05-02,388.929042,392.562840,382.274937,391.203705,158312500
2022-05-03,391.704011,395.403857,390.146648,392.997070,100028200
2022-05-04,393.657666,405.531216,390.476922,404.964905,144247900
2022-05-05,400.708144,401.132884,386.446704,390.571289,172929100
2022-05-06,388.013538,391.505737,382.945110,388.240051,151770800
2022-05-09,382.350450,383.586881,374.233402,375.809631,155586100
2022-05-10,381.774721,383.275426,372.647783,376.677979,132497200
2022-05-11,375.715216,381.349955,369.948326,370.693970,142361000
2022-05-12,367.503855,373.572754,363.520840,370.307068,125090800
2022-05-13,374.431560,380.538219,373.393328,379.160217,104174400
2022-05-16,377.518078,381.284000,375.271729,377.621887,78622400
2022-05-17,383.700072,385.625517,379.971884,385.389557,83029700
2022-05-18,380.840310,381.123451,368.617542,369.853973,117674500
2022-05-19,366.795921,372.005948,365.370710,367.588745,98510700
2022-05-20,371.165910,374.733632,359.169685,367.749207,131432200
2022-05-23,370.769573,375.394423,368.457176,374.629913,76414900
2022-05-24,370.514693,372.959241,365.229171,371.770020,91448800
2022-05-25,370.278726,377.017773,369.882329,375.054565,91472900
2022-05-26,376.281548,384.181502,376.073902,382.548645,82168300
2022-05-27,385.002665,392.053167,384.804466,391.939911,84768700
2022-05-31,390.325900,393.072484,387.003586,389.740723,95937000
2022-06-01,391.854942,392.864832,384.077664,386.588287,86585800
2022-06-02,386.427864,393.997467,384.181515,393.950287,79609600
2022-06-03,389.240518,390.788433,386.512829,387.484985,71874300
2022-06-06,391.486874,393.214093,387.494411,388.664795,57508900
2022-06-07,385.182005,392.845999,384.719503,392.392944,59272400
2022-06-08,390.684636,392.468511,387.334007,388.126831,64350000
2022-06-09,386.352343,388.617559,378.895996,378.895996,86289800
2022-06-10,372.704402,373.553855,367.862487,367.909668,132893900
2022-06-13,358.518405,360.368327,352.336222,353.940765,170004900
2022-06-14,355.686989,356.715774,349.778527,352.874329,104011800
2022-06-15,356.168273,362.341009,351.222549,357.904968,125666800
2022-06-16,349.702999,350.108845,343.634072,346.059753,134473300
2022-06-17,346.474007,350.142450,343.307960,346.805756,111113900
2022-06-21,352.521756,356.920087,352.445906,355.536133,76811900
2022-06-22,351.317866,358.996019,350.900779,354.891541,90059400
2022-06-23,357.024332,359.100249,353.469635,358.370361,79292100
2022-06-24,361.536441,369.773862,361.508004,369.764374,98050300
2022-06-27,370.683802,370.977655,367.261827,368.351929,66009600
2022-06-28,369.906553,372.683949,360.711724,360.825470,86548900
2022-06-29,361.375339,362.361155,358.711688,360.531677,65676000
2022-06-30,356.645131,360.834947,353.156795,357.602539,112508300
2022-07-01,356.948450,361.820768,354.332183,361.384705,74839700
2022-07-05,356.303864,362.086177,353.479054,362.067200,81438000
2022-07-06,362.209397,365.773583,359.830140,363.290039,70426200
2022-07-07,365.062697,369.527389,363.309040,368.731140,64525900
2022-07-08,367.100716,370.295228,365.574579,368.427826,72397800
2022-07-11,365.754649,366.721516,363.527033,364.219025,58366900
2022-07-12,363.669233,366.048520,359.251926,360.996094,62219200
2022-07-13,355.564530,362.029346,355.147443,359.100250,84224600
2022-07-14,354.152110,359.308793,351.715979,358.228180,89704800
2022-07-15,362.626435,365.185828,360.721137,365.072083,79060400
2022-07-18,368.152915,368.825929,360.834976,362.057800,63203600
2022-07-19,365.972679,372.409059,365.318641,371.840302,78506000
2022-07-20,372.029911,375.622533,370.664904,374.210114,71843800
2022-07-21,373.631881,378.068136,371.233646,378.020752,64903900
2022-07-22,378.144006,379.338364,372.295330,374.513458,72197300
2022-07-25,375.139094,375.821597,372.731371,374.968475,53631500
2022-07-26,373.328541,373.537084,369.641150,370.532196,52946400
2022-07-27,373.821442,381.897732,373.527589,380.153564,82342100
2022-07-28,380.959244,385.613502,377.414007,384.921539,73966600
2022-07-29,386.352937,391.519108,385.585124,390.533264,87003700
2022-08-01,387.841176,391.879321,387.130236,389.376801,69997500
2022-08-02,387.812806,391.490738,385.632603,386.808014,63435400
2022-08-03,388.931225,394.031034,388.646860,392.865112,67820600
2022-08-04,392.789328,393.471832,390.959851,392.599762,45656600
2022-08-05,388.324678,392.580827,388.267805,391.936249,56814900
2022-08-08,393.623539,395.870103,390.381642,391.481232,53886100
2022-08-09,390.751290,391.253686,388.855452,389.926605,44931800
2022-08-10,396.969633,398.258819,395.016922,398.116608,68665700
2022-08-11,400.960365,402.818308,397.377232,398.116608,59489700
2022-08-12,400.050275,404.960489,399.102356,404.856232,61694500
2022-08-15,402.647642,407.046001,402.590769,406.524628,54048300
2022-08-16,405.453521,409.245198,404.647784,407.320923,59289000
2022-08-17,403.728298,407.131324,402.429653,404.429749,63563400
2022-08-18,404.628840,406.287699,403.339683,405.605225,49023200
2022-08-19,402.846750,403.112167,399.282565,400.154663,68016900
2022-08-22,395.329671,395.500319,390.921853,391.822388,77695600
2022-08-23,391.395825,393.784600,390.324672,390.874481,49105200
2022-08-24,390.647013,393.490771,389.964539,392.125793,49177800
2022-08-25,393.614048,397.709067,392.523946,397.661682,50942300
2022-08-26,397.547860,398.088152,384.144269,384.201141,103087000
2022-08-29,381.253138,384.703549,380.305218,381.660736,65370800
2022-08-30,382.817226,383.054206,375.376054,377.470947,85652400
2022-08-31,379.101341,380.343113,374.466031,374.598724,76029700
2022-09-01,372.428016,376.115407,369.726440,375.774170,78740100
2022-09-02,379.433076,380.646412,370.001269,371.811798,99632100
2022-09-06,372.655469,373.593900,368.190778,370.408905,76637400
2022-09-07,370.096142,377.831167,369.878139,377.063354,70964200
2022-09-08,374.797876,379.982967,373.594000,379.527985,80821700
2022-09-09,381.764997,386.286591,381.499581,385.423981,76706900
2022-09-12,387.490461,390.286834,387.187119,389.566406,69256300
2022-09-13,380.902392,382.106268,371.508537,372.627075,122947100
2022-09-14,373.925747,375.565657,370.750211,374.048981,85023700
2022-09-15,372.494364,375.338122,368.532068,369.802277,87633800
2022-09-16,365.629521,367.637833,363.697312,366.981079,103084800
2022-09-19,363.840172,369.827057,363.764011,369.827057,73278500
2022-09-20,366.505261,367.514181,362.831275,365.582001,77274900
2022-09-21,367.504587,370.550401,359.195276,359.204803,106746600
2022-09-22,358.433734,360.070854,355.445056,356.187469,89472600
2022-09-23,352.722910,352.760990,345.784213,350.219666,122346900
2022-09-26,348.753879,352.370758,345.536746,346.755066,92581200
2022-09-27,350.286271,352.551591,343.480813,345.869873,108294100
2022-09-28,346.821738,354.360084,345.127512,352.675385,110802200
2022-09-29,349.134629,349.420161,342.367250,345.308350,112952300
2022-09-30,344.366031,348.277999,339.835420,339.968658,153711200
2022-10-03,343.680688,350.790734,341.900802,348.944214,89756500
2022-10-04,354.455199,359.785359,348.906142,359.756805,103602800
2022-10-05,355.397498,361.174982,353.075072,358.919189,88065700
2022-10-06,357.520077,360.470704,354.721744,355.216705,82333500
2022-10-07,351.190549,355.302389,343.547489,345.308350,107789500
2022-10-10,346.421899,346.659852,340.435015,342.671753,76042800
2022-10-11,340.977524,345.536717,338.569438,340.501617,92482800
2022-10-12,340.910944,342.481430,339.131029,339.378510,76991800
2022-10-13,332.382684,349.800883,331.335684,348.335083,147254500
2022-10-14,350.790757,352.418378,339.759245,340.396973,123737000
2022-10-17,346.469511,350.248211,340.063798,349.144104,93168200
2022-10-18,357.053651,357.358238,349.810339,353.246399,97162900
2022-10-19,351.209452,353.931652,347.935213,350.743073,79746900
2022-10-20,350.295840,354.712267,347.040625,347.802094,88283100
2022-10-21,347.526011,356.739555,346.022159,356.254150,131038400
2022-10-24,357.777019,361.746063,355.130951,360.613403,85436900
2022-10-25,360.537329,366.686034,360.423116,366.371948,78846300
2022-10-26,363.230883,368.903681,362.973904,363.611603,104087300
2022-10-27,364.611051,366.448044,361.051251,361.669952,81971800
2022-10-28,361.565268,370.750260,361.384421,370.274353,100302000
2022-10-31,367.818659,369.684204,366.695526,367.599731,96631300
2022-11-01,371.340426,371.578379,364.820499,365.991211,85407600
2022-11-02,365.401117,369.903204,356.701558,356.806244,126990400
2022-11-03,353.570059,356.168519,351.019206,353.132233,87100100
2022-11-04,358.833578,360.613464,352.170885,358.214905,103505200
2022-11-07,359.509337,362.231538,357.434392,361.641418,68286900
2022-11-08,362.745524,366.562304,359.518892,363.592651,84641100
2022-11-09,361.622372,362.774087,355.606906,356.101868,78495500
2022-11-10,369.351089,376.004283,367.057245,375.671143,141455800
2022-11-11,376.527791,380.106618,374.643190,379.307098,93839900
2022-11-14,377.546214,380.896586,375.804380,376.080414,71903500
2022-11-15,381.819821,382.923927,375.480742,379.287994,93194500
2022-11-16,377.660399,378.612212,375.766301,376.394501,68508500
2022-11-17,371.644945,375.918606,371.340387,375.242798,74496300
2022-11-18,378.574156,378.640790,374.100652,376.946564,92922500
2022-11-21,375.623597,376.746730,373.738996,375.575989,51243200
2022-11-22,377.517617,380.791856,376.108923,380.630035,60429000
2022-11-23,380.296928,383.514061,380.068502,383.028656,68261600
2022-11-25,382.467117,383.495092,382.191112,382.943024,30545400
2022-11-28,379.859157,381.496277,376.070929,376.832397,67881600
2022-11-29,376.965554,378.155320,374.348068,376.185089,52310000
2022-11-30,376.432611,388.035217,374.519487,388.035217,144566700
2022-12-01,389.072608,390.243349,385.246330,387.749603,76398200
2022-12-02,382.866824,388.206482,382.762139,387.302277,85342700
2022-12-05,384.484943,385.417701,378.983464,380.335022,77289800
2022-12-06,380.173231,380.715742,372.768125,374.852570,77972200
2022-12-07,374.005474,376.575381,373.082214,374.214874,65927900
2022-12-08,376.099483,378.212480,374.319567,377.146454,60737900
2022-12-09,375.909115,378.459967,374.205361,374.329102,81447700
2022-12-12,375.119090,379.725891,374.452838,379.725891,75405800
2022-12-13,390.452769,390.709748,379.840059,382.600311,123782500
2022-12-14,382.257674,385.960241,377.213076,380.154175,108111300
2022-12-15,375.299932,376.204166,369.198835,370.854980,117705900
2022-12-16,368.302938,369.641590,364.344352,366.476624,119858000
2022-12-19,366.667865,367.002535,361.705268,363.369019,79878100
2022-12-20,362.613612,365.482164,361.294074,363.866211,74427200
2022-12-21,366.457446,370.435175,365.921986,369.306885,78167400
2022-12-22,366.266226,369.287770,358.349024,364.038330,100120900
2022-12-23,363.015216,366.275807,361.466203,366.132385,59857300
2022-12-27,366.017647,366.361859,363.015216,364.688538,51638200
2022-12-28,364.621551,366.591316,359.926714,360.156189,70911500
2022-12-29,362.996041,367.509230,362.470123,366.639099,66970900
2022-12-30,363.961883,365.816853,361.848695,365.673431,84022200
2023-01-03,367.528383,369.498119,361.274932,364.133942,74850700
2023-01-04,366.390526,368.972235,363.349869,366.945129,85934100
2023-01-05,364.994516,365.109254,362.164220,362.757050,76970500
2023-01-06,365.845449,372.194523,362.785678,371.075775,104189600
2023-01-09,373.265540,376.449649,370.683861,370.865509,73978100
2023-01-10,370.282229,373.533248,369.345158,373.466309,65358100
2023-01-11,375.044086,378.266422,374.231324,378.189911,68881100
2023-01-12,379.289500,381.029733,375.225718,379.566772,90157700
2023-01-13,376.373124,381.613023,376.105394,381.039307,63903900
2023-01-17,381.020220,382.693542,379.662426,380.341309,62677300
2023-01-18,381.526947,382.588298,374.135635,374.336426,99632300
2023-01-19,372.299691,373.944329,370.291729,371.611267,86958900
2023-01-20,373.007346,378.687081,371.362709,378.534088,91806400
2023-01-23,379.337336,385.007501,378.381152,383.076019,84178800
2023-01-24,381.402656,383.573183,380.216997,382.664825,59524900
2023-01-25,378.601054,383.142928,376.315761,382.808258,84800300
2023-01-26,385.466429,387.178006,382.502253,387.015442,72287400
2023-01-27,385.973182,390.276010,385.762821,387.904663,68346200
2023-01-30,385.150878,387.378803,382.741305,383.037720,74202000
2023-01-31,383.554057,388.717445,383.209816,388.669647,86811800
2023-02-01,387.455259,395.544596,384.720587,392.800323,101459200
2023-02-02,396.682455,399.981301,394.789230,398.518341,101654500
2023-02-03,393.555762,398.700036,393.077670,394.282471,94736800
2023-02-06,391.834576,393.268852,390.218623,391.872803,60295300
2023-02-07,390.954927,398.241044,389.711899,396.998016,90990700
2023-02-08,395.028268,396.366920,391.968468,392.656921,76227500
2023-02-09,396.252203,396.405196,388.029015,389.252930,78694900
2023-02-10,388.076813,390.543784,387.264080,390.161316,70769700
2023-02-13,390.811492,394.875274,390.352513,394.741394,64913500
2023-02-14,393.221073,396.864131,390.610709,394.559753,88389300
2023-02-15,392.370082,395.917516,391.528635,395.841034,61555700
2023-02-16,390.878441,394.817914,390.256927,390.390778,76431500
2023-02-17,388.268034,389.654512,386.346095,389.415466,89257800
2023-02-21,385.399506,386.451314,381.345295,381.603455,82655900
2023-02-22,382.014617,383.554089,379.624157,381.077576,83742300
2023-02-23,383.965235,384.577207,378.887900,383.104675,96242400
2023-02-24,378.094248,379.844052,376.392242,379.012177,108194400
2023-02-27,382.349289,383.707083,379.365999,380.303070,80444700
2023-02-28,379.824930,381.785095,378.792235,378.897430,96438600
2023-03-01,378.084748,379.308662,376.143695,377.444092,99706800
2023-03-02,375.474289,381.220963,375.139618,380.379517,85127800
2023-03-03,382.196296,386.728628,381.546098,386.480011,90120000
2023-03-06,387.302285,389.597150,386.307875,386.747711,72795900
2023-03-07,386.699952,386.938998,380.207454,380.819397,108310600
2023-03-08,380.934111,382.196252,379.212963,381.440887,74746600
2023-03-09,382.224928,383.888708,373.418483,374.403351,111945300
2023-03-10,373.858379,375.933311,367.480647,369.000977,189253000
2023-03-13,365.080595,373.284670,363.971418,368.475037,157790000
2023-03-14,373.389771,376.210525,370.090925,374.565887,149752400
2023-03-15,368.981849,372.424088,366.897345,372.223297,172996900
2023-03-16,369.871040,379.098209,369.364264,378.753967,143254200
2023-03-17,377.425620,378.558216,372.943186,374.325348,140553400
2023-03-20,375.102801,378.337464,374.402142,377.924713,93055800
2023-03-21,381.284151,383.367002,379.690824,382.887085,91524200
2023-03-22,382.714289,386.323241,376.321796,376.360168,111746600
2023-03-23,379.220457,383.251768,374.670858,377.377594,119351300
2023-03-24,376.101052,379.940385,373.759057,379.854004,107682400
2023-03-27,382.128803,382.896687,379.671632,380.564270,74010400
2023-03-28,379.873177,380.564258,377.876737,379.710022,62871700
2023-03-29,383.866089,385.469023,382.666297,385.229065,77497900
2023-03-30,387.858969,388.108535,385.622571,387.484650,69840000
2023-03-31,388.406175,393.243744,388.300578,392.946198,112062600
2023-04-03,392.427795,394.846564,392.034260,394.443451,67391100
2023-04-04,395.086556,395.374524,390.882482,392.255066,66601500
2023-04-05,391.525543,392.283819,389.577083,391.227997,65200200
2023-04-06,390.431311,393.032480,389.385096,392.754120,63743300
2023-04-10,390.277727,393.234030,389.663449,393.157227,63681000
2023-04-11,393.781227,394.664257,392.495054,393.262909,59297900
2023-04-12,395.326513,395.614480,391.074458,391.659943,86420400
2023-04-13,392.744551,397.217377,391.602347,396.862244,85814800
2023-04-14,396.228739,398.417158,393.589198,395.892792,78161500
2023-04-17,395.806409,397.332541,394.577824,397.313354,66436400
2023-04-18,398.887507,399.021898,396.199986,397.572540,63560000
2023-04-19,395.662448,398.407557,395.604860,397.505341,55227300
2023-04-20,394.693050,397.083055,393.790804,395.336151,75840400
2023-04-21,395.633611,396.103920,393.694759,395.643219,73457400
2023-04-24,395.441692,396.478329,394.107539,396.056000,64332100
2023-04-25,394.088261,394.644981,389.711425,389.769012,97766700
2023-04-26,390.383416,391.458425,387.561504,388.118195,80447000
2023-04-27,390.652117,396.113570,390.402551,395.844818,92968400
2023-04-28,394.961788,399.233057,394.904200,399.223450,89433100
2023-05-01,398.781880,400.845516,398.589902,398.820282,62122300
2023-05-02,398.109967,398.157976,391.439144,394.337830,103998500
2023-05-03,394.836912,397.246102,391.391115,391.631073,91531800
2023-05-04,390.584927,390.911267,387.523057,388.857239,94901900
2023-05-05,392.485419,397.102214,392.226274,396.056000,87891800
2023-05-08,396.382302,396.641446,394.760181,396.161530,50046800
2023-05-09,394.616264,395.537696,394.193935,394.424286,49220100
2023-05-10,397.255778,397.889271,392.447004,396.267151,96142900
2023-05-11,395.403317,395.864019,393.502837,395.576080,70157100
2023-05-12,396.814281,397.025446,392.639000,395.057770,70481500
2023-05-15,395.662469,396.823859,393.752411,396.420746,54289400
2023-05-16,395.316863,396.238324,393.761938,393.771545,57705500
2023-05-17,395.787250,399.156245,394.145944,398.551575,87287000
2023-05-18,398.234745,402.813168,398.014002,402.390839,97177200
2023-05-19,403.293118,403.821014,400.586381,401.805359,103793300
2023-05-22,401.824628,403.504337,400.586435,401.968597,60745400
2023-05-23,400.327228,401.901369,397.063801,397.457336,86383500
2023-05-24,395.854414,396.238342,393.416430,394.577820,89213700
2023-05-25,398.081285,399.444261,395.844886,397.994904,90961600
2023-05-26,398.647519,403.869014,398.570745,403.149139,93830000
2023-05-30,405.078462,405.606359,401.920603,403.302765,72216000
2023-05-31,401.479036,402.381282,399.501782,401.066315,110811800
2023-06-01,401.296643,405.932653,400.048871,404.876831,88865000
2023-06-02,407.449169,411.518852,406.921273,410.731812,91426200
2023-06-05,411.077329,412.363502,409.244044,409.944733,65460200
2023-06-06,409.532013,411.365268,408.879304,410.837372,64022200
2023-06-07,411.230938,412.363535,408.994511,409.416840,85373300
2023-06-08,409.484028,412.344342,408.716173,411.893219,61952800
2023-06-09,412.689912,414.638372,411.643697,412.632324,85742800
2023-06-12,413.611376,416.452474,412.891501,416.375671,76104300
2023-06-13,417.834555,419.763799,417.172268,419.120728,95899700
2023-06-14,419.456748,421.424395,416.174106,419.619904,100612100
2023-06-15,418.804001,426.069945,418.708041,424.822174,110303100
2023-06-16,426.804757,427.373159,422.903005,423.375061,114165800
2023-06-20,421.438756,422.325066,419.107318,421.178619,76160400
2023-06-21,420.195916,420.995524,418.432880,419.020569,76982300
2023-06-22,418.066874,420.639132,417.729679,420.533173,70637200
2023-06-23,417.084131,419.136175,416.640976,417.353882,92074500
2023-06-26,416.785546,418.702700,415.407893,415.648743,72823600
2023-06-27,416.525377,420.822126,416.072578,420.205566,72813700
2023-06-28,419.126501,421.429037,418.509941,420.417480,75636000
2023-06-29,420.003284,422.238376,419.598673,422.074585,67882300
2023-06-30,425.282678,428.037984,424.964740,427.055328,104964000
2023-07-03,426.708540,427.826056,426.429146,427.546692,32793400
2023-07-05,425.735480,427.643020,425.725837,426.910828,58418400
2023-07-06,423.336604,423.991708,421.062968,423.567810,80658300
2023-07-07,422.575532,426.438770,422.257594,422.498444,86134200
2023-07-10,422.141970,423.741215,421.573568,423.567810,62443500
2023-07-11,424.328939,426.756693,423.355897,426.265350,64463800
2023-07-12,430.051520,431.101621,428.625679,429.695038,91924500
2023-07-13,431.506224,433.895463,431.072712,433.105469,72425200
2023-07-14,433.991845,434.839611,432.074661,432.835754,69815800
2023-07-17,432.691189,435.388693,432.643002,434.338593,52680200
2023-07-18,434.011066,438.211470,433.577525,437.566010,80668200
2023-07-19,438.356014,439.724024,437.488932,438.539062,65891700
2023-07-20,437.546761,438.442715,434.916672,435.629578,70591600
2023-07-21,437.344426,437.546761,435.619964,435.629578,71275600
2023-07-24,436.776016,438.384904,435.745172,437.575653,54023400
2023-07-25,437.305908,440.022670,437.257721,438.770264,55191200
2023-07-26,437.835795,440.263549,436.785694,438.837738,71052900
2023-07-27,442.219214,442.623855,435.022626,435.928223,92194400
2023-07-28,439.194194,441.024645,435.928258,440.196136,80011800
2023-07-31,440.668175,441.390724,439.357938,441.034271,62040400
2023-08-01,439.569821,440.513962,438.818371,439.772156,55291500
2023-08-02,436.660432,436.920539,432.903183,433.654633,93933400
2023-08-03,431.641097,434.290443,430.995607,432.411804,64276100
2023-08-04,434.222977,436.323179,429.935842,430.456085,100128900
2023-08-07,432.286582,434.367526,431.592934,434.213379,58357500
2023-08-08,431.679614,434.203743,428.972466,432.325104,71361300
2023-08-09,432.594883,432.758674,428.673843,429.434937,78789600
2023-08-10,431.785598,435.167136,428.423346,429.589050,93005500
2023-08-11,427.720059,430.350148,427.122757,429.338562,68690900
2023-08-14,428.423333,431.708496,428.115038,431.708496,47867400
2023-08-15,429.935858,430.292340,426.111165,426.679596,75707500
2023-08-16,426.265346,427.922393,423.442595,423.548584,80107200
2023-08-17,425.012913,425.273020,419.800924,420.321167,95711300
2023-08-18,417.508117,421.554403,417.161307,420.523560,98852000
2023-08-21,421.535030,424.001328,419.386670,423.259521,68719000
2023-08-22,425.032226,425.032226,421.554370,422.113129,64994200
2023-08-23,423.172838,427.431073,423.028334,426.814484,68441000
2023-08-24,428.413697,428.924297,420.870270,420.899200,88517300
2023-08-25,422.623693,425.147793,419.078393,423.866486,102325100
2023-08-28,426.053427,427.170973,423.866522,426.554413,61595400
2023-08-29,426.448329,432.999456,426.265281,432.720062,83081900
2023-08-30,433.057343,435.138288,432.354052,434.502441,69053900
2023-08-31,435.119045,436.255848,433.683590,433.866638,66084600
2023-09-01,436.583260,437.064959,433.220979,434.675720,58944100
2023-09-05,434.232695,434.550603,432.729795,432.797211,55166200
2023-09-06,431.987928,432.093917,427.565932,429.887726,70758500
2023-09-07,426.891538,429.242232,426.544728,428.567871,70355400
2023-09-08,428.616046,430.745149,428.259593,429.213348,61659700
2023-09-11,431.833767,432.344367,430.128563,432.036102,60180100
2023-09-12,430.590991,432.113148,429.088092,429.666107,67565400
2023-09-13,429.887751,431.323206,428.789462,430.167145,60199300
2023-09-14,432.633458,434.569869,431.332863,433.876221,83430800
2023-09-15,432.293524,432.622232,428.213641,428.648682,111848900
2023-09-18,428.339388,430.195651,427.865667,428.900146,55752200
2023-09-19,427.981556,428.571318,425.332543,428.010559,66514600
2023-09-20,429.267500,429.683216,423.872757,424.075806,82562600
2023-09-21,421.233421,421.494445,416.911837,417.066528,104095800
2023-09-22,418.091320,419.686529,415.712978,416.128723,100829700
2023-09-25,414.920235,417.917282,414.485165,417.878632,70874500
2023-09-26,414.842850,415.548623,410.907980,411.739441,96168400
2023-09-27,412.909286,413.470044,408.268672,411.903809,104705800
2023-09-28,411.352737,415.964348,410.762976,414.291779,92258300
2023-09-29,417.337166,417.511182,411.768407,413.286285,115111300
2023-10-02,412.454856,414.369124,410.366571,413.121948,83798600
2023-10-03,410.946644,413.179942,406.228671,407.591858,103760600
2023-10-04,408.055936,411.304359,406.596064,410.559937,87453000
2023-10-05,410.269877,411.246351,407.185823,410.405243,70142700
2023-10-06,407.959294,416.815158,406.634787,415.277954,113273300
2023-10-09,413.382981,418.507022,412.831929,417.936615,80374400
2023-10-10,418.565027,422.702916,418.168637,420.111908,78607300
2023-10-11,421.175410,422.084172,418.797068,421.832825,62451700
2023-10-12,422.441909,422.818944,416.911830,419.261139,81154200
2023-10-13,420.759690,421.958539,415.606676,417.172882,95143100
2023-10-16,419.415813,422.625586,419.174114,421.562103,75433200
2023-10-17,418.439345,423.592389,418.091313,421.542755,75324700
2023-10-18,419.773521,420.730641,414.842851,415.925659,93559800
2023-10-19,416.641151,418.449056,411.594470,412.271210,121323000
2023-10-20,411.836073,412.377477,407.098746,407.205109,123919900
2023-10-23,405.677606,410.356929,403.927707,406.499390,92035100
2023-10-24,408.616646,410.714608,406.770061,409.564117,78564200
2023-10-25,407.881929,407.910932,403.173603,403.686005,94223200
2023-10-26,402.622490,403.473246,397.933520,398.851959,115156800
2023-10-27,400.437595,400.833985,395.622936,397.044128,107367700
2023-10-30,399.828541,402.844943,398.533037,401.791138,86562700
2023-10-31,402.361505,404.633483,400.456914,404.314453,79665200
2023-11-01,405.281264,409.438479,404.749508,408.626373,98068100
2023-11-02,412.416195,416.612119,412.396869,416.457428,94938900
2023-11-03,418.758404,421.803808,418.632716,420.256927,100167800
2023-11-06,421.010997,421.668412,419.280423,421.223694,67831700
2023-11-07,421.223758,423.060666,420.082945,422.422577,64256100
2023-11-08,423.021930,423.544009,420.430922,422.731903,61746000
2023-11-09,423.872683,423.911363,419.009696,419.435089,83174400
2023-11-10,421.504102,426.289729,419.425465,425.980347,89462200
2023-11-13,424.646163,426.676413,423.863060,425.574280,52236100
2023-11-14,431.500796,435.116607,431.278422,433.830780,97176900
2023-11-15,435.164892,436.392742,433.898390,434.749176,77327600
2023-11-16,434.304501,435.600005,433.241019,435.280975,66665800
2023-11-17,435.290571,436.431413,434.372131,435.822327,83133200
2023-11-20,435.571022,440.018294,435.561344,439.177185,69936200
2023-11-21,438.132993,439.051462,436.953500,438.220001,49244600
2023-11-22,439.873215,441.226724,438.819410,439.911865,59394900
2023-11-24,439.960242,440.375958,439.631535,440.182587,29737400
2023-11-27,439.554170,440.366276,439.003089,439.389832,50506000
2023-11-28,439.003107,441.120394,438.442378,439.824890,62115000
2023-11-29,441.971175,443.102340,439.119142,439.515503,63146000
2023-11-30,440.356596,441.594095,438.287637,441.246033,79752700
2023-12-01,440.636965,444.388141,440.047233,443.856415,89183400
2023-12-04,440.472684,443.875799,439.254511,441.526489,72430900
2023-12-05,440.143979,442.396603,439.766914,441.439484,69793500
2023-12-06,443.576038,443.605040,439.225452,439.660522,69124700
2023-12-07,441.739141,443.663057,441.139732,443.015320,66995400
2023-12-08,442.270878,445.451648,442.029179,444.919922,83194400
2023-12-11,444.426831,446.824498,444.214134,446.650452,65002200
2023-12-12,446.302440,448.787115,445.306641,448.690430,68327600
2023-12-13,449.067471,455.129306,448.709761,454.877930,93278000
2023-12-14,456.811520,458.000691,453.669430,456.337799,119026000
2023-12-15,455.741713,456.916302,453.742040,455.586395,141553700
2023-12-18,457.188139,459.129573,456.130062,458.149139,70375300
2023-12-19,458.692706,461.012733,458.615061,460.935059,55761800
2023-12-20,460.080827,461.964019,454.120642,454.547760,102921000
2023-12-21,457.527851,459.129557,455.110776,458.857758,86667500
2023-12-22,459.983749,461.459258,457.887028,459.779907,67160400
2023-12-26,460.187655,462.624134,460.109981,461.721375,55387000
2023-12-27,461.517539,462.701815,460.983657,462.556213,68000300
2023-12-28,462.915304,463.565667,462.313464,462.730865,77158100
2023-12-29,462.536735,463.060930,459.440147,461.391296,122283100
2024-01-02,458.333593,459.799385,456.712483,458.809235,123623700
2024-01-03,456.654216,457.391970,454.460416,455.062256,103585900
2024-01-04,454.586617,457.168727,453.373221,453.596497,84232200
2024-01-05,453.800312,456.663938,452.771355,454.217743,86118900
2024-01-08,454.712813,460.847750,454.586615,460.702148,74879100
2024-01-09,458.052115,461.022506,457.547353,460.003265,65931400
2024-01-10,460.274992,463.468658,459.993476,462.604706,67310600
2024-01-11,463.604527,464.119006,458.430621,462.400848,77940700
2024-01-12,463.847196,464.584950,461.313640,462.721161,58026400
2024-01-16,461.342783,462.653227,459.207195,461.022430,85014900
2024-01-17,458.003540,458.945136,456.110630,458.459778,68843900
2024-01-18,460.129385,463.090059,458.585949,462.536743,91856200
2024-01-19,463.662832,468.584373,462.585350,468.302856,110834500
2024-01-22,469.836568,471.011127,468.642576,469.292969,75844900
2024-01-23,469.836536,470.904300,468.749338,470.661621,49945300
2024-01-24,473.525296,474.457175,470.681103,471.176178,81765000
2024-01-25,473.302027,474.010661,471.176184,473.738861,72525000
2024-01-26,473.311746,474.796941,472.292505,473.137024,76641600
2024-01-29,473.447656,477.029603,472.904057,476.883972,61322800
2024-01-30,476.194753,477.223710,475.757919,476.515106,58618400
2024-01-31,474.311589,474.758111,468.720252,468.739685,126011100
2024-02-01,470.438391,474.903693,469.632679,474.874573,91891600
2024-02-02,475.311429,481.524010,474.971673,479.873810,99228200
2024-02-05,479.242751,479.902832,475.874364,478.126404,75757100
2024-02-06,479.068036,479.844627,477.641082,479.514587,55918600
2024-02-07,481.757043,483.931439,480.854254,483.514038,70556500
2024-02-08,483.513919,484.106042,482.698521,483.727478,52343600
2024-02-09,484.232287,486.959998,483.892530,486.523193,63979400
2024-02-12,486.494070,488.755827,485.591281,486.309631,56502300
2024-02-13,480.048437,482.533469,476.350010,479.611603,113099200
2024-02-14,482.242340,484.455573,479.922313,483.970215,68387800
2024-02-15,484.669098,487.493887,484.193427,487.309448,61683000
2024-02-16,487.008501,488.144223,484.144875,484.882629,75532900
2024-02-20,483.145045,483.814842,479.970812,482.213165,71736700
2024-02-21,480.912433,482.805312,479.106884,482.649994,59293400
2024-02-22,489.250911,493.599702,488.289881,492.638702,76402500
2024-02-23,494.356794,495.191626,492.250356,492.978394,61321800
2024-02-26,493.415235,493.852069,491.046684,491.172882,50386700
2024-02-27,491.862142,492.308664,489.969233,492.085388,48854500
2024-02-28,490.532239,492.017434,490.173079,491.435028,56506600
2024-02-29,493.192034,494.813114,490.551684,493.201721,83924800
2024-03-01,494.075362,498.259118,493.667648,497.832001,76844800
2024-03-04,497.036012,499.142450,497.006862,497.298065,49799300
2024-03-05,495.298455,495.745006,490.124548,492.328064,72855600
2024-03-06,495.599346,497.074854,493.531744,494.822784,68382400
2024-03-07,498.113478,500.782949,494.880976,499.734558,58652100
2024-03-08,500.365608,503.044736,496.162388,496.735107,86532500
2024-03-11,495.531483,496.890480,493.609453,496.308044,62557200
2024-03-12,498.414470,502.229379,495.900288,501.646973,73114400
2024-03-13,501.967257,502.141979,499.423985,500.860626,55104100
2024-03-14,501.831352,501.986700,496.832197,499.870544,110171800
2024-03-15,496.808195,498.259077,494.773097,496.438171,107646300
2024-03-18,500.498589,501.939694,498.979568,499.388519,88893300
2024-03-19,498.697180,502.446027,497.694207,502.163666,60755300
2024-03-20,502.222107,506.944686,501.550229,506.808350,69594600
2024-03-21,509.641929,510.342988,508.200764,508.483185,60256100
2024-03-22,508.395519,508.882386,507.285450,507.519196,79070800
2024-03-25,506.146216,507.266032,505.961204,506.117035,48512100
2024-03-26,507.538667,507.879510,504.783047,505.182251,65463700
2024-03-27,508.006123,509.466722,505.844405,509.427734,82999800
2024-03-28,509.466690,510.829880,509.047992,509.330353,96294900
2024-04-01,510.070390,510.605931,507.285470,508.444214,62477500
2024-04-02,504.627242,505.347795,502.913463,505.211517,74230300
2024-04-03,504.120869,507.266066,504.072194,505.766479,59155800
2024-04-04,509.768536,510.109318,499.291163,499.593018,96858100
2024-04-05,500.946475,506.769376,500.508283,504.812164,74546500
2024-04-08,505.513331,506.516245,504.286419,505.094574,48401800
2024-04-09,506.827861,507.071294,500.839381,505.678864,68049200
2024-04-10,499.992245,502.601841,498.638802,500.615448,82652800
2024-04-11,502.134427,505.834599,498.629013,504.393494,70099000
2024-04-12,500.858864,502.270788,495.707810,497.431335,92561100
2024-04-15,501.598921,501.764439,490.352290,491.199463,92101400
2024-04-16,491.676555,493.195576,489.018255,490.303589,73484000
2024-04-17,492.757416,492.922963,486.009455,487.401886,75910300
2024-04-18,488.794330,490.887849,485.464151,486.398926,74548100
2024-04-19,486.321048,487.314244,480.887603,482.153473,102212600
2024-04-22,484.753290,489.183791,482.416337,486.593658,67961000
2024-04-23,488.599579,492.796365,486.408681,492.367920,64633600
2024-04-24,493.254033,494.042755,489.914137,492.134247,55928100
2024-04-25,486.067863,491.024159,484.422252,490.264648,69122400
2024-04-26,493.049499,496.486774,492.416579,494.909332,64306100
2024-04-29,496.691290,497.333957,493.925892,496.662079,46415400
2024-04-30,495.201459,496.175192,488.794312,488.794312,77483600
2024-05-01,488.210097,494.841214,486.739751,487.207153,80242800
2024-05-02,490.907362,492.601677,486.428186,491.764252,62550200
2024-05-03,497.733212,499.086685,495.201501,497.859802,72756700
2024-05-06,500.255165,503.040027,499.816974,503.001099,47264700
2024-05-07,503.965073,504.948552,502.884244,503.556122,52561300
2024-05-08,501.725440,504.140277,501.608597,503.604736,42047200
2024-05-09,503.789808,506.545488,503.137423,506.506500,43643700
2024-05-10,508.103428,508.911642,505.941770,507.158936,52233200
2024-05-13,508.833764,508.940860,506.087831,507.227081,36716400
2024-05-14,507.421844,510.070428,506.886303,509.554321,57535900
2024-05-15,512.017880,516.156244,511.384930,515.864136,59504900
2024-05-16,515.961479,517.558415,514.656651,514.802734,50244800
2024-05-17,514.919582,515.610954,513.468730,515.542786,59187600
2024-05-20,515.659599,517.597318,515.270082,516.136719,37764200
2024-05-21,515.377206,517.558357,515.172701,517.402527,33437000
2024-05-22,516.711310,517.422116,513.741377,515.912842,48390000
2024-05-23,518.960599,519.067695,510.936992,512.144470,57211200
2024-05-24,513.984759,516.341235,513.040267,515.533020,41291100
2024-05-28,516.341249,516.574935,513.264220,515.893311,36269600
2024-05-29,511.871811,513.459000,511.569956,512.280762,45190300
2024-05-30,510.742248,511.404379,507.636038,508.882385,46377600
2024-05-31,509.836777,513.644046,504.744114,513.517456,90785800
2024-06-03,515.124081,515.406442,508.872674,513.936096,46835700
2024-06-04,512.631323,515.250666,511.170724,514.510620,34632700
2024-06-05,516.828089,520.645104,514.841636,520.625610,47610400
2024-06-06,520.927446,521.355891,518.687873,520.615845,30808500
2024-06-07,519.642190,522.787387,518.551614,519.983032,43224500
2024-06-10,519.174822,521.911009,518.580860,521.589661,35686100
2024-06-11,520.041409,522.904186,518.074450,522.845764,36383400
2024-06-12,527.402819,529.827404,526.107738,527.139893,63251300
2024-06-13,528.882980,529.058245,525.416494,528.201355,44760900
2024-06-14,526.672589,528.551886,525.669616,528.522705,40089900
2024-06-17,527.840968,534.121555,527.383283,532.729065,55839500
2024-06-18,532.787560,534.209232,532.368863,534.082642,41376400
2024-06-20,535.007685,535.669816,530.859574,532.631775,70328200
2024-06-21,531.810283,533.031375,530.462192,531.917725,64338600
2024-06-24,531.741916,534.301321,530.071440,530.188660,45528700
2024-06-25,531.409685,532.591724,529.895542,532.230286,37936200
2024-06-26,531.116613,533.607630,530.471903,532.894531,38550600
2024-06-27,532.757806,534.311062,532.015372,533.734680,35041500
2024-06-28,534.506350,537.554252,530.393749,531.634338,76144500
2024-07-01,533.011727,533.255945,529.973663,532.728455,40297800
2024-07-02,531.126461,536.313660,531.077629,536.313660,40434800
2024-07-03,536.001010,539.068409,535.961957,538.706970,32789900
2024-07-05,539.009792,542.213908,538.374800,541.813416,41488400
2024-07-08,542.594872,543.386138,541.373780,542.438599,36110500
2024-07-09,543.396014,544.294721,542.673136,542.966187,27289700
2024-07-10,544.187214,548.680810,543.894163,548.338928,38701200
2024-07-11,548.456095,549.325527,542.975847,543.610779,53054200
2024-07-12,544.734264,550.634562,544.265384,547.039673,53084400
2024-07-15,549.032565,551.777579,546.688044,548.544128,40584300
2024-07-16,549.853210,552.090231,549.100998,551.797180,36475300
2024-07-17,545.877213,547.547689,543.737857,544.060242,57119000
2024-07-18,545.593961,546.580613,537.700801,539.879211,56270400
2024-07-19,539.644738,541.266382,535.239027,536.294067,65509100
2024-07-22,540.211376,542.428899,538.277184,541.823242,43346700
2024-07-23,541.715702,543.864837,540.484891,540.973328,34439600
2024-07-24,536.167054,536.469883,527.795237,528.713501,74515300
2024-07-25,528.830752,534.799498,525.020979,525.958740,61158300
2024-07-26,529.739222,534.535646,528.967453,531.849243,53763800
2024-07-29,533.392858,534.399008,530.169126,532.161987,39515800
2024-07-30,533.627252,534.682293,526.066257,529.465759,46853600
2024-07-31,536.284325,540.699815,534.916737,538.072021,65663400
2024-08-01,539.791306,542.038105,526.955167,530.452393,76428700
2024-08-02,523.360300,524.571615,516.375627,520.576233,82789100
2024-08-05,499.807853,511.471731,498.469510,505.415100,146267400
2024-08-06,507.212536,517.499048,505.893779,510.074829,84826300
2024-08-07,516.248598,519.296500,506.069587,506.665466,70698300
2024-08-08,511.793993,519.003328,509.771917,518.378174,63276600
2024-08-09,517.557610,522.148930,516.336518,520.664062,45619600
2024-08-12,521.855947,523.340755,518.671328,520.937683,42542100
2024-08-13,524.122235,529.739261,523.878017,529.504761,52333100
2024-08-14,530.296082,532.357332,527.629235,531.175293,42446900
2024-08-15,536.792337,540.563057,536.186680,540.279785,60846800
2024-08-16,538.667848,542.184630,538.511574,541.491028,44430700
2024-08-19,541.901307,546.668457,541.051431,546.668457,39121800
2024-08-20,546.219268,547.870188,544.441350,545.779663,33732300
2024-08-21,546.824771,549.110623,541.901288,547.655090,41514600
2024-08-22,549.550219,550.155876,542.145497,543.356812,56121500
2024-08-23,546.590339,550.068008,544.402092,549.130188,50639400
2024-08-26,550.156033,550.869132,546.121537,547.821289,35788600
2024-08-27,546.551228,549.061801,545.408302,548.573364,32693900
2024-08-28,548.231470,548.661297,542.204114,545.388733,41066000
2024-08-29,547.352255,550.644316,544.294635,545.437561,38715200
2024-08-30,547.801671,551.152342,544.255613,550.644348,62700100
2024-09-03,547.508426,547.840589,536.801927,539.312500,60600100
2024-09-04,537.476085,541.608243,536.753208,538.208740,47224900
2024-09-05,538.150208,540.992885,534.447817,536.899780,44264300
2024-09-06,537.222118,538.843702,526.964940,527.863647,68493800
2024-09-09,532.054494,535.043727,530.130021,533.773743,40445800
2024-09-10,535.678645,536.450414,530.813831,536.098694,36394600
2024-09-11,536.010699,542.516652,527.472831,541.598389,75248600
2024-09-12,542.174799,546.463290,539.957276,546.160461,51819600
2024-09-13,546.766202,550.009431,546.512205,549.013000,39310500
2024-09-16,548.749255,550.087568,546.951840,549.823853,36656100
2024-09-17,552.031485,553.477299,547.821161,550.048462,49321000
2024-09-18,550.702966,555.538505,547.860289,548.417114,59044900
2024-09-19,557.804786,559.631536,554.942553,557.775452,75315500
2024-09-20,556.409681,557.850062,553.793384,556.811401,77503100
2024-09-23,557.879506,558.849568,556.664416,558.202820,44116900
2024-09-24,558.996426,559.858717,556.174394,559.799927,46805700
2024-09-25,559.643140,560.378043,557.457988,558.565247,38428600
2024-09-26,562.817993,563.141367,558.428193,560.779846,48336000
2024-09-27,561.847886,562.661135,558.937640,559.966492,42100900
2024-09-30,558.937595,562.817903,556.644732,562.210388,63557400
2024-10-01,561.857760,562.504448,554.606694,557.173950,72668800
2024-10-02,556.282303,558.428222,553.891417,557.409119,38097800
2024-10-03,555.939253,558.330139,554.106900,556.390015,40846500
2024-10-04,560.828783,561.818461,556.664334,561.446106,42939100
2024-10-07,559.799969,560.446717,555.223991,556.370422,49964700
2024-10-08,558.937681,562.230091,558.065641,561.632324,37398700
2024-10-09,561.622475,566.080933,561.024769,565.522400,37912200
2024-10-10,564.179915,565.953478,562.925652,564.532654,44138100
2024-10-11,564.454237,568.648111,564.317041,567.913208,42268000
2024-10-14,569.520167,573.488689,569.040040,572.557800,36217200
2024-10-15,572.822550,573.126307,566.894285,568.109375,54203600
2024-10-16,568.109319,571.097912,567.305818,570.578552,30725400
2024-10-17,574.115839,574.321633,570.441325,570.627502,34393700
2024-10-18,572.312897,573.606333,570.852900,572.822449,37416800
2024-10-21,572.097318,573.077188,568.912739,571.881775,36439000
2024-10-22,569.353678,572.734243,568.697182,571.578003,34183800
2024-10-23,569.559420,570.000373,562.857080,566.355225,49314600
2024-10-24,568.305173,568.383579,564.963841,567.580078,34979900
2024-10-25,569.804405,572.695034,566.443457,567.384094,47268200
2024-10-28,570.852896,570.980284,568.834365,569.138123,30174700
2024-10-29,568.177810,571.176211,566.786411,570.059204,42899700
2024-10-30,569.588798,571.577963,567.629057,568.334595,41435800
2024-10-31,563.974167,564.042766,556.997495,557.193481,60182500
2024-11-01,559.819681,563.964514,559.133759,559.545288,45667500
2024-11-04,559.682322,560.975758,556.458571,558.339905,38217000
2024-11-05,559.251138,565.130360,559.035596,565.091187,39478300
2024-11-06,577.339650,580.014677,573.606346,579.142578,68182000
2024-11-07,581.141504,584.639648,581.063097,583.620544,47233200
2024-11-08,584.169385,587.569567,584.169385,586.148743,46444900
2024-11-11,587.736066,588.088805,584.982633,586.707214,37586800
2024-11-12,586.628782,587.226488,582.405543,584.884644,43006100
2024-11-13,585.345193,587.167737,582.983731,585.168823,47388600
2024-11-14,585.296245,585.776372,580.720266,581.406128,38904100
2024-11-15,577.849163,578.319542,572.107137,573.959106,75988800
2024-11-18,574.419589,577.623784,573.557358,576.310791,37001700
2024-11-19,572.940038,579.142575,572.273734,578.417480,49412000
2024-11-20,578.495946,578.897666,572.861690,578.613525,50032600
2024-11-21,581.455080,583.140428,575.624840,581.719604,46750300
2024-11-22,581.709787,584.149714,581.210103,583.522583,38226400
2024-11-25,587.451824,588.764817,583.218778,585.501892,42441400
2024-11-26,586.746408,589.225509,586.031122,588.559204,45621300
2024-11-27,588.373073,588.755177,585.257092,586.775879,34000200
2024-11-29,587.589119,591.204844,587.314787,590.420959,30177400
2024-12-02,590.832439,592.155300,590.342504,591.479187,31746000
2024-12-03,591.244048,591.998508,590.215196,591.753540,26906600
2024-12-04,593.438873,595.672946,592.772568,595.427979,42787600
2024-12-05,595.427990,596.231491,594.095381,594.448120,28762200
2024-12-06,595.212465,596.809658,594.800936,595.575012,31241500
2024-12-09,595.457415,595.623976,591.920097,592.507996,34742700
2024-12-10,593.184168,593.605505,590.009397,590.665894,37234500
2024-12-11,593.585942,596.182562,593.311549,595.232117,28677700
2024-12-12,594.369747,594.938029,592.165039,592.165039,31543800
2024-12-13,594.193404,594.908690,590.675643,592.047485,35904700
2024-12-16,593.801424,595.545622,593.027348,594.575500,43695200
2024-12-17,592.027891,592.988145,590.754072,592.125854,55773500
2024-12-18,591.822176,594.203254,574.096352,574.478516,108248700
2024-12-19,579.456130,581.063131,574.057034,574.302002,85919500
2024-12-20,571.977828,585.722501,571.132258,581.199951,125716700
2024-12-23,580.944331,585.280077,577.768657,584.680359,57635800
2024-12-24,586.027285,591.218442,585.447189,591.179077,33160100
2024-12-26,589.409389,592.339211,588.013307,591.218445,41219100
2024-12-27,587.482380,587.718391,580.816530,584.994995,64969300
2024-12-30,577.994812,581.779985,574.573345,578.319214,56578800
2024-12-31,579.980701,580.698454,574.583117,576.215210,57052700
2025-01-02,579.469549,581.180252,570.729169,574.799500,50204000
2025-01-03,577.640863,582.625474,576.559342,581.986450,37888500
2025-01-06,586.233767,589.606027,583.608665,585.339050,47679400
2025-01-07,587.364379,587.688841,576.903514,578.722351,60393100
2025-01-08,578.791251,580.639612,575.350161,579.567932,47304700
2025-01-10,576.018590,576.087419,568.811951,570.719299,73105000
2025-01-13,566.078847,571.958174,565.665873,571.604248,47910100
2025-01-14,574.524144,575.153386,568.615294,572.390686,48420600
2025-01-15,580.393716,583.942939,579.282731,582.802490,56900200
2025-01-16,584.169086,584.346049,580.983631,581.681702,43319700
2025-01-17,586.912169,589.271737,585.584856,587.521729,58070600
2025-01-21,590.559652,592.909438,588.593315,592.899597,42532900
2025-01-22,595.721277,597.589321,595.170705,596.232544,48196000
2025-01-23,595.603229,599.486755,595.327973,599.486755,41152100
2025-01-24,599.545750,600.499454,596.586404,597.736694,34604700
2025-01-27,584.798371,589.596237,584.631249,589.281616,70361100
2025-01-28,590.510529,595.180579,587.197257,594.344910,44433300
2025-01-29,593.558306,593.961438,589.134049,591.680481,37177400
2025-01-30,593.794422,596.389942,590.608906,594.856201,39281300
2025-01-31,597.274696,599.693311,590.933249,591.690308,66566900
2025-02-03,582.694302,590.186039,580.551003,587.708496,65857200
2025-02-04,587.767535,592.162269,587.226805,591.651062,33457800
2025-02-05,590.530167,594.197365,588.504843,594.049866,30653100
2025-02-06,595.790101,596.242380,592.486670,596.114563,35771500
2025-02-07,596.675005,597.894124,589.950108,590.658020,50788500
2025-02-10,593.863166,595.308395,592.594841,594.669312,26048700
2025-02-11,592.408028,595.662313,592.290053,595.121582,30056700
2025-02-12,589.114514,594.374441,588.436125,593.204468,45076100
2025-02-13,594.305469,599.673589,593.047045,599.467102,40921300
2025-02-14,599.673695,600.706010,598.818343,599.437744,26910400
2025-02-18,600.597792,601.197510,598.139871,601.197510,26749000
2025-02-19,599.811337,602.908281,599.300070,602.613342,31011100
2025-02-20,601.246711,601.384369,596.802831,600.106262,36554000
2025-02-21,599.889993,600.027651,589.379921,589.842041,76519800
2025-02-24,591.886935,592.879944,586.449986,587.157898,50737200
2025-02-25,587.098907,587.826442,579.636634,584.237854,58266500
2025-02-26,585.899516,589.488105,581.898014,584.532898,43321600
2025-02-27,586.803887,587.954237,574.809283,575.202515,74196700
2025-02-28,575.704049,584.709844,572.636568,584.178955,88744100
2025-03-03,586.145245,587.285753,570.139296,573.944153,74249200
2025-03-04,569.952517,575.536906,562.618060,567.150452,109648200
2025-03-05,566.983256,575.035406,563.434034,573.246033,71230500
2025-03-06,565.793586,570.404647,560.523820,563.070251,80094900
2025-03-07,561.290733,567.671485,556.109417,566.226196,81158800
2025-03-10,558.036489,559.953619,546.238470,551.144470,99326600
2025-03-11,549.984394,554.526627,542.728607,546.562927,88102100
2025-03-12,552.707700,553.631881,544.370452,549.463257,69588200
2025-03-13,549.089617,549.699177,540.427908,542.138611,74079400
2025-03-14,546.749735,554.339826,542.207502,553.336975,62660300
2025-03-17,553.317344,560.120913,552.884747,557.604004,49008700
2025-03-18,555.293371,555.509699,549.649995,551.577026,66041400
2025-03-19,553.356738,561.340061,552.176924,557.584351,66556000
2025-03-20,553.848185,560.966313,553.130431,555.971802,62958200
2025-03-21,551.520590,557.052743,550.287933,556.155334,83763000
2025-03-24,562.880651,567.170335,562.289000,566.115173,58766800
2025-03-25,567.318199,568.412785,565.730551,567.476013,38355700
2025-03-26,567.209762,568.333960,559.320755,560.701355,51848300
2025-03-27,559.310930,562.979350,557.102017,559.212341,42164200
2025-03-28,557.683801,558.413525,547.368903,547.950684,71662700
2025-03-31,542.201606,552.930661,539.282652,551.628967,95328200
2025-04-01,549.715890,555.129711,545.998176,553.187012,54609600
2025-04-02,547.349162,559.547534,547.112501,556.687805,76014500
2025-04-03,537.547015,540.367320,529.253723,529.253723,125986000
2025-04-04,516.404555,518.574044,498.052765,498.269714,217965100
2025-04-07,482.402917,515.911455,475.115433,497.382172,256611400
2025-04-08,514.619647,517.696355,482.373348,489.591797,165816600
2025-04-09,486.593999,541.008423,486.209396,541.008423,241867300
2025-04-10,524.786541,526.098105,502.253591,517.301880,162331200
2025-04-11,515.753635,528.987426,512.854423,526.531982,97866300
2025-04-14,536.501730,536.728580,526.453105,531.640137,68034000
2025-04-15,532.182540,535.693146,529.362234,530.151123,56892900
2025-04-16,524.303441,530.427305,513.071452,518.366943,83484800
2025-04-17,520.319421,523.800414,516.641131,519.106445,79868100
2025-04-21,513.929300,514.461847,501.405521,506.750336,69368100
2025-04-22,512.923595,521.956483,511.986763,519.934937,75948100
2025-04-23,532.931955,537.862584,526.472843,527.991455,90590700
2025-04-24,529.273457,539.834887,528.021118,539.105164,64150400
2025-04-25,539.065734,543.404651,536.146779,543.000366,61119600
2025-04-28,543.740005,545.870011,537.458388,543.207458,47613800
2025-04-29,541.294298,547.743599,540.939307,546.629272,47775100
2025-04-30,539.972984,548.798823,534.006934,546.846252,93101500
2025-05-01,552.595343,556.244021,550.120157,550.721680,63186100
2025-05-02,556.894803,560.494186,554.577432,558.896667,60717300
2025-05-05,554.764873,558.788283,553.906948,555.691833,38659200
2025-05-06,550.189194,555.533980,549.232681,551.047119,48264700
2025-05-07,552.378437,555.997502,548.325414,553.364563,55588000
2025-05-08,557.397771,562.397437,553.906907,557.220276,65130800
2025-05-09,558.620579,559.626446,554.952219,556.510315,37603400
2025-05-12,573.402620,574.911421,569.034089,574.901550,78993600
2025-05-13,575.315777,580.907155,574.753738,578.698242,67947200
2025-05-14,579.654663,580.808413,577.416138,579.437744,66283500
2025-05-15,577.435843,582.770757,576.982203,582.267883,71268100
2025-05-16,583.046910,586.251819,581.104271,585.955994,76052100
2025-05-19,579.940574,587.277353,579.940574,586.596924,68168500
2025-05-20,584.861416,585.808058,581.419786,584.624695,60614500
2025-05-21,580.275915,584.358490,573.747766,574.773315,95197700
2025-05-22,574.576096,578.481176,573.343439,575.000183,70860400
2025-05-23,567.988799,573.737930,567.614067,571.075378,76029000
2025-05-27,577.938767,583.106057,570.404751,582.948303,72588500
2025-05-28,583.352624,584.545858,578.846021,579.575745,68445500
2025-05-29,584.831835,584.969907,577.938825,581.863586,69973300
2025-05-30,580.759129,582.928618,575.148070,581.212769,90601200
2025-06-02,579.605359,584.565541,576.942807,584.486694,61630500
2025-06-03,584.121791,588.796018,583.638539,587.819763,63606200
2025-06-04,588.677726,589.653981,587.228090,587.661987,57314200
2025-06-05,589.338372,590.689360,582.849648,584.821899,92278700
2025-06-06,590.354133,592.494070,588.579119,590.827515,66588700
2025-06-09,591.399348,592.908149,590.186432,591.359924,53016400
2025-06-10,591.892403,595.097312,590.778136,594.712769,66247000
2025-06-11,595.807477,596.665402,590.955754,593.016724,73658200
2025-06-12,591.685373,595.373474,591.202181,595.373474,64129000
2025-06-13,590.196291,593.499788,587.218172,588.717102,89506000
2025-06-16,592.070024,596.063822,591.892468,594.318359,79984100
2025-06-17,591.882678,593.401291,588.480532,589.239868,82209400
2025-06-18,590.137188,592.878587,588.194489,589.151062,76605000
2025-06-20,591.822440,592.890621,586.362913,587.767395,94051400
2025-06-23,588.519013,593.958739,585.403570,593.573059,87426000
2025-06-24,597.707269,601.188653,596.797308,600.130432,67735300
2025-06-25,601.247996,601.940337,598.903973,600.466675,62114800
2025-06-26,602.316108,605.599731,601.702907,605.164551,78548400
2025-06-27,606.163543,609.635087,604.136020,608.171265,86258400
2025-06-30,610.614281,612.434083,608.299898,611.079102,92502500
2025-07-01,609.605385,612.048348,608.774624,610.881287,70030100
2025-07-02,610.475791,613.690175,609.852690,613.650635,66510400
2025-07-03,615.628656,619.416701,615.608856,618.487000,51065800
2025-07-07,616.528675,617.191376,611.098849,613.878052,74814500
2025-07-08,614.540690,615.292371,612.730788,613.541809,59024600
2025-07-09,615.945228,617.873810,614.105565,617.221069,66113300
2025-07-10,617.359489,620.000212,616.182528,618.961731,57529000
2025-07-11,615.915467,618.012229,614.718765,616.785828,63670200
2025-07-14,616.330887,618.308970,614.985806,617.962830,51898500
2025-07-15,620.643129,620.979369,615.242942,615.322083,74317300
2025-07-16,616.904552,617.883693,611.276905,617.379272,88987500
2025-07-17,617.557285,621.513449,617.339664,621.157349,68885700
2025-07-18,622.403575,622.571695,619.594732,620.702454,65621600
2025-07-21,621.879395,624.618997,621.454114,621.879395,63375000
2025-07-22,622.205744,622.828845,619.327661,621.968384,60046300
2025-07-23,624.628943,627.259827,622.828881,627.259827,70511000
2025-07-24,627.645427,629.178489,627.042127,627.467407,71307100
2025-07-25,628.130181,630.592884,627.882921,630.118103,56865400
2025-07-28,630.493899,631.047760,628.575157,629.959839,54917100
2025-07-29,631.354443,631.670944,627.388439,628.298340,60556300
2025-07-30,628.950980,630.691702,624.618976,627.507019,80418900
2025-07-31,632.452266,632.837946,623.857496,625.153137,103385200
2025-08-01,619.436503,619.476103,612.503314,614.906677,140103600
2025-08-04,618.813326,624.302492,618.724346,624.253052,73218000
2025-08-05,624.866279,625.677300,620.168334,621.088135,68051400
2025-08-06,622.156295,626.498200,621.246394,625.845459,64357500
2025-08-07,629.267492,629.999373,622.215625,625.321228,74205800
2025-08-08,627.111401,630.662085,626.794901,630.197205,64051600
2025-08-11,630.474151,631.947812,627.704787,628.950989,58742300
2025-08-12,631.295045,635.805071,629.811484,635.646851,64730800
2025-08-13,637.842494,639.108495,635.636951,637.822754,60092800
2025-08-14,635.745717,638.544721,635.300697,637.882080,59327500
2025-08-15,638.910715,639.009655,635.478771,636.388672,68592500
2025-08-18,635.814942,636.942463,635.142401,636.250122,43804900
2025-08-19,636.072125,637.051266,631.482959,632.798401,69750700
2025-08-20,632.392906,632.650006,626.013579,631.117004,88890300
2025-08-21,629.307185,630.978607,626.864222,628.585144,54805800
2025-08-22,630.770850,639.415059,630.266429,638.238098,84083200
2025-08-25,636.982062,638.218364,635.310580,635.429260,51274300
2025-08-26,635.162199,638.435922,634.539098,638.089722,51581600
2025-08-27,637.506279,640.275582,637.357898,639.543701,48341100
2025-08-28,640.146951,642.362393,638.267809,641.808533,61519500
2025-08-29,640.374481,640.740482,636.091976,637.981018,74522200
2025-09-02,630.513694,633.470917,627.961951,633.253357,81983500
2025-09-03,635.627082,637.150245,633.441340,636.685364,70820900
2025-09-04,637.357842,642.036048,636.457842,642.006348,65219200
2025-09-05,644.340497,645.062538,636.279848,640.146973,85178900
2025-09-08,641.511823,642.718485,640.137042,641.719543,63133100
2025-09-09,641.857983,643.727285,640.127161,643.203125,66133900
2025-09-10,646.457021,647.376822,643.499798,645.062500,78034500
2025-09-11,647.011013,651.115559,646.427513,650.423218,69934400
2025-09-12,650.393365,651.886826,649.701084,650.205444,72780100
2025-09-15,652.411073,653.795694,652.114373,653.667114,63772400
2025-09-16,654.221012,654.527673,651.985830,652.767151,61169000
2025-09-17,652.777037,654.468258,647.129590,651.956116,101952200
2025-09-18,654.636440,657.603563,653.034198,655.002380,90459200
2025-09-19,656.887783,659.089513,654.943866,658.246521,97945600
2025-09-22,656.758829,661.806972,656.729047,661.360718,69452200
2025-09-23,661.241729,661.856690,656.540686,657.760620,81708900
2025-09-24,659.049861,659.149015,654.249604,655.667847,68082200
2025-09-25,652.533863,653.991755,649.032839,652.642944,89622100
2025-09-26,654.090941,656.927427,652.474330,656.381958,69179200
2025-09-29,658.901090,659.813574,656.421632,658.226685,73499000
2025-09-30,657.482820,661.172285,656.173659,660.706116,86288000
2025-10-01,657.720875,663.869943,657.611793,662.957520,72545400
2025-10-02,664.941004,665.060013,661.301177,663.721069,56896000
2025-10-03,664.484863,667.152763,662.669883,663.711304,70494400
2025-10-06,666.101419,666.984121,663.959194,666.091492,54623300
2025-10-07,667.013830,667.460144,662.183851,663.621948,72020100
2025-10-08,664.742677,667.678377,663.919480,667.579163,60702200
2025-10-09,667.995785,668.402389,663.711274,665.645203,66501900
2025-10-10,666.607197,668.412249,647.475722,647.654236,159422600
2025-10-13,655.221603,659.664772,654.348829,657.591919,79560500
2025-10-14,651.770154,660.359030,647.803021,656.788574,88779600
2025-10-15,661.340873,664.722827,653.515689,659.704407,81702600
2025-10-16,661.340821,663.215306,651.710585,655.211609,110563300
2025-10-17,654.081013,660.289585,652.732202,658.930847,96500900
2025-10-20,661.836780,666.686614,661.787203,665.784058,60493400
2025-10-21,665.922901,667.460152,664.474875,665.774109,56249000
2025-10-22,666.478307,666.478307,657.849781,662.312805,80564000
2025-10-23,662.630190,667.182502,662.312812,666.240295,65604500
2025-10-24,670.901694,672.895127,670.098352,671.685181,74356500
2025-10-27,677.120172,679.907081,676.515199,679.609558,63339800
2025-10-28,681.404623,683.249325,679.202894,681.414551,61738100
2025-10-29,683.060910,684.032899,677.259003,681.741882,85657100
2025-10-30,678.280584,680.303800,674.244019,674.244019,76335800
2025-10-31,679.411122,679.450832,673.658792,676.455627,87164100
2025-11-03,680.035909,680.164845,674.353011,677.725098,57315000
2025-11-04,670.554497,674.372898,669.037100,669.691650,78427000
2025-11-05,669.433779,675.265468,668.630437,672.012451,74402400
2025-11-06,670.911543,671.814099,663.225223,664.802185,85035300
2025-11-07,662.421872,665.565868,655.776973,665.456726,100592400
2025-11-10,671.675197,676.574608,669.483395,675.840698,75842900
2025-11-11,674.363013,677.953263,673.153006,677.387939,58953400
2025-11-12,679.163219,679.331866,675.354806,677.764832,62312500
2025-11-13,674.908514,675.265541,665.010536,666.518005,103457800
2025-11-14,659.912646,670.108145,657.819998,666.408813,96846700
2025-11-17,664.197233,668.174293,656.729076,660.200317,90456100
2025-11-18,656.659611,659.654815,650.470894,654.656250,114467500
2025-11-19,655.350528,661.856623,653.337179,657.185303,94703000
2025-11-20,667.380821,670.009071,646.533579,647.168335,165293500
2025-11-21,649.667530,659.089470,645.502029,653.614868,123956200
2025-11-24,657.244820,664.554257,656.153882,663.235168,80437900
2025-11-25,663.136062,670.653796,659.020137,669.473572,81077100
2025-11-26,672.062071,676.098636,671.159515,674.095215,71879600
2025-11-28,675.265479,678.052387,674.908451,677.774719,49212000
2025-12-01,673.232334,677.377980,673.162902,674.680359,61201200
2025-12-02,676.316742,678.201154,673.748058,675.929993,62953800
2025-12-03,674.977902,679.282208,674.105128,678.270630,57238500
2025-12-04,679.668976,679.738408,675.741553,678.766479,61970300
2025-12-05,679.837562,682.733613,678.954921,680.055786,79241000
2025-12-08,680.948395,680.997972,675.969625,678.012695,55231500
2025-12-09,677.536754,679.758339,676.981358,677.427612,58310100
2025-12-10,676.951566,683.308870,675.711837,681.920410,85671300
2025-12-11,679.510347,683.586562,676.564720,683.507202,86173700
2025-12-12,682.515446,683.219634,673.589397,676.158142,113160300
2025-12-15,680.105440,680.125296,673.668777,675.136597,90811000
2025-12-16,673.648898,675.483733,669.433819,673.291870,122030600
2025-12-17,674.303469,674.848938,665.684871,665.883240,110625200
2025-12-18,672.032280,675.146494,669.354514,670.911560,108650100
2025-12-19,673.013454,677.489666,672.894033,676.992310,103599500
2025-12-22,680.324590,681.737067,676.992323,681.209900,69556700
2025-12-23,680.304621,684.562025,680.254897,684.323303,64840000
2025-12-24,684.313382,687.178163,684.164151,686.730530,39445600
2025-12-26,686.989161,688.003728,685.626408,686.660889,41613300
2025-12-29,683.905508,685.556767,682.443308,684.213867,62559500
2025-12-30,683.816033,684.920151,682.950637,683.378357,47160700
2025-12-31,683.507684,683.726492,678.106396,678.315247,74144800
2026-01-02,682.085206,683.239047,676.226327,679.558594,89377200
2026-01-05,682.910779,685.785516,682.751651,684.084534,71927200
2026-01-06,684.293460,688.660268,684.144289,688.152954,69273800
2026-01-07,688.530942,690.291605,685.676118,685.934753,75588300
2026-01-08,685.178757,686.969230,683.855771,685.865112,64019200
2026-01-09,686.979183,691.634436,685.536836,690.401001,80125500
2026-01-12,687.028931,692.410367,686.979207,691.485229,63976000
2026-01-13,691.813479,692.410343,687.695349,690.102600,78309700
2026-01-14,687.347264,688.063429,682.413461,686.710632,94676700
2026-01-15,690.898389,691.773742,687.595932,688.580688,77862000
2026-01-16,689.993151,690.580059,686.451972,688.003723,79289200
2026-01-20,677.887473,681.150163,672.993498,673.998169,111623300
2026-01-21,676.057251,685.099166,674.545267,681.776855,127844500
2026-01-22,686.203348,687.476611,683.288843,685.337952,77112200
2026-01-23,684.512301,687.307444,683.527483,685.586548,63059600
2026-01-26,686.839905,690.460678,686.272911,689.068054,60473800
2026-01-27,690.510404,692.848018,689.903643,691.813477,55506100
2026-01-28,693.365224,694.151086,690.271678,691.743835,61172200
2026-01-29,692.708769,693.375210,681.209879,690.371155,97486200
2026-01-30,688.133032,690.540283,683.487735,688.312073,101835100
2026-02-02,685.934810,693.245932,685.775621,691.733948,79286500
2026-02-03,692.529690,693.275726,680.414084,685.885010,107904600
2026-02-04,686.700666,687.794888,678.156108,682.562683,105204600
2026-02-05,677.340421,680.075884,672.217621,674.037964,113610800
2026-02-06,677.857687,688.650307,677.250865,686.969238,89127600
2026-02-09,685.775594,692.191511,684.701347,690.281677,73885200
2026-02-10,691.276361,692.857922,688.003714,688.461304,65185700
2026-02-11,692.708760,693.454795,685.536852,688.302185,76353900
2026-02-12,690.570110,691.674228,676.773434,677.668701,118829000
2026-02-13,678.086438,682.652201,673.938498,678.146118,96267500
2026-02-17,676.544660,681.319274,672.207722,679.240295,81354700
2026-02-18,680.404150,685.507037,679.220438,682.662109,73570300
2026-02-19,680.225063,682.552659,677.947129,680.861633,58649400
2026-02-20,678.713182,686.412258,678.126274,685.785583,100034000
2026-02-23,684.194021,686.352533,676.773435,678.782776,90558100
2026-02-24,678.295350,684.711205,676.405370,683.716492,73798700
2026-02-25,686.531569,690.013068,686.451975,689.485901,56369500
2026-02-26,689.615191,689.635044,680.732344,685.656189,71671000
2026-02-27,679.479075,683.229105,678.036728,682.363708,83308900
2026-03-02,675.112314,684.979858,674.435916,682.751709,87477200
2026-03-03,671.491542,679.001620,666.120063,676.733704,105003100
2026-03-04,678.026742,683.457901,676.027357,681.508240,79182200
2026-03-05,678.474445,681.906220,672.038615,677.708496,106606500
2026-03-06,669.850207,672.535947,666.219538,668.825684,100687000
2026-03-09,662.867365,676.325812,658.888510,674.684570,102667700
2026-03-10,674.137404,679.747605,671.193090,673.600281,81505300
2026-03-11,673.998214,676.484999,669.780637,672.754822,68441700
2026-03-12,667.612079,668.099539,662.350064,662.539062,108882200
2026-03-13,665.732145,668.785924,657.863925,658.789001,97200200
2026-03-16,664.846820,668.517316,663.593471,665.493408,82023100
2026-03-17,668.835597,670.874748,666.159815,667.244019,87128000
2026-03-18,664.826892,666.179688,657.694811,657.933533,82062600
2026-03-19,653.497138,659.475378,651.706665,656.312195,111272500
2026-03-20,654.823042,655.002572,643.063299,646.903442,163617500
2026-03-23,656.379013,660.917309,652.259621,653.695923,134802700
2026-03-24,649.646381,655.341731,648.210079,651.501587,96457500
2026-03-25,656.977424,659.191751,652.558815,655.132202,90653800
2026-03-26,650.384433,653.167242,643.163047,643.432373,96494400
2026-03-27,640.848995,641.008557,631.483109,632.460632,103649400
2026-03-30,638.465168,638.724509,627.663040,630.346069,99275900
2026-03-31,637.298154,649.865752,636.340599,648.668884,152534100
2026-04-01,652.219752,656.827875,651.322040,653.556274,97841500
2026-04-02,644.758922,656.508680,643.452290,654.144775,68358700
2026-04-06,654.174698,658.024765,653.835605,657.236816,39105800
2026-04-07,654.962659,657.915013,649.386996,657.526001,69980400
2026-04-08,674.651978,675.340207,669.734653,674.272949,93606100
2026-04-09,673.105924,679.409630,672.038666,678.162842,57134400
2026-04-10,679.569256,680.277454,676.706636,677.714050,42253500
2026-04-13,675.669302,684.536473,674.841479,684.336975,54185800
2026-04-14,685.922914,692.795224,685.892962,692.675537,63480500
2026-04-15,693.473452,698.480572,692.416178,698.141418,58240400
2026-04-16,699.258561,700.974173,696.735093,699.856995,49972400
2026-04-17,704.325525,710.559465,703.946497,708.315247,70661900
2026-04-20,706.958708,708.085748,704.325477,706.898804,43546800
2026-04-21,708.454894,709.452324,700.834511,702.270813,58941400
2026-04-22,707.327803,709.621881,706.400139,709.382507,42518500
2026-04-23,707.676867,710.529504,700.475449,706.629578,56174000
2026-04-24,708.923663,712.634075,707.188144,712.105469,45182000
2026-04-27,711.337415,713.791115,710.469655,713.332275,33135900
2026-04-28,709.990877,711.048151,707.427474,709.861206,43117400
2026-04-29,709.172999,710.369928,706.549752,709.751526,41859200
2026-04-30,712.793681,717.940395,708.624429,716.813293,67240900
2026-05-01,719.396652,723.007345,718.618627,718.798218,43049800
2026-05-04,718.219682,720.264402,713.152719,716.164978,51950600
2026-05-05,719.915356,723.176912,719.636047,721.910217,36933200
2026-05-06,726.288862,732.702393,725.949770,731.944336,53288900
2026-05-07,733.161188,734.238430,727.874820,729.700134,51724600
2026-05-08,733.041519,736.183449,732.682459,735.724609,47227100
2026-05-11,734.557616,738.886430,734.557616,737.400269,44024000
2026-05-12,734.996479,736.941480,729.949484,736.283142,54185300
2026-05-13,736.572367,741.998391,733.580076,740.402527,44200200
2026-05-14,741.739153,747.604049,741.649358,746.247498,45307600
2026-05-15,739.883893,741.549645,736.063778,737.270630,60410800
2026-05-18,737.928914,739.514794,731.505460,736.751953,47843900
2026-05-19,732.891955,735.754576,729.650306,731.844604,54255900
2026-05-20,733.819533,739.963678,732.004203,739.345276,45768000
2026-05-21,736.741990,742.955962,735.136142,740.811462,43332200
2026-05-22,744.322433,747.015507,742.566946,743.723999,41762000
2026-05-26,748.082789,750.197337,746.446989,748.661316,41123600
2026-05-27,748.950520,749.449235,746.297321,748.531616,42106300
2026-05-28,748.322152,753.209585,747.304753,752.660950,41562600
2026-05-29,753.957667,756.132058,752.750754,754.536133,55075700
2026-06-01,753.418999,758.326400,752.750738,756.590820,43634900
2026-06-02,755.084774,758.446109,754.805464,757.618225,31581900
2026-06-03,756.201867,756.850160,751.633619,752.301880,51402500
2026-06-04,750.167364,756.361428,749.538978,755.144592,49923000
2026-06-05,750.376868,750.885567,733.640017,735.654785,93989400
2026-06-08,741.449811,743.424764,736.293113,737.320435,49319100
2026-06-09,741.719176,744.980793,720.733262,735.156067,87683500
2026-06-10,731.505486,736.482654,723.466199,723.565918,60341300
2026-06-11,726.887384,738.098492,722.548526,735.864258,86330500
2026-06-12,738.806688,742.527084,733.141291,739.843994,57079500
2026-06-15,749.917997,754.735603,749.828262,752.890381,60176400
2026-06-16,752.611105,753.498832,747.953122,748.401978,67093100
2026-06-17,749.359442,750.217279,737.320450,739.056030,85945200
2026-06-18,747.760010,748.229980,743.859985,746.739990,80875700
2026-06-22,747.700012,750.179993,743.130005,744.390015,46628100
2026-06-23,733.809998,739.630005,732.299988,733.580017,66846800
2026-06-24,735.169983,739.950012,730.840027,733.239990,57439500
2026-06-25,738.909973,739.369995,729.599976,734.299988,53934400
2026-06-26,728.950012,736.530029,716.580017,728.989990,71034000
2026-06-29,736.530029,741.559998,732.090027,741.000000,58035200
2026-06-30,741.289978,748.020020,740.890015,746.770020,55626000
2026-07-01,745.000000,749.440002,742.380005,745.760010,47100900
2026-07-02,747.400024,751.309998,740.030029,744.780029,57447800
2026-07-06,748.739990,752.409973,747.409973,751.280029,50673300
2026-07-07,750.219971,750.960022,745.210022,747.710022,43721500
2026-07-08,743.159973,746.150024,739.510010,745.400024,43767400
2026-07-09,747.349976,751.969971,745.590027,751.710022,41441700
2026-07-10,752.049988,755.419983,748.099976,754.950012,42191300
2026-07-13,752.469971,753.909973,748.000000,749.169983,44013600
2026-07-14,750.909973,753.340027,748.659973,751.830017,35143100
2026-07-15,754.239990,755.580017,750.200012,754.809998,43844800
2026-07-16,752.760010,754.570007,747.880005,750.719971,46409800
2026-07-17,742.080017,747.289978,740.799988,743.289978,62651000
2026-07-20,747.059998,748.729980,741.510010,742.090027,50422300
2026-07-21,746.289978,749.039978,744.179993,748.280029,34324300
2026-07-22,746.619995,750.020020,746.369995,747.409973,32696300
